path,git_mode,size_bytes,sha256,file_type,language,is_binary,scan_status,direct_detection,effective_license,basis,confidence,scan_errors
.clang-format,100644,2093,bb93a6285042e7341e924f477f200fa4e2c26362db88ccbd1b9c2c5c10d75fb8,UTF-8 Unicode (with BOM) text,VB.net,False,scanned,NONE,Apache-2.0 (effective 2026-01-01; formerly BUSL-1.1),root LICENSE.txt and COPYING,high,
.clangd,100644,170,972218475ecb9c9f076f103eacb057f3371211a63c8f0f8f30eb6116b35f2d35,ASCII text,Haxe,False,scanned,NONE,Apache-2.0 (effective 2026-01-01; formerly BUSL-1.1),root LICENSE.txt and COPYING,high,
.dockerignore,100644,17,f13203b23c2df2967e0c20554b919cbfbc0987b7480e0e5d52f6e54f4b58bc3d,ASCII text,GAS,False,scanned,NONE,Apache-2.0 (effective 2026-01-01; formerly BUSL-1.1),root LICENSE.txt and COPYING,high,
.drone.jsonnet,100644,14362,b3d450b9c50bd6c087ab22cae55e91435b216ccecf501399e5597ee25ea09a9d,ASCII text,,False,scanned,NONE,Apache-2.0 (effective 2026-01-01; formerly BUSL-1.1),root LICENSE.txt and COPYING,high,
.drone.yml,100644,10035,4fd781983dd62d3fb5f34e732bf6a36c1c138f6ee9f04efcc2def582ecaf3872,ASCII text,,False,scanned,NONE,Apache-2.0 (effective 2026-01-01; formerly BUSL-1.1),root LICENSE.txt and COPYING,high,
.gitattributes,100644,201,a786dc8eb3dcffeaf29ea06cdbc6eb658b1f88564bcbe3e8e6b3aa544b16e8ed,unscanned Git metadata,,False,scope-only,NONE,Apache-2.0 (effective 2026-01-01; formerly BUSL-1.1),root LICENSE.txt and COPYING,high,
.github/ISSUE_TEMPLATE/bugs-and-issues.md,100644,1157,aa2f787173724621199eb89388386a8647150d7080354690a1a9b80cf9c93eb2,ASCII text,,False,scanned,NONE,Apache-2.0 (effective 2026-01-01; formerly BUSL-1.1),root LICENSE.txt and COPYING,high,
.github/ISSUE_TEMPLATE/feature_request.md,100644,326,1ca9e4b88c43b7aaf64a6a0089afeaa4a197ea564308f8867d9c1d11d33f39dc,ASCII text,,False,scanned,NONE,Apache-2.0 (effective 2026-01-01; formerly BUSL-1.1),root LICENSE.txt and COPYING,high,
.github/ISSUE_TEMPLATE/game-connection-issue.md,100644,670,dbdbcfc8e3f11829a6f4911e51c4d39d17f7845f3121adbec8de5a93fd1a3d14,"ASCII text, with very long lines",,False,scanned,NONE,Apache-2.0 (effective 2026-01-01; formerly BUSL-1.1),root LICENSE.txt and COPYING,high,
.github/workflows/build.yml,100644,3484,7ccf159b2de15e1e7eac3ee266b206159507a36e2f69a3ae730b43e146a80ee2,ASCII text,,False,scanned,NONE,Apache-2.0 (effective 2026-01-01; formerly BUSL-1.1),root LICENSE.txt and COPYING,high,
.github/workflows/validate-linux.sh,100755,14136,0801e51f7794b47d1fc7107746ad32621f064210be5c8dfbca6b9ff8622d1d1b,"Bourne-Again shell script, ASCII text executable",Bash,False,scanned,NONE,Apache-2.0 (effective 2026-01-01; formerly BUSL-1.1),root LICENSE.txt and COPYING,high,
.github/workflows/validate-report.sh,100755,749,f4952f3cda038070af439ed52546b62934ecae753af9c420c2c0f3885dba2efc,"Bourne-Again shell script, ASCII text executable",Bash,False,scanned,NONE,Apache-2.0 (effective 2026-01-01; formerly BUSL-1.1),root LICENSE.txt and COPYING,high,
.github/workflows/validate.yml,100644,1400,4f0bee218532c8316337badb4c179fa6b6436d4d4bf0273c726c9d6629423786,ASCII text,,False,scanned,NONE,Apache-2.0 (effective 2026-01-01; formerly BUSL-1.1),root LICENSE.txt and COPYING,high,
.gitignore,100755,2173,20c90c5607f6c96b76817ed3a5cfca272c417f0fc1355ffef76154b13ce7401a,unscanned Git metadata,,False,scope-only,NONE,Apache-2.0 (effective 2026-01-01; formerly BUSL-1.1),root LICENSE.txt and COPYING,high,
.kick,100644,70,e3c4abfb64352804eba3878dedd3c7e6b453009341c0ae0d2f1b73762a7681b6,ASCII text,,False,scanned,NONE,Apache-2.0 (effective 2026-01-01; formerly BUSL-1.1),root LICENSE.txt and COPYING,high,
AUTHORS.md,100644,2793,f9c8054dd74812aa442435839b0666dfa5ac984f481595dd7c51abc80632f8dd,ASCII text,,False,scanned,BSD-2-Clause AND MIT AND JSON AND GPL-2.0-only,Apache-2.0 (effective 2026-01-01; formerly BUSL-1.1),root LICENSE.txt and COPYING,high,
CMakeLists.txt,100644,323,d3e558200127b396f354f8481525dc16fdb5d0d5ee1d07f5dcb24624ddadfdb0,ASCII text,,False,scanned,NONE,Apache-2.0 (effective 2026-01-01; formerly BUSL-1.1),root LICENSE.txt and COPYING,high,
COPYING,100644,324,aead34d59d5aa684d7f2357338ae6a9928d42f7f256b66555c879435374007ff,UTF-8 Unicode text,,False,scanned,LicenseRef-scancode-unknown-license-reference,Apache-2.0 (effective 2026-01-01; formerly BUSL-1.1),root LICENSE.txt and COPYING,high,
Dockerfile.ci,100644,655,769b41a12cb48ae0f131a70c553325539fa9ce3c977f0a5e577e1c22fa188735,ASCII text,,False,scanned,NONE,Apache-2.0 (effective 2026-01-01; formerly BUSL-1.1),root LICENSE.txt and COPYING,high,
Dockerfile.release,100644,887,23a8938a80d45df6813bf2d44de0d2265889630313b907a9dea5c17126949698,ASCII text,,False,scanned,NONE,Apache-2.0 (effective 2026-01-01; formerly BUSL-1.1),root LICENSE.txt and COPYING,high,
LICENSE.txt,100644,6969,9829732b1235263c7e85cfbb8cf794fab5b29467a30564c034028a1060d779e9,UTF-8 Unicode text,,False,scanned,BUSL-1.1 AND (LicenseRef-scancode-unknown-license-reference AND LicenseRef-scancode-free-unknown) AND Apache-2.0,Apache-2.0 (effective 2026-01-01; formerly BUSL-1.1),root LICENSE.txt and COPYING,high,
Makefile,100644,567,659dfbfb19381b9afe4c69a554e311f9085fd277128ad70228910f7830b0d880,ASCII text,,False,scanned,NONE,Apache-2.0 (effective 2026-01-01; formerly BUSL-1.1),root LICENSE.txt and COPYING,high,
OFFICIAL-RELEASE-STEPS.md,100644,1619,a66df346ffe6875e87d4bb741ceeafba914ebb493d0efde75c0cd5fe26f61dc9,"ASCII text, with very long lines",,False,scanned,NONE,Apache-2.0 (effective 2026-01-01; formerly BUSL-1.1),root LICENSE.txt and COPYING,high,
README.docker.md,100644,5772,708fb475b8ca06357baffb7f6669f735b9db814e67e77b1cb97f454e8d5a8a5f,"ASCII text, with very long lines",,False,scanned,(LicenseRef-scancode-proprietary-license AND BUSL-1.1 AND Apache-2.0) AND (LicenseRef-scancode-commercial-license AND MIT AND (MIT AND BSD-3-Clause)),Apache-2.0 (effective 2026-01-01; formerly BUSL-1.1),root LICENSE.txt and COPYING,high,
README.md,100644,15456,8e17bbb68675593bec769b0a8ecf88e0d0d4d1e52bbc166e6baa66c2c0a03eb0,"ASCII text, with very long lines",,False,scanned,(LicenseRef-scancode-proprietary-license AND BUSL-1.1 AND Apache-2.0) AND (LicenseRef-scancode-commercial-license AND MIT AND (MIT AND BSD-3-Clause)),Apache-2.0 (effective 2026-01-01; formerly BUSL-1.1),root LICENSE.txt and COPYING,high,
RELEASE-NOTES.md,100644,35010,a9f23c880b77f8d09b1d840cd6778dd00c207e2dbcc4664fa15b58943a2eaad4,"ASCII text, with very long lines",,False,scanned,(BUSL-1.1 AND Apache-2.0) AND LicenseRef-scancode-public-domain,Apache-2.0 (effective 2026-01-01; formerly BUSL-1.1),root LICENSE.txt and COPYING,high,
SECURITY.md,100644,4534,58489415d71d4e0f235d664df8b5a50bf78a0d49a9a56bd452edd41dc5ccbe63,ASCII text,,False,scanned,NONE,Apache-2.0 (effective 2026-01-01; formerly BUSL-1.1),root LICENSE.txt and COPYING,high,
artwork/AppIcon.png,100644,40879,1baaf510bd033e4e01ee010179216e32461518ebfb05fedd51b1e7babceaeca2,"PNG image data, 76 x 76, 8-bit/color RGBA, non-interlaced",,True,scanned,NONE,Apache-2.0 (effective 2026-01-01; formerly BUSL-1.1),root LICENSE.txt and COPYING,high,
artwork/AppIcon@2x.png,100644,75421,fc0f0e4aef1ac1c707e89f4396f3adfdfff52987d1770e5e413a25a6f2672652,"PNG image data, 120 x 120, 8-bit/color RGBA, non-interlaced",,True,scanned,NONE,Apache-2.0 (effective 2026-01-01; formerly BUSL-1.1),root LICENSE.txt and COPYING,high,
artwork/AppIcon@3x.png,100644,147491,564dd74ebe2d2c3468c1687725b9c4c47e4fded811f9c0ecba1f0e34eb0c0c59,"PNG image data, 180 x 180, 8-bit/color RGBA, non-interlaced",,True,scanned,NONE,Apache-2.0 (effective 2026-01-01; formerly BUSL-1.1),root LICENSE.txt and COPYING,high,
artwork/AppIcon_1024x1024.png,100644,47728,82eca6ff2ef38fdd6c84feb48af5f821d386f7de4f2bac3133ad4815e790e5f4,"PNG image data, 1024 x 1024, 8-bit/color RGB, non-interlaced",,True,scanned,NONE,Apache-2.0 (effective 2026-01-01; formerly BUSL-1.1),root LICENSE.txt and COPYING,high,
artwork/AppIcon_20x20.png,100644,621,289394bb99a8304cd49ac3591d8f59f883ff7e96a214603801299d13a51b7406,"PNG image data, 20 x 20, 8-bit/color RGBA, non-interlaced",,True,scanned,NONE,Apache-2.0 (effective 2026-01-01; formerly BUSL-1.1),root LICENSE.txt and COPYING,high,
artwork/AppIcon_29x29.png,100644,21328,aa9f982a32ffa0c4763a25bcbfd63608e73c37f49b61d2dfa5990368520b9f76,"PNG image data, 29 x 29, 8-bit/color RGBA, non-interlaced",,True,scanned,NONE,Apache-2.0 (effective 2026-01-01; formerly BUSL-1.1),root LICENSE.txt and COPYING,high,
artwork/AppIcon_40x40.png,100644,24375,25225ddfd197fa2dbec1a1566002af4ad14288ff8864836ffdbce747711e44b0,"PNG image data, 40 x 40, 8-bit/color RGBA, non-interlaced",,True,scanned,NONE,Apache-2.0 (effective 2026-01-01; formerly BUSL-1.1),root LICENSE.txt and COPYING,high,
artwork/AppIcon_58x58.png,100644,31213,d0c7cd1fbe166048f572b73ccfc981159e382d803ff2310a9d2fff47bfbc4c47,"PNG image data, 58 x 58, 8-bit/color RGBA, non-interlaced",,True,scanned,NONE,Apache-2.0 (effective 2026-01-01; formerly BUSL-1.1),root LICENSE.txt and COPYING,high,
artwork/AppIcon_60x60.png,100644,1597,8b1814e06f19274a79bb6a70c033059a29dc1b60b8bf6faeed39f327fcb08c37,"PNG image data, 60 x 60, 8-bit/color RGBA, non-interlaced",,True,scanned,NONE,Apache-2.0 (effective 2026-01-01; formerly BUSL-1.1),root LICENSE.txt and COPYING,high,
artwork/AppIcon_80x80.png,100644,43615,9c96dd4adbb279ba6953a38c330ae9e6835943cf7f31d623b8921729618e42fa,"PNG image data, 80 x 80, 8-bit/color RGBA, non-interlaced",,True,scanned,NONE,Apache-2.0 (effective 2026-01-01; formerly BUSL-1.1),root LICENSE.txt and COPYING,high,
artwork/AppIcon_87x87.png,100644,48062,070e74d34828affc4214e6f3dc3d139ce6127a13f1b1a6c1f76ef99e9ef4be0a,"PNG image data, 87 x 87, 8-bit/color RGBA, non-interlaced",,True,scanned,NONE,Apache-2.0 (effective 2026-01-01; formerly BUSL-1.1),root LICENSE.txt and COPYING,high,
artwork/AppIcon_90x90.png,100644,4692,f233e938f8fb017c44cf2c76b22f4635184a1ed2ecfae6e19a173b4fbf8f517b,"PNG image data, 90 x 90, 8-bit/color RGB, non-interlaced",,True,scanned,NONE,Apache-2.0 (effective 2026-01-01; formerly BUSL-1.1),root LICENSE.txt and COPYING,high,
artwork/AppIcon_iPad@2x.png,100644,110274,a785929fc9fada4909a0c39d2d0d95aa563b1dd0ca18758a6ba311abc96927c3,"PNG image data, 152 x 152, 8-bit/color RGBA, non-interlaced",,True,scanned,NONE,Apache-2.0 (effective 2026-01-01; formerly BUSL-1.1),root LICENSE.txt and COPYING,high,
artwork/AppIcon_iPadPro@2x.png,100644,129434,e9161300d612eb7b79693ea573cd8294ed954f0d95e75502df948d10502ae3b3,"PNG image data, 167 x 167, 8-bit/color RGBA, non-interlaced",,True,scanned,NONE,Apache-2.0 (effective 2026-01-01; formerly BUSL-1.1),root LICENSE.txt and COPYING,high,
artwork/ZeroTierIcon-WithBorder.png,100644,29866,612f61284d03af5861ef2f7bd8c25d03b2fd52d0419720c0d48f3a7fb7dd3575,"PNG image data, 620 x 620, 8-bit/color RGBA, non-interlaced",,True,scanned,NONE,Apache-2.0 (effective 2026-01-01; formerly BUSL-1.1),root LICENSE.txt and COPYING,high,
artwork/ZeroTierIcon.icns,100644,125598,3d0afd12a370fc0385fda1a999066b9bfa1499e09ce3352fe42d42769d39e49f,"Mac OS X icon, 125598 bytes, ""is32"" type",,True,scanned,NONE,Apache-2.0 (effective 2026-01-01; formerly BUSL-1.1),root LICENSE.txt and COPYING,high,
artwork/ZeroTierIcon.ico,100644,370070,da01e8a890873bc9b29a50f172552666cdd7b3cffe89d2bc788f2b24ee8dd022,"MS Windows icon resource - 6 icons, 16x16, 32 bits/pixel, 32x32, 32 bits/pixel",,True,scanned,NONE,Apache-2.0 (effective 2026-01-01; formerly BUSL-1.1),root LICENSE.txt and COPYING,high,
artwork/ZeroTierIcon.png,100644,26898,13ec6d12c5b0ee2a3a6d77cd8a4428a339fd7d9b2924eb918c5a236715b73c07,"PNG image data, 519 x 522, 8-bit/color RGBA, non-interlaced",,True,scanned,NONE,Apache-2.0 (effective 2026-01-01; formerly BUSL-1.1),root LICENSE.txt and COPYING,high,
artwork/ZeroTierIcon32x32.png,100644,7219,d39df453bd2df86fd0c5e87f12a783051053ef02776caa2a8b57da868e18eeab,"PNG image data, 32 x 33, 8-bit/color RGB, non-interlaced",,True,scanned,NONE,Apache-2.0 (effective 2026-01-01; formerly BUSL-1.1),root LICENSE.txt and COPYING,high,
artwork/ZeroTierIcon512x512.png,100644,51309,b6b26fd28659da405936b99d7f38f71f62372bdd1db3349d0f0b14d6ec98b81b,"PNG image data, 512 x 512, 8-bit/color RGBA, non-interlaced",,True,scanned,NONE,Apache-2.0 (effective 2026-01-01; formerly BUSL-1.1),root LICENSE.txt and COPYING,high,
artwork/logo.html,100644,635,05ae31376d50b2a48991b07f6d5b947d0efec20fba8aaca78553cf6c7799f0d5,"HTML document, ASCII text",HTML,False,scanned,NONE,Apache-2.0 (effective 2026-01-01; formerly BUSL-1.1),root LICENSE.txt and COPYING,high,
attic/WinUI/APIHandler.cs,100644,16028,2ce103483ac36a5024d07df9115e921989c72b66790102cec89d37ccce14bd48,"C++ source, UTF-8 Unicode (with BOM) text",C#,False,scanned,NONE,Apache-2.0 (effective 2026-01-01; formerly BUSL-1.1),root LICENSE.txt and COPYING,high,
attic/WinUI/AboutView.xaml,100644,1908,03a28fa7b2c91f4eac1ea5e5f85644f2e250fa36b5ac7fe371a49774959fa16d,"HTML document, UTF-8 Unicode (with BOM) text",,False,scanned,NONE,Apache-2.0 (effective 2026-01-01; formerly BUSL-1.1),root LICENSE.txt and COPYING,high,
attic/WinUI/AboutView.xaml.cs,100644,875,db05745037d8b26e11fbdcac69b7cb682fc0f41ae74ed7938cd477c52d726112,"C++ source, UTF-8 Unicode (with BOM) text",C#,False,scanned,NONE,Apache-2.0 (effective 2026-01-01; formerly BUSL-1.1),root LICENSE.txt and COPYING,high,
attic/WinUI/App.config,100644,182,3db4221c53a287dbb3dd13efbec4ad88f29cb2edcf13cfe0c829f6406532c9fe,"XML 1.0 document, UTF-8 Unicode (with BOM) text",,False,scanned,NONE,Apache-2.0 (effective 2026-01-01; formerly BUSL-1.1),root LICENSE.txt and COPYING,high,
attic/WinUI/App.xaml,100644,522,97e59662acba3b1e993e9856e87b9ec79622053b7a470c43ddbc2d943c290ab5,UTF-8 Unicode (with BOM) text,,False,scanned,NONE,Apache-2.0 (effective 2026-01-01; formerly BUSL-1.1),root LICENSE.txt and COPYING,high,
attic/WinUI/App.xaml.cs,100644,560,0a40013c6b2fb376c9d1f00c0999995a9883299af798450607a21201e4de7cc0,"C++ source, UTF-8 Unicode (with BOM) text",C#,False,scanned,NONE,Apache-2.0 (effective 2026-01-01; formerly BUSL-1.1),root LICENSE.txt and COPYING,high,
attic/WinUI/CentralAPI.cs,100644,8051,b2cfe73659a75452690a34a4cfaf65a047156d64de91a8d92d40c73352777c2c,"C++ source, UTF-8 Unicode (with BOM) text",C#,False,scanned,NONE,Apache-2.0 (effective 2026-01-01; formerly BUSL-1.1),root LICENSE.txt and COPYING,high,
attic/WinUI/CentralLogin.cs,100644,610,57c6096cd1e87b5f69b725112d0892cf8428b82a2fe953a7a18c9a42af48af9a,"C++ source, UTF-8 Unicode (with BOM) text",C#,False,scanned,NONE,Apache-2.0 (effective 2026-01-01; formerly BUSL-1.1),root LICENSE.txt and COPYING,high,
attic/WinUI/CentralNetwork.cs,100644,1162,3c44e756160b9754944b0d1a99b7c528a12065fe07c9a8122deb3876b048a171,"C++ source, UTF-8 Unicode (with BOM) text",C#,False,scanned,NONE,Apache-2.0 (effective 2026-01-01; formerly BUSL-1.1),root LICENSE.txt and COPYING,high,
attic/WinUI/CentralServer.cs,100644,463,59f065e449d1bfa740813f30305f587e6ba1f1b050f39cab8023b422fc0dc6ff,"C++ source, UTF-8 Unicode (with BOM) text",C#,False,scanned,NONE,Apache-2.0 (effective 2026-01-01; formerly BUSL-1.1),root LICENSE.txt and COPYING,high,
attic/WinUI/CentralToken.cs,100644,418,15c228d475aa9cce83c73dc115f7546e9d6abf1ad1a98dea39425ebeaed62f28,"C++ source, UTF-8 Unicode (with BOM) text",C#,False,scanned,NONE,Apache-2.0 (effective 2026-01-01; formerly BUSL-1.1),root LICENSE.txt and COPYING,high,
attic/WinUI/CentralUser.cs,100644,1241,0d50bb9cc3be727a18d61a7cd481e4a03854e316c48a63c829032258988ed5f2,"C++ source, UTF-8 Unicode (with BOM) text",C#,False,scanned,NONE,Apache-2.0 (effective 2026-01-01; formerly BUSL-1.1),root LICENSE.txt and COPYING,high,
attic/WinUI/Fonts/segoeui.ttf,100644,910308,5f2331a860c6bef0945e85c610dcdd10573b7c7aa348fa1ca3c5fa8dff4b0e15,"TrueType Font data, digitally signed, 24 tables, 1st ""DSIG"", 36 names, Microsoft, language 0x403, type 2 string, Normaloby",,True,scanned,MIT AND (MIT AND LicenseRef-scancode-proprietary-license),NOASSERTION,possible proprietary material detected,review,
attic/WinUI/Fonts/segoeuib.ttf,100644,898564,9b64c9988af89d510e050b94cdc2e49fbdf5c1e9c18835b5ddd127a4ccfdf6dd,"TrueType Font data, digitally signed, 24 tables, 1st ""DSIG"", 60 names, Microsoft, language 0x403, type 2 string, NegretaSegoe UI Negretatu",,True,scanned,MIT AND (MIT AND LicenseRef-scancode-proprietary-license),NOASSERTION,possible proprietary material detected,review,
attic/WinUI/Fonts/segoeuii.ttf,100644,508344,96773b40f779b9e9c3236ccdfe7297a67b4ba509270c97ee691a5690483277cc,"TrueType Font data, digitally signed, 22 tables, 1st ""DSIG"", 60 names, Microsoft, language 0x403, type 2 string, CursivaSegoe UI Cursivakurz\355vaSegoe UI kurz\355vakursivSegoe UI kursivKursivSegoe UI Kursiv\2",,True,scanned,NONE,Apache-2.0 (effective 2026-01-01; formerly BUSL-1.1),root LICENSE.txt and COPYING,high,
attic/WinUI/Fonts/segoeuiz.ttf,100644,522076,b311ff9901fc3e00d7cbfb552634bd3839a6aceb1beaf8c9c74dc9619d3551f2,"TrueType Font data, digitally signed, 22 tables, 1st ""DSIG"", 61 names, Microsoft, language 0x403, type 2 string, Negreta cursivaSegoe UI Negreta cursivatu",,True,scanned,NONE,Apache-2.0 (effective 2026-01-01; formerly BUSL-1.1),root LICENSE.txt and COPYING,high,
attic/WinUI/ISwitchable.cs,100644,219,a3b982818d7c26332f1614e3c25e06541f13a6f2d8f213697b013a50f79c5515,"C++ source, UTF-8 Unicode (with BOM) text",C#,False,scanned,NONE,Apache-2.0 (effective 2026-01-01; formerly BUSL-1.1),root LICENSE.txt and COPYING,high,
attic/WinUI/JoinNetworkView.xaml,100644,1632,905278c5f6f33a3a65c59f7502ad04c93facdb38e7745e28c3c607f2f9910967,UTF-8 Unicode (with BOM) text,,False,scanned,NONE,Apache-2.0 (effective 2026-01-01; formerly BUSL-1.1),root LICENSE.txt and COPYING,high,
attic/WinUI/JoinNetworkView.xaml.cs,100644,3866,503a57696dc554c7d2b850d100eede3f812c1e3f0cab4079c31daf2e17835087,"C++ source, UTF-8 Unicode (with BOM) text",C#,False,scanned,NONE,Apache-2.0 (effective 2026-01-01; formerly BUSL-1.1),root LICENSE.txt and COPYING,high,
attic/WinUI/MainWindow.xaml.cs,100644,7185,e73b7ad645edf2e9a80f6cce1089a5e67a9b974bfd7afc10588f94dfe92aecac,"C++ source, UTF-8 Unicode (with BOM) text",C#,False,scanned,NONE,Apache-2.0 (effective 2026-01-01; formerly BUSL-1.1),root LICENSE.txt and COPYING,high,
attic/WinUI/NetworkInfoView.xaml,100644,7278,74eccd3511c6f7f152eb9b7717852b49164251134b9cea0f7077f73ee8828d18,"UTF-8 Unicode (with BOM) text, with very long lines",,False,scanned,NONE,Apache-2.0 (effective 2026-01-01; formerly BUSL-1.1),root LICENSE.txt and COPYING,high,
attic/WinUI/NetworkInfoView.xaml.cs,100644,6590,9026b964c4d9182a2cfddfb514c60e8be9e56e420c4901fd6d06da20414acb02,"C++ source, UTF-8 Unicode (with BOM) text",C#,False,scanned,NONE,Apache-2.0 (effective 2026-01-01; formerly BUSL-1.1),root LICENSE.txt and COPYING,high,
attic/WinUI/NetworkListView.xaml,100644,4402,fc383daa1e6f21042755fb58ae061e8a8751bb5cd65f6fa4972e8d057eebbd1e,"HTML document, UTF-8 Unicode (with BOM) text",,False,scanned,NONE,Apache-2.0 (effective 2026-01-01; formerly BUSL-1.1),root LICENSE.txt and COPYING,high,
attic/WinUI/NetworkListView.xaml.cs,100644,2291,48ed744ddb05f5d4132bfe589590c0e261f0756d8d8e4b22d262eb29249cfa49,"C++ source, UTF-8 Unicode (with BOM) text",C#,False,scanned,NONE,Apache-2.0 (effective 2026-01-01; formerly BUSL-1.1),root LICENSE.txt and COPYING,high,
attic/WinUI/NetworkMonitor.cs,100644,5590,1af7cba7942df259078e8c8b427290caf5aa647f1b07059845ed12b9487e63a1,"C++ source, UTF-8 Unicode (with BOM) text",C#,False,scanned,NONE,Apache-2.0 (effective 2026-01-01; formerly BUSL-1.1),root LICENSE.txt and COPYING,high,
attic/WinUI/NetworkNameGenerator.cs,100644,7129,965a00b4c074825e4163a06c8beb982e5d665e981154bdbd97d797a5f6d2dce3,"C++ source, UTF-8 Unicode (with BOM) text",C#,False,scanned,NONE,Apache-2.0 (effective 2026-01-01; formerly BUSL-1.1),root LICENSE.txt and COPYING,high,
attic/WinUI/NetworkRoute.cs,100644,1126,52562e256075716bf55ca28b9e36c06e16916375a52e96a7d6c7cd0d202fee01,"C++ source, UTF-8 Unicode (with BOM) text",C#,False,scanned,NONE,Apache-2.0 (effective 2026-01-01; formerly BUSL-1.1),root LICENSE.txt and COPYING,high,
attic/WinUI/NetworksPage.xaml,100644,806,86a89543e0f39e5b37e1fbe477a9a40c551c627dc3b8328eeb9f702567bde63f,UTF-8 Unicode (with BOM) text,,False,scanned,NONE,Apache-2.0 (effective 2026-01-01; formerly BUSL-1.1),root LICENSE.txt and COPYING,high,
attic/WinUI/NetworksPage.xaml.cs,100644,2757,544eb3393676b60f309d9cebbef8d3f4a86bc2dc34c3b04a20df78c068da8894,"C++ source, UTF-8 Unicode (with BOM) text",C#,False,scanned,NONE,Apache-2.0 (effective 2026-01-01; formerly BUSL-1.1),root LICENSE.txt and COPYING,high,
attic/WinUI/PeersPage.xaml,100644,1675,08447247262256691320c1de7b75e524c9835b316d23f343fa62ec71d01439b4,"HTML document, UTF-8 Unicode (with BOM) text",,False,scanned,NONE,Apache-2.0 (effective 2026-01-01; formerly BUSL-1.1),root LICENSE.txt and COPYING,high,
attic/WinUI/PeersPage.xaml.cs,100644,1312,b86672cf756658a0e52952b68e46ead537468c56104f6b7999d8e6ae85d036e8,"C++ source, UTF-8 Unicode (with BOM) text",C#,False,scanned,NONE,Apache-2.0 (effective 2026-01-01; formerly BUSL-1.1),root LICENSE.txt and COPYING,high,
attic/WinUI/PreferencesView.xaml,100644,1562,01c146b82db3e3bb234515d69301b83ce7f228efb8adb0110a74513a409c8cc2,UTF-8 Unicode (with BOM) text,,False,scanned,NONE,Apache-2.0 (effective 2026-01-01; formerly BUSL-1.1),root LICENSE.txt and COPYING,high,
attic/WinUI/PreferencesView.xaml.cs,100644,2270,2be48a17e71170bd2fc75ade0e561b6044d9b7927ad0698ded5832b1d0efad61,"C++ source, UTF-8 Unicode (with BOM) text",C#,False,scanned,NONE,Apache-2.0 (effective 2026-01-01; formerly BUSL-1.1),root LICENSE.txt and COPYING,high,
attic/WinUI/Properties/AssemblyInfo.cs,100644,2301,7c8506eba29499b228808d03b5767d77e61ed2fcd629c9a918de0371b6c6d5be,UTF-8 Unicode (with BOM) text,C#,False,scanned,NONE,Apache-2.0 (effective 2026-01-01; formerly BUSL-1.1),root LICENSE.txt and COPYING,high,
attic/WinUI/Properties/Resources.Designer.cs,100644,3163,941a1e0a24bf79586d22179e8fa0eccfe7eeac7b4c08aaeb9ad3e2b53361262c,UTF-8 Unicode (with BOM) text,C#,False,scanned,NONE,Apache-2.0 (effective 2026-01-01; formerly BUSL-1.1),root LICENSE.txt and COPYING,high,
attic/WinUI/Properties/Resources.resx,100644,6076,8fec1d3068b58c50fa629e5bed17a22eae100c7856894e083957e8282220e323,"XML 1.0 document, UTF-8 Unicode (with BOM) text",,False,scanned,NONE,Apache-2.0 (effective 2026-01-01; formerly BUSL-1.1),root LICENSE.txt and COPYING,high,
attic/WinUI/Properties/Settings.Designer.cs,100644,1062,52c2c28b8055f06699c04f2612186fb113d06b359d4218d85e87a0cd03ee5ddf,UTF-8 Unicode (with BOM) text,C#,False,scanned,NONE,Apache-2.0 (effective 2026-01-01; formerly BUSL-1.1),root LICENSE.txt and COPYING,high,
attic/WinUI/Properties/Settings.settings,100644,195,067d162ef6bed3d0fa981cb44560dbed3f954bd4cd410bc78d29658748aaa27c,"XML 1.0 document, UTF-8 Unicode (with BOM) text",,False,scanned,NONE,Apache-2.0 (effective 2026-01-01; formerly BUSL-1.1),root LICENSE.txt and COPYING,high,
attic/WinUI/Resources/ZeroTierIcon.ico,100644,45451,553e58420039098f52abebcf8d150770493b159be5e674c5c14366a9069c832f,"MS Windows icon resource - 9 icons, 256x256 with PNG image data, 256 x 256, 8-bit/color RGBA, non-interlaced, 8 bits/pixel, 48x48, 8 bits/pixel",,True,scanned,NONE,Apache-2.0 (effective 2026-01-01; formerly BUSL-1.1),root LICENSE.txt and COPYING,high,
attic/WinUI/Simple Styles.xaml,100644,61097,2ab168bddfefde6432fd604ed707ea3e6077a10a562b49d2ace7bdebdb4b4455,"HTML document, UTF-8 Unicode (with BOM) text, with very long lines",,False,scanned,NONE,Apache-2.0 (effective 2026-01-01; formerly BUSL-1.1),root LICENSE.txt and COPYING,high,
attic/WinUI/Themes/Generic.xaml,100644,211,251bbbeabd3dc012f0c49f835e9d66bc8de100b06f33c823374eefa6d70f681d,ASCII text,,False,scanned,NONE,Apache-2.0 (effective 2026-01-01; formerly BUSL-1.1),root LICENSE.txt and COPYING,high,
attic/WinUI/ToolbarItem.xaml,100644,2692,bf36c105559c054654813ab5b07e630ae830240a6b8f3f87abba8e0d0d8ac230,UTF-8 Unicode (with BOM) text,,False,scanned,NONE,Apache-2.0 (effective 2026-01-01; formerly BUSL-1.1),root LICENSE.txt and COPYING,high,
attic/WinUI/ToolbarItem.xaml.cs,100644,11360,d1c88c29e74af5fce1576909c8607ab88b9480c8f21e7032a01ff7b3c8ba1de2,"C++ source, UTF-8 Unicode (with BOM) text",C#,False,scanned,NONE,Apache-2.0 (effective 2026-01-01; formerly BUSL-1.1),root LICENSE.txt and COPYING,high,
attic/WinUI/WinUI.csproj,100644,11024,4916e0e691e9e220eae2e38ca7695d1e329e65cc85b5fd4c32365440c5c80da6,"XML 1.0 document, UTF-8 Unicode (with BOM) text",,False,scanned,NONE,Apache-2.0 (effective 2026-01-01; formerly BUSL-1.1),root LICENSE.txt and COPYING,high,
attic/WinUI/ZeroTierIcon.ico,100644,370070,da01e8a890873bc9b29a50f172552666cdd7b3cffe89d2bc788f2b24ee8dd022,"MS Windows icon resource - 6 icons, 16x16, 32 bits/pixel, 32x32, 32 bits/pixel",,True,scanned,NONE,Apache-2.0 (effective 2026-01-01; formerly BUSL-1.1),root LICENSE.txt and COPYING,high,
attic/WinUI/ZeroTierNetwork.cs,100644,13306,8d87653322c6fa5e8f28cb3b89ee80c5492ee4a4274d60732da4f57846a8640c,"C++ source, UTF-8 Unicode (with BOM) text",C#,False,scanned,NONE,Apache-2.0 (effective 2026-01-01; formerly BUSL-1.1),root LICENSE.txt and COPYING,high,
attic/WinUI/ZeroTierPeer.cs,100644,3173,8093213f20befb5ac408b05b17fe05416844161e39cd188d4d5980dacb80722a,"C++ source, UTF-8 Unicode (with BOM) text",C#,False,scanned,NONE,Apache-2.0 (effective 2026-01-01; formerly BUSL-1.1),root LICENSE.txt and COPYING,high,
attic/WinUI/ZeroTierPeerPhysicalPath.cs,100644,617,19bb4a25680fdb30e12469084b8f08ec660afc5ca49c145ee76b7488fc9e0172,"C++ source, UTF-8 Unicode (with BOM) text",C#,False,scanned,NONE,Apache-2.0 (effective 2026-01-01; formerly BUSL-1.1),root LICENSE.txt and COPYING,high,
attic/WinUI/ZeroTierStatus.cs,100644,958,b6504758961e76a1dc3ba59bdb90092cdaa7c976e667f04aa6fbf21bcb77c61b,"C++ source, UTF-8 Unicode (with BOM) text",C#,False,scanned,NONE,Apache-2.0 (effective 2026-01-01; formerly BUSL-1.1),root LICENSE.txt and COPYING,high,
attic/WinUI/app.manifest,100644,2617,b0b24264baca073b75286b63f9228511a6c8aba3a74db8aaeb12f660ce843630,"XML 1.0 document, UTF-8 Unicode (with BOM) text",,False,scanned,NONE,Apache-2.0 (effective 2026-01-01; formerly BUSL-1.1),root LICENSE.txt and COPYING,high,
attic/WinUI/packages.config,100644,223,b21a7a8e673e6970ac77b2a9b6f87d8cf15f9e8f4248ec63aba5e973260efdfe,"XML 1.0 document, UTF-8 Unicode (with BOM) text",,False,scanned,NONE,Apache-2.0 (effective 2026-01-01; formerly BUSL-1.1),root LICENSE.txt and COPYING,high,
attic/historic/anode/LICENSE.txt,100644,35147,8ceb4b9ee5adedde47b31e975c1d90c73ad27b6b165a1dcd80c7c545eb65b903,ASCII text,,False,scanned,GPL-3.0-only,GPL-3.0-or-later,attic/historic/anode/LICENSE.txt and file headers,high,
attic/historic/anode/config.mk.Darwin,100644,510,374af60214d335b1e17436f125f30919f5645ee56cf3833b77d031d617164924,"makefile script, ASCII text",,False,scanned,NONE,GPL-3.0-or-later,attic/historic/anode/LICENSE.txt and file headers,high,
attic/historic/anode/config.mk.Linux,100644,286,127fafc0a3ca3a7c49638ec3913a86c57786a3bee942bcc91aeb7d94dfc1c007,"makefile script, ASCII text",,False,scanned,NONE,GPL-3.0-or-later,attic/historic/anode/LICENSE.txt and file headers,high,
attic/historic/anode/docs/anode_protocol.txt,100644,35003,3e075eaf2c46e6fa60597855782df3eb66a1f69fd44708de3653c53dcbb60426,UTF-8 Unicode text,,False,scanned,NONE,GPL-3.0-or-later,attic/historic/anode/LICENSE.txt and file headers,high,
attic/historic/anode/libanode/Makefile,100644,662,5e2e8c29d678c9fc6abe0303c3b3aed7b249d5c557b91a488d6632a4e7e6a02e,"makefile script, ASCII text",,False,scanned,NONE,GPL-3.0-or-later,attic/historic/anode/LICENSE.txt and file headers,high,
attic/historic/anode/libanode/address.c,100644,2985,78ebed673124a38ab7d85bdf203c7936fc097a43d6df0b34f6ec56aefebbaa36,"C source, ASCII text",C,False,scanned,GPL-3.0-or-later,GPL-3.0-or-later,attic/historic/anode/LICENSE.txt and file headers,high,
attic/historic/anode/libanode/aes_digest.c,100644,3469,1545e1097c10b16aa17992b6f1d17ac8ccc5f1babcf9396f10843d628d8614c5,"C source, UTF-8 Unicode text",C,False,scanned,GPL-3.0-or-later,GPL-3.0-or-later,attic/historic/anode/LICENSE.txt and file headers,high,
attic/historic/anode/libanode/anode.h,100644,24374,1521dabcd39070a78b6cd39741822e3447a23c1055aecc7f70b1361ffa2d0e41,"C source, ASCII text",C,False,scanned,GPL-3.0-or-later,GPL-3.0-or-later,attic/historic/anode/LICENSE.txt and file headers,high,
attic/historic/anode/libanode/errors.c,100644,1878,cf7b8cc126217abb7fe011a205d28e4fd249dbc37b5e41948c123211a238492f,"C source, ASCII text",C,False,scanned,GPL-3.0-or-later,GPL-3.0-or-later,attic/historic/anode/LICENSE.txt and file headers,high,
attic/historic/anode/libanode/identity.c,100644,3520,4f3c21e36c06fd77831c4222727ae6a503e3ba60e6b93eae18676f0b2ba1e680,"C source, ASCII text",C,False,scanned,GPL-3.0-or-later,GPL-3.0-or-later,attic/historic/anode/LICENSE.txt and file headers,high,
attic/historic/anode/libanode/impl/aes.c,100644,2251,d41c06edcecb3e1a5dd0fb222303692df62ca131ca02a0fcbff651468ae482e8,"C source, ASCII text",C,False,scanned,GPL-3.0-or-later,GPL-3.0-or-later,attic/historic/anode/LICENSE.txt and file headers,high,
attic/historic/anode/libanode/impl/aes.h,100644,2078,81dcfd9e9408e0daea5b19b1c5151a5dc898238ffa1209e1974c7d48551341e6,"C source, ASCII text",C,False,scanned,GPL-3.0-or-later,GPL-3.0-or-later,attic/historic/anode/LICENSE.txt and file headers,high,
attic/historic/anode/libanode/impl/dictionary.c,100644,5913,0c6c51490784330918f76943dec0f31b9339a3f0a7fe5f3bcabff1bf3871c08c,"C source, ASCII text",C,False,scanned,GPL-3.0-or-later,GPL-3.0-or-later,attic/historic/anode/LICENSE.txt and file headers,high,
attic/historic/anode/libanode/impl/dictionary.h,100644,3664,ee358304e9245f29ebcadd3ce61598efcd997f94ce92b8dbdc9f89da133a5447,"C source, ASCII text",C,False,scanned,GPL-3.0-or-later,GPL-3.0-or-later,attic/historic/anode/LICENSE.txt and file headers,high,
attic/historic/anode/libanode/impl/dns_txt.c,100644,2457,b0eb2e0c84a1ff6f2e66df3da153b31945da12664d28035c8d54a93c112338bc,"C source, ASCII text",C,False,scanned,GPL-3.0-or-later,GPL-3.0-or-later,attic/historic/anode/LICENSE.txt and file headers,high,
attic/historic/anode/libanode/impl/dns_txt.h,100644,1252,ae8002b6fb4dbba024437e84df63ad2ef851b5b0cc20dbc1ef30752a70d273e8,"C source, ASCII text",C,False,scanned,GPL-3.0-or-later,GPL-3.0-or-later,attic/historic/anode/LICENSE.txt and file headers,high,
attic/historic/anode/libanode/impl/ec.c,100644,5560,7fa8e55658469ad48164c25fffbd987755d540debc2f36fdfc3f1e524afe40c5,"C source, ASCII text",C,False,scanned,GPL-3.0-or-later,GPL-3.0-or-later,attic/historic/anode/LICENSE.txt and file headers,high,
attic/historic/anode/libanode/impl/ec.h,100644,2231,29c168dce1856cbf44800a881999edd3e187dc7c866a23c16e39cf0d28521879,"C source, ASCII text",C,False,scanned,GPL-3.0-or-later,GPL-3.0-or-later,attic/historic/anode/LICENSE.txt and file headers,high,
attic/historic/anode/libanode/impl/environment.c,100644,3195,e70794d6d0ecddf8de1ea9770f4b161955a199fd05245fca616be6a0d5c5f9fa,"C source, ASCII text",C,False,scanned,GPL-3.0-or-later,GPL-3.0-or-later,attic/historic/anode/LICENSE.txt and file headers,high,
attic/historic/anode/libanode/impl/environment.h,100644,1047,30d4018be1653915f91612a8a09e2c084286f8d10601293c0cd9c2bcf3a737e5,"C source, ASCII text",C,False,scanned,GPL-3.0-or-later,GPL-3.0-or-later,attic/historic/anode/LICENSE.txt and file headers,high,
attic/historic/anode/libanode/impl/http_client.c,100644,23035,b6c48635ef7c6f83903e8a79357fc6bf7dd70dc3e5403684e17d24adbc5bba33,"C source, ASCII text",C,False,scanned,GPL-3.0-or-later,GPL-3.0-or-later,attic/historic/anode/LICENSE.txt and file headers,high,
attic/historic/anode/libanode/impl/http_client.h,100644,5349,f14162b1e4402d3f1c8d06fe7ee5790536e2bc3adad30bb6ea17f9ea5fdd3193,"C source, ASCII text",C,False,scanned,GPL-3.0-or-later,GPL-3.0-or-later,attic/historic/anode/LICENSE.txt and file headers,high,
attic/historic/anode/libanode/impl/misc.c,100644,6987,6396c674383ddd3285748d623bbe2454ff8de1d86f3cafd9fb5163ea17375a1f,"C source, ASCII text",C,False,scanned,GPL-3.0-or-later,GPL-3.0-or-later,attic/historic/anode/LICENSE.txt and file headers,high,
attic/historic/anode/libanode/impl/misc.h,100644,5273,fbd9a4b2f5bf867e7414243cd839fe81839feed3900f91b9f5b1d5671a482493,"C source, ASCII text",C,False,scanned,GPL-3.0-or-later,GPL-3.0-or-later,attic/historic/anode/LICENSE.txt and file headers,high,
attic/historic/anode/libanode/impl/mutex.h,100644,1188,5ff5b11a5bbd4b59208dc4497bd7c5293165f10ab5045c93555b114048459a3d,"C source, ASCII text",C,False,scanned,GPL-3.0-or-later,GPL-3.0-or-later,attic/historic/anode/LICENSE.txt and file headers,high,
attic/historic/anode/libanode/impl/thread.c,100644,1726,2ee77e96d4444ad8e5d08bc248c09eff347c9a403fa0db63bc908d8e7114bc97,"C source, ASCII text",C,False,scanned,GPL-3.0-or-later,GPL-3.0-or-later,attic/historic/anode/LICENSE.txt and file headers,high,
attic/historic/anode/libanode/impl/thread.h,100644,2100,ee81428a657401e19a493ce343e28dea99cab82c87d1d206987a0078dd6d9970,"C source, ASCII text",C,False,scanned,GPL-3.0-or-later,GPL-3.0-or-later,attic/historic/anode/LICENSE.txt and file headers,high,
attic/historic/anode/libanode/impl/types.h,100644,875,161b58bdfc9505c4b1dc020cadae59a0e2df8277498aa1ad08d2cb3f00750b1a,"C source, ASCII text",C,False,scanned,GPL-3.0-or-later,GPL-3.0-or-later,attic/historic/anode/LICENSE.txt and file headers,high,
attic/historic/anode/libanode/network_address.c,100644,5124,9e6c45ca6d4483c891e751acae4910f7d4de56202f7832161b5817ca246017f7,"C source, ASCII text",C,False,scanned,GPL-3.0-or-later,GPL-3.0-or-later,attic/historic/anode/LICENSE.txt and file headers,high,
attic/historic/anode/libanode/secure_random.c,100644,2919,4eacc79b24492b54f7d98b5f2fc4dc2d727d8a30edae954f941ebeb2985d3ed8,"C source, ASCII text",C,False,scanned,GPL-3.0-or-later,GPL-3.0-or-later,attic/historic/anode/LICENSE.txt and file headers,high,
attic/historic/anode/libanode/system_transport.c,100644,32371,51acb22368a19d40f9fa741f0fcede0bfa813fd2c1a56539fb99cfa991c97e26,"C source, ASCII text",C,False,scanned,GPL-3.0-or-later,GPL-3.0-or-later,attic/historic/anode/LICENSE.txt and file headers,high,
attic/historic/anode/libanode/tests/Makefile,100644,1121,bc30634b8112ce948dd23630a1a35d919b43e905fa7f6a59f389b1bba05a6628,"makefile script, ASCII text",,False,scanned,NONE,GPL-3.0-or-later,attic/historic/anode/LICENSE.txt and file headers,high,
attic/historic/anode/libanode/tests/aes-test.c,100644,6801,41ecf52d81ec22a7af9ae88d92e76cf6d2eaff9668cff351c61fc6308840ecb5,"C source, ASCII text",C,False,scanned,GPL-3.0-or-later,GPL-3.0-or-later,attic/historic/anode/LICENSE.txt and file headers,high,
attic/historic/anode/libanode/tests/anode-secure_random-test.c,100644,1193,fefb1e0842e9189c90a5b068e7e528f1a3aae44c9059c995957cec7b8683ef4f,"C source, ASCII text",C,False,scanned,GPL-3.0-or-later,GPL-3.0-or-later,attic/historic/anode/LICENSE.txt and file headers,high,
attic/historic/anode/libanode/tests/anode-utils-test.c,100644,2605,5ad274c67a02e73c525993aa0d34849e34feef069ec2e8a7ec2a868bd726ba4e,"C source, ASCII text",C,False,scanned,GPL-3.0-or-later,GPL-3.0-or-later,attic/historic/anode/LICENSE.txt and file headers,high,
attic/historic/anode/libanode/tests/anode-zone-test.c,100644,1417,cb2befcbaf891e22472f0f66696ec7367aa3fc897e6ec7c9bfd56a5273855aa4,"C source, ASCII text",C,False,scanned,GPL-3.0-or-later,GPL-3.0-or-later,attic/historic/anode/LICENSE.txt and file headers,high,
attic/historic/anode/libanode/tests/dictionary-test.c,100644,4822,f30eb0591cf8dec0e07160d8cddc05ceae46556be31fe5de6ba6998b708af55e,"C source, ASCII text",C,False,scanned,GPL-3.0-or-later,GPL-3.0-or-later,attic/historic/anode/LICENSE.txt and file headers,high,
attic/historic/anode/libanode/tests/ec-test.c,100644,3201,79e4c06d2fe077d885b3a436bc20181dd3b0f8a4159359eb0c5f795b606d1bfa,"C source, ASCII text",C,False,scanned,GPL-3.0-or-later,GPL-3.0-or-later,attic/historic/anode/LICENSE.txt and file headers,high,
attic/historic/anode/libanode/tests/environment-test.c,100644,982,6ce07451044e8c634b0288589d1607b40200f747c967d4a194d00d8fa143d6fb,"C source, ASCII text",C,False,scanned,GPL-3.0-or-later,GPL-3.0-or-later,attic/historic/anode/LICENSE.txt and file headers,high,
attic/historic/anode/libanode/tests/http_client-test.c,100644,7614,23eae4601344c35ad4a95d8c8765beba58026a68d2483713e3260a0f56183006,"C source, ASCII text",C,False,scanned,GPL-3.0-or-later,GPL-3.0-or-later,attic/historic/anode/LICENSE.txt and file headers,high,
attic/historic/anode/libanode/tests/misc-test.c,100644,4347,9d50fddeba6829859224b28f9623f633403f5974669e12acf7cb9155c17d3e93,"C source, ASCII text",C,False,scanned,GPL-3.0-or-later,GPL-3.0-or-later,attic/historic/anode/LICENSE.txt and file headers,high,
attic/historic/anode/libanode/tests/system_transport-test.c,100644,1806,ffc719a4eb9c616bd8c2c0f2b504a0b2048903899412e46033e6cca8942b2f1c,"C source, ASCII text",C,False,scanned,GPL-3.0-or-later,GPL-3.0-or-later,attic/historic/anode/LICENSE.txt and file headers,high,
attic/historic/anode/libanode/uri.c,100644,5488,412b54d164e55fb46872742db58a1d07ab78f39041243ba090e3f3d0155e82a5,"C source, ASCII text",C,False,scanned,GPL-3.0-or-later,GPL-3.0-or-later,attic/historic/anode/LICENSE.txt and file headers,high,
attic/historic/anode/libanode/utils/anode-make-identity.c,100644,1588,54be33402e462a9a50aff60acce8535cb718823f6ba8e24fa44c48039f4e5738,"C source, ASCII text",C,False,scanned,GPL-3.0-or-later,GPL-3.0-or-later,attic/historic/anode/LICENSE.txt and file headers,high,
attic/historic/anode/libanode/zone.c,100644,6174,8f1522d67104c5969ee4da4ef4cc3a3323a822043ed3d54146271b035dfd46a2,"C source, ASCII text",C,False,scanned,GPL-3.0-or-later,GPL-3.0-or-later,attic/historic/anode/LICENSE.txt and file headers,high,
attic/historic/anode/libspark/Makefile,100644,255,7607ec9ef8f9a144c4dbf5fbd27a348892811bf1b47556344768da15da5bbae4,"makefile script, ASCII text",,False,scanned,NONE,GPL-3.0-or-later,attic/historic/anode/LICENSE.txt and file headers,high,
attic/historic/anode/libspark/experiments/FindGoodSegmentDelimiters.cpp,100644,4145,78c583f6fe0c47537a7eefd199fca886c39ad232f0e5c549af4f1784035aef28,"C source, ASCII text",C++,False,scanned,NONE,GPL-3.0-or-later,attic/historic/anode/LICENSE.txt and file headers,high,
attic/historic/anode/libspark/experiments/Makefile,100644,153,c9efc190fe2d24266d53c86a0e86fbc3966c2a2f1892ce7b1db2e0e7870864d1,"makefile script, ASCII text",,False,scanned,NONE,GPL-3.0-or-later,attic/historic/anode/LICENSE.txt and file headers,high,
attic/historic/anode/libspark/streamencoder.h,100644,2925,9bf5ac013b747b96484bfe72c4072324235acce100117cd9f4f57ac5b48e2d1b,"C source, ASCII text",C,False,scanned,GPL-3.0-or-later,GPL-3.0-or-later,attic/historic/anode/LICENSE.txt and file headers,high,
attic/historic/anode/libspark/wrapper.h,100644,2177,14b8a04f200aa2fd8fd79938743163a3998a132d707ad4c952ed8b8db02e5201,"C source, ASCII text",C,False,scanned,GPL-3.0-or-later,GPL-3.0-or-later,attic/historic/anode/LICENSE.txt and file headers,high,
attic/historic/anode_protocol.txt,100644,35003,3e075eaf2c46e6fa60597855782df3eb66a1f69fd44708de3653c53dcbb60426,UTF-8 Unicode text,,False,scanned,NONE,Apache-2.0 (effective 2026-01-01; formerly BUSL-1.1),root LICENSE.txt and COPYING,high,
attic/macui/ZeroTier One.xcodeproj/project.pbxproj,100644,21595,09afe40cf3c56f17cc67c0e47aa7d574b04ee70d06288348033bfe30a042ab76,ASCII text,,False,scanned,NONE,Apache-2.0 (effective 2026-01-01; formerly BUSL-1.1),root LICENSE.txt and COPYING,high,
attic/macui/ZeroTier One.xcodeproj/project.xcworkspace/contents.xcworkspacedata,100644,157,50c58bc3f163b4a0555fee61176ba4d460d2d77e448093ffb324dc2ca3bbe084,"XML 1.0 document, ASCII text",,False,scanned,NONE,Apache-2.0 (effective 2026-01-01; formerly BUSL-1.1),root LICENSE.txt and COPYING,high,
attic/macui/ZeroTier One.xcodeproj/project.xcworkspace/xcshareddata/IDEWorkspaceChecks.plist,100644,238,dfa0f9bb85b95ccba9c6811adadf8cb407fb5d52088e89db83ebc308ec448542,"XML 1.0 document, ASCII text",,False,scanned,NONE,Apache-2.0 (effective 2026-01-01; formerly BUSL-1.1),root LICENSE.txt and COPYING,high,
attic/macui/ZeroTier One/AboutViewController.h,100644,1218,0efa3b9f5f348792b20f68b39651bbe6c0b6d6e0e1b3a3ef846d92fcb7474a65,"Objective-C source, ASCII text",C,False,scanned,GPL-3.0-or-later,GPL-3.0-or-later,direct ScanCode detection,high,
attic/macui/ZeroTier One/AboutViewController.m,100644,1861,c69b5b709483704d9cd454f9763c375e29a46321e86c24e50e43954a9a4c9113,"Objective-C source, ASCII text",Objective-C,False,scanned,GPL-3.0-or-later,GPL-3.0-or-later,direct ScanCode detection,high,
attic/macui/ZeroTier One/AboutViewController.xib,100644,1880,cf42e8454db886f4a3216472c913ec17cbe24272dc2ce4876a6dc1c0dc042059,"XML 1.0 document, ASCII text",,False,scanned,NONE,Apache-2.0 (effective 2026-01-01; formerly BUSL-1.1),root LICENSE.txt and COPYING,high,
attic/macui/ZeroTier One/AppDelegate.h,100644,1804,b1571491330918292eeebacc61f31a4b62b172b137ed356591ef6b39e04b065e,"Objective-C source, ASCII text",C,False,scanned,GPL-3.0-or-later,GPL-3.0-or-later,direct ScanCode detection,high,
attic/macui/ZeroTier One/AppDelegate.m,100644,15125,7f9eaa1a0398c98af4c157ac68d7776cd8a9428efb2d1d15b3d68081e634e1d9,"Objective-C source, ASCII text",Objective-C,False,scanned,GPL-3.0-or-later,GPL-3.0-or-later,direct ScanCode detection,high,
attic/macui/ZeroTier One/Assets.xcassets/AppIcon.appiconset/Contents.json,100644,949,8138032cce77d477432ce22ed7a879f696d439fbdc47ccf9ec160003151d799e,JSON data,,False,scanned,NONE,Apache-2.0 (effective 2026-01-01; formerly BUSL-1.1),root LICENSE.txt and COPYING,high,
attic/macui/ZeroTier One/Assets.xcassets/AppIcon.appiconset/ZeroTierIcon512x512.png,100644,51309,b6b26fd28659da405936b99d7f38f71f62372bdd1db3349d0f0b14d6ec98b81b,"PNG image data, 512 x 512, 8-bit/color RGBA, non-interlaced",,True,scanned,NONE,Apache-2.0 (effective 2026-01-01; formerly BUSL-1.1),root LICENSE.txt and COPYING,high,
attic/macui/ZeroTier One/Assets.xcassets/Contents.json,100644,62,972ec1fd42325872438eb085ac29e94f51c10788ec18ec5549439950866c541d,JSON data,,False,scanned,NONE,Apache-2.0 (effective 2026-01-01; formerly BUSL-1.1),root LICENSE.txt and COPYING,high,
attic/macui/ZeroTier One/Assets.xcassets/MenuBarIconMac.imageset/Contents.json,100644,335,30f3904aadc672265fb61cd94d0ede90805641665f4e7536a47ee5efaf311132,JSON data,,False,scanned,NONE,Apache-2.0 (effective 2026-01-01; formerly BUSL-1.1),root LICENSE.txt and COPYING,high,
attic/macui/ZeroTier One/Assets.xcassets/MenuBarIconMac.imageset/MenuBar@2x.png,100644,22973,3379ce26ec47ea6085b13086d937d0f29a1019034e1aa41ca330f8b9818b1564,"PNG image data, 44 x 44, 8-bit/color RGBA, non-interlaced",,True,scanned,NONE,Apache-2.0 (effective 2026-01-01; formerly BUSL-1.1),root LICENSE.txt and COPYING,high,
attic/macui/ZeroTier One/Assets.xcassets/MenuBarIconMac.imageset/Menubar.png,100644,17234,83971948f90c8e0965b5fa4ce9c2567060ad4ca5b88d11672c56a86f23b84bd8,"PNG image data, 22 x 22, 8-bit/color RGBA, non-interlaced",,True,scanned,NONE,Apache-2.0 (effective 2026-01-01; formerly BUSL-1.1),root LICENSE.txt and COPYING,high,
attic/macui/ZeroTier One/Assets.xcassets/MenuBarIconMacWhite.imageset/Contents.json,100644,345,4724ebe4fd796baa5a473da8341789cecec59f57babb124866722c1ddd13f512,JSON data,,False,scanned,NONE,Apache-2.0 (effective 2026-01-01; formerly BUSL-1.1),root LICENSE.txt and COPYING,high,
attic/macui/ZeroTier One/Assets.xcassets/MenuBarIconMacWhite.imageset/MenubarWhite.png,100644,17234,352bee2445c46b486cab60e4b8823ef778c52266bc6497d8d00d867ea3443545,"PNG image data, 22 x 22, 8-bit/color RGBA, non-interlaced",,True,scanned,NONE,Apache-2.0 (effective 2026-01-01; formerly BUSL-1.1),root LICENSE.txt and COPYING,high,
attic/macui/ZeroTier One/Assets.xcassets/MenuBarIconMacWhite.imageset/MenubarWhite@2x.png,100644,22973,a589f9a9a68c9d9e45823426942f4f8991eb3e184647fcaa16a7be14ec46df16,"PNG image data, 44 x 44, 8-bit/color RGBA, non-interlaced",,True,scanned,NONE,Apache-2.0 (effective 2026-01-01; formerly BUSL-1.1),root LICENSE.txt and COPYING,high,
attic/macui/ZeroTier One/AuthtokenCopy.h,100644,948,df304a0af0eea9042e78261f7d2fb08c5b8606baac5af83d8a0df51f87121c24,"Objective-C source, ASCII text",C,False,scanned,GPL-3.0-or-later,GPL-3.0-or-later,direct ScanCode detection,high,
attic/macui/ZeroTier One/AuthtokenCopy.m,100644,3267,cecb0da049ff9c34bd905bfa55e2e048cbd582de8389c035540b3a1189b03862,"Objective-C source, ASCII text",Objective-C,False,scanned,GPL-3.0-or-later,GPL-3.0-or-later,direct ScanCode detection,high,
attic/macui/ZeroTier One/Base.lproj/MainMenu.xib,100644,49725,c39383d86a52c436417f264e6abf7cb06e72e79226f306e65dfce61529b50f34,"XML 1.0 document, UTF-8 Unicode text",,False,scanned,NONE,Apache-2.0 (effective 2026-01-01; formerly BUSL-1.1),root LICENSE.txt and COPYING,high,
attic/macui/ZeroTier One/Info.plist,100644,1234,dff0beb9b9e346d0ade76871d01420782941b53ece4d2c8e7d58f6baf5f14212,"XML 1.0 document, UTF-8 Unicode text",,False,scanned,NONE,Apache-2.0 (effective 2026-01-01; formerly BUSL-1.1),root LICENSE.txt and COPYING,high,
attic/macui/ZeroTier One/JoinNetworkViewController.h,100644,1525,c8e19c63da847aa0c96aaffd4e4148bbdf29053a34f6c5231548bfb21fe7ea77,"Objective-C source, ASCII text",C,False,scanned,GPL-3.0-or-later,GPL-3.0-or-later,direct ScanCode detection,high,
attic/macui/ZeroTier One/JoinNetworkViewController.m,100644,5213,feeb8c2f9920ba1e35e57a158133877c7e05616d16a17a4dc13e8f16ccd7ac9b,"Objective-C source, ASCII text",Objective-C,False,scanned,GPL-3.0-or-later,GPL-3.0-or-later,direct ScanCode detection,high,
attic/macui/ZeroTier One/JoinNetworkViewController.xib,100644,7430,141c3961531060eda9e5eebc9426ba46d271944ead49616c671c5ae1c2d96fc3,"XML 1.0 document, ASCII text",,False,scanned,NONE,Apache-2.0 (effective 2026-01-01; formerly BUSL-1.1),root LICENSE.txt and COPYING,high,
attic/macui/ZeroTier One/Network.h,100644,2188,a106cb5e5331f1ac1c9c6ed41e81d875ff5c73f0b31d628ffdb57cee9c154431,"Objective-C source, ASCII text",C,False,scanned,GPL-3.0-or-later,GPL-3.0-or-later,direct ScanCode detection,high,
attic/macui/ZeroTier One/Network.m,100644,11844,cf95d83bb2ba1dd350adfeab7f522b67876f7647653eb5fe7970d61f6345594c,"Objective-C source, ASCII text",Objective-C,False,scanned,GPL-3.0-or-later,GPL-3.0-or-later,direct ScanCode detection,high,
attic/macui/ZeroTier One/NetworkInfoCell.h,100644,2193,ffe60abea5b23e4e3eb9927b3343282b5f9cad97b985a4032f0f21b8537d8752,"Objective-C source, ASCII text",C,False,scanned,GPL-3.0-or-later,GPL-3.0-or-later,direct ScanCode detection,high,
attic/macui/ZeroTier One/NetworkInfoCell.m,100644,2653,605a9cf6806eeb299c87ec261edbfc7d09ee38f2b1fc4ccdd5ab3d86d0d0c715,"Objective-C source, ASCII text",Objective-C,False,scanned,GPL-3.0-or-later,GPL-3.0-or-later,direct ScanCode detection,high,
attic/macui/ZeroTier One/NetworkMonitor.h,100644,1254,2f67c04ebac73106016d978ad36c6e6d214f8ae69e18b9b3c549abe9ef5792f6,"Objective-C source, ASCII text",C,False,scanned,GPL-3.0-or-later,GPL-3.0-or-later,direct ScanCode detection,high,
attic/macui/ZeroTier One/NetworkMonitor.m,100644,6982,938a5910599dbca03bd969215803248ff0002dcecfa50e776917af15af2c1c13,"Objective-C source, ASCII text",Objective-C,False,scanned,GPL-3.0-or-later,GPL-3.0-or-later,direct ScanCode detection,high,
attic/macui/ZeroTier One/NodeStatus.h,100644,1259,14ee9ad08eecfd15355c107f64cc89825f141042ce525f52d5685bff5e1882ac,"Objective-C source, ASCII text",C,False,scanned,GPL-3.0-or-later,GPL-3.0-or-later,direct ScanCode detection,high,
attic/macui/ZeroTier One/NodeStatus.m,100644,1680,c0a7e8cc07bdc59f248e55bfaa09a5df66b3c3026186ded3d86255f6013fe567,"Objective-C source, ASCII text",Objective-C,False,scanned,GPL-3.0-or-later,GPL-3.0-or-later,direct ScanCode detection,high,
attic/macui/ZeroTier One/PreferencesViewController.h,100644,1111,2d58cf078db1a22faeff33c71d5c73d2c7732370d84c6203c223ce4b618fb681,"Objective-C source, ASCII text",C,False,scanned,GPL-3.0-or-later,GPL-3.0-or-later,direct ScanCode detection,high,
attic/macui/ZeroTier One/PreferencesViewController.m,100644,3876,7d6e3eabdc88ad00f3179460e28a819c6e174084867d54805a9dc6dfeef175c8,"Objective-C source, ASCII text",Objective-C,False,scanned,GPL-3.0-or-later,GPL-3.0-or-later,direct ScanCode detection,high,
attic/macui/ZeroTier One/PreferencesViewController.xib,100644,2134,648a6f11c3b88301b851f3d965ecf18cb8b18c5e0e20936f2fe1f3c372aa8c9c,"XML 1.0 document, ASCII text",,False,scanned,NONE,Apache-2.0 (effective 2026-01-01; formerly BUSL-1.1),root LICENSE.txt and COPYING,high,
attic/macui/ZeroTier One/ServiceCom.h,100644,1523,9afdd6825e06985af836b1b7a31aa85aea3d97eab687fe8ac25125380bae6c19,"Objective-C source, ASCII text",C,False,scanned,GPL-3.0-or-later,GPL-3.0-or-later,direct ScanCode detection,high,
attic/macui/ZeroTier One/ServiceCom.m,100644,19900,b0e528dfebd6723607420e0220fcf7ceeb48112f80cbeec8873c71c277308be6,"Objective-C source, ASCII text",Objective-C,False,scanned,GPL-3.0-or-later,GPL-3.0-or-later,direct ScanCode detection,high,
attic/macui/ZeroTier One/ShowNetworksViewController.h,100644,1256,cfc194e07bc80ed0b78ebe78e07e1c66781962b162334f1614e039e89a4b7378,"Objective-C source, ASCII text",C,False,scanned,GPL-3.0-or-later,GPL-3.0-or-later,direct ScanCode detection,high,
attic/macui/ZeroTier One/ShowNetworksViewController.m,100644,5889,9ce7bd98da4b38137c2b2513b0c3b857e7a4f876e26d317af277edc40cd46f6d,"Objective-C source, ASCII text",Objective-C,False,scanned,GPL-3.0-or-later,GPL-3.0-or-later,direct ScanCode detection,high,
attic/macui/ZeroTier One/ShowNetworksViewController.xib,100644,49717,e932ac38d08aabd57add2a6fcf6f802a451f91ba855d877e96ab835ad4743c2b,"XML 1.0 document, ASCII text, with very long lines",,False,scanned,NONE,Apache-2.0 (effective 2026-01-01; formerly BUSL-1.1),root LICENSE.txt and COPYING,high,
attic/macui/ZeroTier One/ZeroTier One.entitlements,100644,181,97704a8960b4facceef54397a08fb5d0a456247c3627359215aa2a27df22656c,"XML 1.0 document, ASCII text",,False,scanned,NONE,Apache-2.0 (effective 2026-01-01; formerly BUSL-1.1),root LICENSE.txt and COPYING,high,
attic/macui/ZeroTier One/ZeroTierIcon.icns,100644,125598,3d0afd12a370fc0385fda1a999066b9bfa1499e09ce3352fe42d42769d39e49f,"Mac OS X icon, 125598 bytes, ""is32"" type",,True,scanned,NONE,Apache-2.0 (effective 2026-01-01; formerly BUSL-1.1),root LICENSE.txt and COPYING,high,
attic/macui/ZeroTier One/about.html,100644,2429,6ef5cc88a186cc91e8f6e939e4e952ec7dc6b517130f2618f2a3b6f1627d4d80,"HTML document, ASCII text, with very long lines",HTML,False,scanned,NONE,Apache-2.0 (effective 2026-01-01; formerly BUSL-1.1),root LICENSE.txt and COPYING,high,
attic/macui/ZeroTier One/main.m,100644,890,08eaa51268a70a53d5cd49904f54d04217e95bf3273a1e539b172aec194ef7f0,"Objective-C source, ASCII text",Objective-C,False,scanned,GPL-3.0-or-later,GPL-3.0-or-later,direct ScanCode detection,high,
attic/world/README.md,100644,280,222c323d5f844b3b1208cd04098e25f56266b442fc79484c957b1cbbe6266236,ASCII text,,False,scanned,NONE,Apache-2.0 (effective 2026-01-01; formerly BUSL-1.1),root LICENSE.txt and COPYING,high,
attic/world/build.sh,100755,246,2f7d72d2c9a5357f31341c74c913fbdaee00693617358dae4aa55c533f38fb0d,"Bourne-Again shell script, ASCII text executable",Bash,False,scanned,NONE,Apache-2.0 (effective 2026-01-01; formerly BUSL-1.1),root LICENSE.txt and COPYING,high,
attic/world/mkworld.cpp,100644,8747,ccbcc4b8265abd8686be110480ab4bcf7e1976d3533b8178543d359ad0517165,"C source, ASCII text",C++,False,scanned,GPL-3.0-or-later,GPL-3.0-or-later,direct ScanCode detection,high,
attic/world/world.bin,100644,570,c072ff6329b18e1d594ce3628708516fef30bc73fe64e165d2e430cded85f031,data,,True,scanned,NONE,Apache-2.0 (effective 2026-01-01; formerly BUSL-1.1),root LICENSE.txt and COPYING,high,
attic/world/world.c,100644,3771,a9b121f74cad3d9e94c3d0ca3822edf5cfaba28a4dd75eb22068b2e88e38dfd8,"ASCII text, with very long lines",C,False,scanned,NONE,Apache-2.0 (effective 2026-01-01; formerly BUSL-1.1),root LICENSE.txt and COPYING,high,
ci/Dockerfile-build.deb,100644,272,fc5691c3a112d77b02ef3ed08902f6ba39cbc118ab885a23ed32a3ff801e4824,ASCII text,,False,scanned,NONE,Apache-2.0 (effective 2026-01-01; formerly BUSL-1.1),root LICENSE.txt and COPYING,high,
ci/Dockerfile-build.el6,100644,891,5a201b61ad383c6bec9b125dfde0913cf5aab93eb2edc8860d1b270a24aee8b8,ASCII text,,False,scanned,NONE,Apache-2.0 (effective 2026-01-01; formerly BUSL-1.1),root LICENSE.txt and COPYING,high,
ci/Dockerfile-build.rpm,100644,244,44a3685323dbfb49a5815d78a0ff5f14995bf13ff02522c29ab91011ed1036f5,ASCII text,,False,scanned,NONE,Apache-2.0 (effective 2026-01-01; formerly BUSL-1.1),root LICENSE.txt and COPYING,high,
ci/Dockerfile-test.deb,100644,483,f4ef16931703e3113992f6f03be954857430392065d78f322e5c62d1c49e8989,ASCII text,,False,scanned,NONE,Apache-2.0 (effective 2026-01-01; formerly BUSL-1.1),root LICENSE.txt and COPYING,high,
ci/Dockerfile-test.el6,100644,327,afd8effcac284d5262adc0d565a7f0d85ed7826ac51e3b863b5dfb895f70484e,ASCII text,,False,scanned,NONE,Apache-2.0 (effective 2026-01-01; formerly BUSL-1.1),root LICENSE.txt and COPYING,high,
ci/Dockerfile-test.rpm,100644,716,52fc81b17a7383ae5ffa5c822623bb248d62fdf41f9c264acc9e77e6e754c842,ASCII text,,False,scanned,NONE,Apache-2.0 (effective 2026-01-01; formerly BUSL-1.1),root LICENSE.txt and COPYING,high,
ci/scripts/build.sh,100755,1249,16cba0826c8c20c028da3351e272272509f339a4f3739c2ebe0a2f0790cc59c6,"Bourne-Again shell script, ASCII text executable",Bash,False,scanned,NONE,Apache-2.0 (effective 2026-01-01; formerly BUSL-1.1),root LICENSE.txt and COPYING,high,
ci/scripts/lib.sh,100755,1637,2a87ae1998b9682128c1a68ec68fbe1cbbbec188026917bbcba34cf22c2efa82,ASCII text,Bash,False,scanned,NONE,Apache-2.0 (effective 2026-01-01; formerly BUSL-1.1),root LICENSE.txt and COPYING,high,
ci/scripts/munge_debian_changelog.sh,100755,952,a074969fbfce6b37c1d7f9c65804c3ce93ac5b8dbfafa914e8cb8cbded37d6d9,"Bourne-Again shell script, ASCII text executable",Bash,False,scanned,NONE,Apache-2.0 (effective 2026-01-01; formerly BUSL-1.1),root LICENSE.txt and COPYING,high,
ci/scripts/munge_rpm_spec.sh,100755,906,a537cb13fc2e8c15bcd48fc37f7c7b80a7e6fc0c7d49c94c2d44d83cf05f115f,"Bourne-Again shell script, ASCII text executable",Bash,False,scanned,NONE,Apache-2.0 (effective 2026-01-01; formerly BUSL-1.1),root LICENSE.txt and COPYING,high,
ci/scripts/publish.sh,100755,703,9f53fbde2e8091cc932bbf7ec68ba69937a23fe8622b830ecb0d759d9f73a8bd,"Bourne-Again shell script, ASCII text executable",Bash,False,scanned,NONE,Apache-2.0 (effective 2026-01-01; formerly BUSL-1.1),root LICENSE.txt and COPYING,high,
ci/scripts/test.sh,100755,1436,b01787b0a6fafba15e51ab1cd1ed74beae4a9d71373e1d3aa8f5046e9f5d7260,"Bourne-Again shell script, ASCII text executable",Bash,False,scanned,NONE,Apache-2.0 (effective 2026-01-01; formerly BUSL-1.1),root LICENSE.txt and COPYING,high,
controller/ConnectionPool.hpp,100644,5316,e7f33c9da0b116bb29be6983e1ddfb94fce647fa7161bb99b513bd10096cf43d,"C++ source, ASCII text",C++,False,scanned,Apache-2.0,Apache-2.0 (effective 2026-01-01; formerly BUSL-1.1),root LICENSE.txt and COPYING,high,
controller/DB.cpp,100644,13661,1fb6f01158ddb8e30688550cfe99dee09efcc2c1f632c69ae69f3fc20dea1d32,"C++ source, ASCII text",C++,False,scanned,Apache-2.0,Apache-2.0 (effective 2026-01-01; formerly BUSL-1.1),root LICENSE.txt and COPYING,high,
controller/DB.hpp,100644,5889,119c04b72af455ed26a8701f630ec912ad29b8c035768de4d8e7c4a9c8b9f914,"C++ source, ASCII text",C++,False,scanned,Apache-2.0,Apache-2.0 (effective 2026-01-01; formerly BUSL-1.1),root LICENSE.txt and COPYING,high,
controller/DBMirrorSet.cpp,100644,6612,d68e3539b04e019cdb9a9fa78403f8211a1882828191bedf895716ba84ff788e,"C++ source, ASCII text",C++,False,scanned,Apache-2.0,Apache-2.0 (effective 2026-01-01; formerly BUSL-1.1),root LICENSE.txt and COPYING,high,
controller/DBMirrorSet.hpp,100644,2349,8f9a692fba052253405d27df39bb7451319fb92c6b3ae1677830a7705cc742fc,"C++ source, ASCII text",C++,False,scanned,Apache-2.0,Apache-2.0 (effective 2026-01-01; formerly BUSL-1.1),root LICENSE.txt and COPYING,high,
controller/EmbeddedNetworkController.cpp,100644,75129,c5eae86de3de40b78b9e256f3316cd631b2a48cb89c58d724e958d89c821dc89,"C++ source, ASCII text",C++,False,scanned,Apache-2.0,Apache-2.0 (effective 2026-01-01; formerly BUSL-1.1),root LICENSE.txt and COPYING,high,
controller/EmbeddedNetworkController.hpp,100644,6030,d359ec00f84b98eaad7a60e332e2698b1b4c91a3a9313a2964b54e5028071fe5,"C++ source, ASCII text",C++,False,scanned,Apache-2.0,Apache-2.0 (effective 2026-01-01; formerly BUSL-1.1),root LICENSE.txt and COPYING,high,
controller/FileDB.cpp,100644,5744,2187408df0634685dca61241fbd87d10c4c239e8989d0d30b6f8e9fa97034be8,"C++ source, ASCII text",C++,False,scanned,Apache-2.0,Apache-2.0 (effective 2026-01-01; formerly BUSL-1.1),root LICENSE.txt and COPYING,high,
controller/FileDB.hpp,100644,1202,5c862fd09be07f57a1d82b1690f66ed8622509d5da56cb544cc4bc0c4873d537,"C++ source, ASCII text",C++,False,scanned,Apache-2.0,Apache-2.0 (effective 2026-01-01; formerly BUSL-1.1),root LICENSE.txt and COPYING,high,
controller/LFDB.cpp,100644,14705,b73eeab188577275cb02aa586469a94f55bbcdc603f88bf5ad37f75a8e1cde0a,"C++ source, ASCII text",C++,False,scanned,Apache-2.0,Apache-2.0 (effective 2026-01-01; formerly BUSL-1.1),root LICENSE.txt and COPYING,high,
controller/LFDB.hpp,100644,2357,6ec2be95562f8fd4eb2b8fb2a2f23410abeca74119632c1856388373e1dd406c,"C++ source, ASCII text",C++,False,scanned,Apache-2.0,Apache-2.0 (effective 2026-01-01; formerly BUSL-1.1),root LICENSE.txt and COPYING,high,
controller/PostgreSQL.cpp,100644,66672,ba214b499ef9ab97d75b058d73dd629100ec7192d49cde3be5f605fc2e9dc030,"C source, ASCII text",C++,False,scanned,Apache-2.0,Apache-2.0 (effective 2026-01-01; formerly BUSL-1.1),root LICENSE.txt and COPYING,high,
controller/PostgreSQL.hpp,100644,5362,6573fcfed46562823a9f6b448d3a7630d5dc393f53bfa8f996f4e36cd5e61653,"C++ source, ASCII text",C++,False,scanned,Apache-2.0,Apache-2.0 (effective 2026-01-01; formerly BUSL-1.1),root LICENSE.txt and COPYING,high,
controller/README.md,100644,4708,89f57e80a5a1b8cc2829ad0f6e909f60194643b74893bffc6d08986f152aef81,"ASCII text, with very long lines",,False,scanned,NONE,Apache-2.0 (effective 2026-01-01; formerly BUSL-1.1),root LICENSE.txt and COPYING,high,
controller/Redis.hpp,100644,226,63483c3a470d62732cdf89d4114953d65bf60fd6a950e9705740602d2ac37127,"C++ source, ASCII text",C++,False,scanned,NONE,Apache-2.0 (effective 2026-01-01; formerly BUSL-1.1),root LICENSE.txt and COPYING,high,
cycle_controllers.sh,100755,175,da44354f258568ad77a33b7b5aea3a2a222fd12220a6085a7ec3539d1b3bed0c,"Bourne-Again shell script, ASCII text executable",Bash,False,scanned,NONE,Apache-2.0 (effective 2026-01-01; formerly BUSL-1.1),root LICENSE.txt and COPYING,high,
debian/changelog,100644,10181,306ecadc174fe65b0e5f7c6240f8ac33e6c4f76f59fb8ad0ff8d368da8f88b33,ASCII text,,False,scanned,NONE,Apache-2.0 (effective 2026-01-01; formerly BUSL-1.1),root LICENSE.txt and COPYING,high,
debian/compat,100644,2,4a44dc15364204a80fe80e9039455cc1608281820fe2b24f1e5233ade6af1dd5,"ASCII text, with no line terminators",,False,scanned,NONE,Apache-2.0 (effective 2026-01-01; formerly BUSL-1.1),root LICENSE.txt and COPYING,high,
debian/control,100644,648,4a7e62f9e9aa987fc758337270a5c70871c06b042b9ce56bf4d3a95c694a03ad,ASCII text,Haxe,False,scanned,NONE,Apache-2.0 (effective 2026-01-01; formerly BUSL-1.1),root LICENSE.txt and COPYING,high,
debian/control.wheezy,100644,659,c47d2ef18a786e13c99a44d8ff752263ee6cb2a7d51abf9b164e17a17320b1c8,ASCII text,,False,scanned,NONE,Apache-2.0 (effective 2026-01-01; formerly BUSL-1.1),root LICENSE.txt and COPYING,high,
debian/copyright,100644,554,e9627e36b976459bd06f8db83f412b0888c082c572350afbe789391f6f6a017d,ASCII text,Haxe,False,scanned,Apache-2.0,Apache-2.0 (effective 2026-01-01; formerly BUSL-1.1),root LICENSE.txt and COPYING,high,
debian/postinst,100644,253,5b20fdb767f45df07dd2e48d4f3fd6fda6ed657e109d0e0422a0dcbe540d16dc,"POSIX shell script, ASCII text executable",Bash,False,scanned,NONE,Apache-2.0 (effective 2026-01-01; formerly BUSL-1.1),root LICENSE.txt and COPYING,high,
debian/rules,100644,295,77e7a63e6828a88443663513cb3e8dd6aa0df846419cb773a938978be4dac0af,"makefile script, ASCII text",,False,scanned,NONE,Apache-2.0 (effective 2026-01-01; formerly BUSL-1.1),root LICENSE.txt and COPYING,high,
debian/rules.static,100644,301,8886d1337d1792c2808d0c7e838bbb625dd87064aa7b0c2071a1c1bd45fa1767,"makefile script, ASCII text",,False,scanned,NONE,Apache-2.0 (effective 2026-01-01; formerly BUSL-1.1),root LICENSE.txt and COPYING,high,
debian/rules.wheezy,100644,128,c815230865d330522de666e162059f7c497df50bf3704023c3a7984e2dd4d76a,"makefile script, ASCII text",,False,scanned,NONE,Apache-2.0 (effective 2026-01-01; formerly BUSL-1.1),root LICENSE.txt and COPYING,high,
debian/rules.wheezy.static,100644,129,cea9cbe03fb45cb8da8b5d56ddd5a5064a81f59299109013338ac061d8e3087a,"makefile script, ASCII text",,False,scanned,NONE,Apache-2.0 (effective 2026-01-01; formerly BUSL-1.1),root LICENSE.txt and COPYING,high,
debian/source/format,100644,11,473fce26ee8db16aeb7cb164a727fad8291b1b3c25dede05cbc1775eea8e57f3,"ASCII text, with no line terminators",,False,scanned,NONE,Apache-2.0 (effective 2026-01-01; formerly BUSL-1.1),root LICENSE.txt and COPYING,high,
debian/ufw-zerotier-one,100644,89,16172c9125ca39786b0629cec0f494f3093be557f945a23e1c0278efd49a9e19,ASCII text,,False,scanned,NONE,Apache-2.0 (effective 2026-01-01; formerly BUSL-1.1),root LICENSE.txt and COPYING,high,
debian/zerotier-one.init,100644,1342,e375db8a8327bde7480e2299ee3a9f3ddb1f9629db1f65061442aec0c633be51,"POSIX shell script, ASCII text executable",,False,scanned,NONE,Apache-2.0 (effective 2026-01-01; formerly BUSL-1.1),root LICENSE.txt and COPYING,high,
debian/zerotier-one.service,100644,217,d73fc8f4e60c13b9071eecdc601acac3efd6a2556335195d623d591a374f9981,ASCII text,,False,scanned,NONE,Apache-2.0 (effective 2026-01-01; formerly BUSL-1.1),root LICENSE.txt and COPYING,high,
debian/zerotier-one.upstart,100644,277,4c22bb4dfe6d4441c9abd495ba284ad5f56699677a65665dbf531f785f438e07,ASCII text,,False,scanned,NONE,Apache-2.0 (effective 2026-01-01; formerly BUSL-1.1),root LICENSE.txt and COPYING,high,
doc/README.md,100644,491,3ccebed1044f8415b3da2bebd0a6b1066f75269ab1696986fd8cd99fcf873a02,"ASCII text, with very long lines",,False,scanned,NONE,Apache-2.0 (effective 2026-01-01; formerly BUSL-1.1),root LICENSE.txt and COPYING,high,
doc/build.sh,100755,1239,52d36fc154f1b6f5c4fddd454f7795a3432c65911048b0ec98984683e33cc0cb,"Bourne-Again shell script, ASCII text executable",Bash,False,scanned,NONE,Apache-2.0 (effective 2026-01-01; formerly BUSL-1.1),root LICENSE.txt and COPYING,high,
doc/contact@zerotier.com.gpg,100644,3175,bc3e1dc91a891aab76d730c3683b3b93515fe52cda4f83980c8694fa782fba3c,PGP public key block Public-Key (old),,False,scanned,NONE,Apache-2.0 (effective 2026-01-01; formerly BUSL-1.1),root LICENSE.txt and COPYING,high,
doc/manpage_encoding_declaration.UTF-8,100644,26,2cccac9bdd58787c5dcdb1e8577672b887fc2a70f7c899024605424defb41c6e,"troff or preprocessor input, ASCII text",,False,scanned,NONE,Apache-2.0 (effective 2026-01-01; formerly BUSL-1.1),root LICENSE.txt and COPYING,high,
doc/zerotier-cli.1,100644,4104,52f668d4ca81329de031d24c62b603d75c3df0f95bde04cf54b76353b55428e7,"troff or preprocessor input, ASCII text, with very long lines",,False,scanned,NONE,Apache-2.0 (effective 2026-01-01; formerly BUSL-1.1),root LICENSE.txt and COPYING,high,
doc/zerotier-cli.1.md,100644,3863,a9e90f770d6cbf63a0fcb01e345486e0d79cef098b066c541eb3ce7e0d6a7678,"ASCII text, with very long lines",,False,scanned,NONE,Apache-2.0 (effective 2026-01-01; formerly BUSL-1.1),root LICENSE.txt and COPYING,high,
doc/zerotier-idtool.1,100644,3282,8cafcc5667dd1b9af32a3a21d47a48d984999814517ed75bf291d514ea51e23f,"troff or preprocessor input, ASCII text, with very long lines",,False,scanned,NONE,Apache-2.0 (effective 2026-01-01; formerly BUSL-1.1),root LICENSE.txt and COPYING,high,
doc/zerotier-idtool.1.md,100644,3060,7eb6863752d1ff45bf2f809411809120d8ee1ddaa0eb4563530f874beeee8d6d,"ASCII text, with very long lines",,False,scanned,NONE,Apache-2.0 (effective 2026-01-01; formerly BUSL-1.1),root LICENSE.txt and COPYING,high,
doc/zerotier-one.8,100644,7222,6106e56db09bc96ee4163c63b93d58e9134345a8402e87c67be8ee99f9599a1b,"troff or preprocessor input, ASCII text, with very long lines",,False,scanned,NONE,Apache-2.0 (effective 2026-01-01; formerly BUSL-1.1),root LICENSE.txt and COPYING,high,
doc/zerotier-one.8.md,100644,6843,721e3de81126fbf4e09c2d0d8ad484c1bc9a0ca594db8e36d86bf4b174cca314,"ASCII text, with very long lines",,False,scanned,NONE,Apache-2.0 (effective 2026-01-01; formerly BUSL-1.1),root LICENSE.txt and COPYING,high,
entrypoint.sh.release,100644,2284,b2d06ae523707d82fedce581658b40105c521abcca71f50992db0e2c8360440c,"POSIX shell script, ASCII text executable",,False,scanned,NONE,Apache-2.0 (effective 2026-01-01; formerly BUSL-1.1),root LICENSE.txt and COPYING,high,
ext/README.md,100644,391,2decf87a3e792345bb40402cd75aff7584b734547cb0b63e87ad638db8ddad7a,ASCII text,,False,scanned,NONE,NOASSERTION,no applicable license located for this ext/ subtree,review,
ext/arm32-neon-salsa2012-asm/README.md,100644,504,2759b56d647b11177ade04ed943b53e143fcbe24f3b100c2a619ab38a34ad510,ASCII text,,False,scanned,LicenseRef-scancode-public-domain,LicenseRef-Public-Domain,ext/arm32-neon-salsa2012-asm/README.md,high,
ext/arm32-neon-salsa2012-asm/salsa2012.h,100644,700,e05db878d8f0a21517abc4899ed790a0e7c09c7e1a3b31f5784bee084fac13fd,"C source, ASCII text",C,False,scanned,NONE,LicenseRef-Public-Domain,ext/arm32-neon-salsa2012-asm/README.md,high,
ext/arm32-neon-salsa2012-asm/salsa2012.s,100644,64894,a469362aaa1c74dbdf1eef992ae15bcd181f2d7fc7a129570aa7d88a5a40b26d,"assembler source, ASCII text",GAS,False,scanned,NONE,LicenseRef-Public-Domain,ext/arm32-neon-salsa2012-asm/README.md,high,
ext/bin/tap-windows-ndis6/arm64/zttap300.cat,100644,11761,df593cce11b448490009af2d678d8ab56d17a1428d5fa00b7d21881ab44ec1aa,data,,True,scanned,NONE,NOASSERTION,no applicable license located for this ext/ subtree,review,
ext/bin/tap-windows-ndis6/arm64/zttap300.inf,100644,5110,30470e2b3305dd7364c51e6d1b942eb69b640d30ab7e2b2c25c261e3f1fbb3b4,Windows setup INFormation,,False,scanned,GPL-2.0-only,NOASSERTION,no applicable license located for this ext/ subtree,review,
ext/bin/tap-windows-ndis6/arm64/zttap300.sys,100644,38400,db44470551679224013e73ceb9bb2139cad86f22c9a8920c4b9d8451d394c839,"PE32+ executable (native) Aarch64, for MS Windows",,True,scanned,NONE,NOASSERTION,no applicable license located for this ext/ subtree,review,
ext/bin/tap-windows-ndis6/x64/zttap300.cat,100644,10769,38c0bbbca2e32509a32150990dbebf98be4ffe2c141a23e878cbeb6c7d483365,data,,True,scanned,NONE,NOASSERTION,no applicable license located for this ext/ subtree,review,
ext/bin/tap-windows-ndis6/x64/zttap300.inf,100644,5312,4afb5e5a2897350926704cdcb427fd69bd2c9f0da271941d1484896b54d294ae,Windows setup INFormation,,False,scanned,GPL-2.0-only,NOASSERTION,no applicable license located for this ext/ subtree,review,
ext/bin/tap-windows-ndis6/x64/zttap300.sys,100644,31744,4221486a0d36ef96ab1ed2a537747388655c4c2e470911646f4102d0b88fbdc6,"PE32+ executable (native) x86-64, for MS Windows",,True,scanned,NONE,NOASSERTION,no applicable license located for this ext/ subtree,review,
ext/bin/tap-windows-ndis6/x86/zttap300.cat,100644,10704,d63636eaf93fa4e68a1a0838e654373885e09c6f09c090f7e434b7bc847c32dc,data,,True,scanned,NONE,NOASSERTION,no applicable license located for this ext/ subtree,review,
ext/bin/tap-windows-ndis6/x86/zttap300.inf,100644,5078,bbb4544612523e654e50dc6996ec1da1467855d4e24ae0002a5e527b25679f0f,Windows setup INFormation,,False,scanned,GPL-2.0-only,NOASSERTION,no applicable license located for this ext/ subtree,review,
ext/bin/tap-windows-ndis6/x86/zttap300.sys,100644,35584,a50f5eec4753b7a587c27f78440b1c6c1a7aa65aba0914ab9997f0c94965678d,"PE32 executable (native) Intel 80386, for MS Windows",,True,scanned,NONE,NOASSERTION,no applicable license located for this ext/ subtree,review,
ext/central-controller-docker/Dockerfile,100644,663,5ae3326c06ccd805ad758b53e827f254195d8bb41c3bfdb6330337fb9d1610be,ASCII text,verilog,False,scanned,NONE,NOASSERTION,no applicable license located for this ext/ subtree,review,
ext/central-controller-docker/Dockerfile.builder,100644,644,b4736a9a51a16644294d648dbee85bcb3cec7ea2e2afab85f9a3382fe579e1e1,ASCII text,,False,scanned,NONE,NOASSERTION,no applicable license located for this ext/ subtree,review,
ext/central-controller-docker/Dockerfile.run_base,100644,270,c0058184f82b6e3ec2b75be45933f5d0dab939f540897737d209dcfbf0807fe4,ASCII text,,False,scanned,NONE,NOASSERTION,no applicable license located for this ext/ subtree,review,
ext/central-controller-docker/Makefile,100644,692,8d095284e58a36050a745039e3308c39c0069febd177689234438167758896dc,"makefile script, ASCII text",,False,scanned,NONE,NOASSERTION,no applicable license located for this ext/ subtree,review,
ext/central-controller-docker/README.md,100644,160,e5909239ed57227728299b4233a03bd89e5f3a4e02d7fe5b5b2686b41f0e33ac,ASCII text,,False,scanned,NONE,NOASSERTION,no applicable license located for this ext/ subtree,review,
ext/central-controller-docker/main.sh,100755,3532,dc9f5e6d1bf4282301d169af0d5de93456c6b675aca57f2f594450fb8a3e646e,"Bourne-Again shell script, ASCII text executable",Bash,False,scanned,NONE,NOASSERTION,no applicable license located for this ext/ subtree,review,
ext/cpp-httplib/httplib.h,100644,309946,a3347656c71c81c3fe510fdb1ff229d7db52eb7df04d3342d340eba0b6ad50ea,"C++ source, ASCII text",C,False,scanned,MIT,MIT,per-file header in ext/cpp-httplib/httplib.h,high,
ext/ed25519-amd64-asm/batch.c,100644,2576,d59eb77028728b7c054d9348d4d5b79539f460e87e5ddf74570932dac0068b0d,"C source, ASCII text",C,False,scanned,NONE,NOASSERTION,no applicable license located for this ext/ subtree,review,
ext/ed25519-amd64-asm/choose_t.s,100644,42599,b1bc96e6b900b6efe9dedf001154cb8a2bf18171247bb8985e1f842389285e9f,"assembler source, ASCII text",GAS,False,scanned,NONE,NOASSERTION,no applicable license located for this ext/ subtree,review,
ext/ed25519-amd64-asm/consts.s,100644,1621,ad9d6863cb876d591a30dbdc9430da5d06ddc0d2118b327f40327c3030791dfe,"assembler source, ASCII text",GAS,False,scanned,NONE,NOASSERTION,no applicable license located for this ext/ subtree,review,
ext/ed25519-amd64-asm/fe25519.h,100644,2406,96267b1f6023cf7295d4302a9ff13b829b0231068f32388b653435bbdf9c9617,"C source, ASCII text",C,False,scanned,NONE,NOASSERTION,no applicable license located for this ext/ subtree,review,
ext/ed25519-amd64-asm/fe25519_add.s,100644,3971,356dfd6e556af135e2e9b98c52e44b936e4848ee850efd8aa66b358c90058b22,"assembler source, ASCII text",GAS,False,scanned,NONE,NOASSERTION,no applicable license located for this ext/ subtree,review,
ext/ed25519-amd64-asm/fe25519_freeze.s,100644,7348,872ede4bfb52b9f01c07d0eb9dc866a0ae414d8ee64b9a00e8c0af0a2c860d93,"assembler source, ASCII text",GAS,False,scanned,NONE,NOASSERTION,no applicable license located for this ext/ subtree,review,
ext/ed25519-amd64-asm/fe25519_getparity.c,100644,152,824a4935a767dbb5eccc0df1bf765574f5c58897cad661de5132a2d0126f848e,"C source, ASCII text",C,False,scanned,NONE,NOASSERTION,no applicable license located for this ext/ subtree,review,
ext/ed25519-amd64-asm/fe25519_invert.c,100644,1904,3a994274f3ef38b904bb14fdbb7530c598a91e7b66e56e34a21da03f3098334a,"C source, ASCII text",C,False,scanned,NONE,NOASSERTION,no applicable license located for this ext/ subtree,review,
ext/ed25519-amd64-asm/fe25519_iseq.c,100644,323,b2e9bf2f9ec266eb5c653215895bf510451646b41959e3f8ad7c299f0562918b,"C source, ASCII text",C,False,scanned,NONE,NOASSERTION,no applicable license located for this ext/ subtree,review,
ext/ed25519-amd64-asm/fe25519_iszero.c,100644,219,3e04069ee21af54a9246e9948c9ffaaf2df78574bd29b25cc8cc1322409650de,"C source, ASCII text",C,False,scanned,NONE,NOASSERTION,no applicable license located for this ext/ subtree,review,
ext/ed25519-amd64-asm/fe25519_mul.s,100644,21098,17e514271ce14743d15f17be72cb8e37382dfe5a4d0a652ec5f2cd6afa97dc9b,"assembler source, ASCII text",GAS,False,scanned,NONE,NOASSERTION,no applicable license located for this ext/ subtree,review,
ext/ed25519-amd64-asm/fe25519_neg.c,100644,133,57f8cce587b8f4264e686eb435ac281e0c3e2b6e3ac7bf9bfc9bfc2dd53b5971,"C source, ASCII text",C,False,scanned,NONE,NOASSERTION,no applicable license located for this ext/ subtree,review,
ext/ed25519-amd64-asm/fe25519_pack.c,100644,271,599b5e709f14cc6958a673055f220f899c876f9ccbacf7a691c9671305480401,"C source, ASCII text",C,False,scanned,NONE,NOASSERTION,no applicable license located for this ext/ subtree,review,
ext/ed25519-amd64-asm/fe25519_pow2523.c,100644,1773,76537653d73f0d939ec9aa0381c70c7ea94c05ec2e3b4c17c5af5b308f6c56ad,"C source, ASCII text",C,False,scanned,NONE,NOASSERTION,no applicable license located for this ext/ subtree,review,
ext/ed25519-amd64-asm/fe25519_setint.c,100644,134,a764c280047421e2fa45c60b70e11555b5f325d74eebad305b3fd1f8250c7996,"C source, ASCII text",C,False,scanned,NONE,NOASSERTION,no applicable license located for this ext/ subtree,review,
ext/ed25519-amd64-asm/fe25519_square.s,100644,17152,727c5510552681660cab8634f19151cc20f5190d8dc217d6a94d0dd45c03c0b1,"assembler source, ASCII text",GAS,False,scanned,NONE,NOASSERTION,no applicable license located for this ext/ subtree,review,
ext/ed25519-amd64-asm/fe25519_sub.s,100644,3980,1fe4068b78ae8eba27debfb8347ed0c2dbbaf47b16fccf9caa39e415c87522aa,"assembler source, ASCII text",GAS,False,scanned,NONE,NOASSERTION,no applicable license located for this ext/ subtree,review,
ext/ed25519-amd64-asm/fe25519_unpack.c,100644,322,cba5db016600e82e23b168c753e411b1598be17c737d6423684674e5fce85895,"C source, ASCII text",C,False,scanned,NONE,NOASSERTION,no applicable license located for this ext/ subtree,review,
ext/ed25519-amd64-asm/ge25519.h,100644,3521,723ed30cc1441caf948578839fff53059991f431bd2c738a1ee99a8fb80a49e7,"C source, ASCII text",C,False,scanned,NONE,NOASSERTION,no applicable license located for this ext/ subtree,review,
ext/ed25519-amd64-asm/ge25519_add.c,100644,192,f82e2f19c6a405cb4d9a5cbd3c1db8b27cb3831ec048230e92d57b3355c9d944,"C source, ASCII text",C,False,scanned,NONE,NOASSERTION,no applicable license located for this ext/ subtree,review,
ext/ed25519-amd64-asm/ge25519_add_p1p1.s,100644,114722,2cf1bab10997727ce0947793fe0000644ae8e25f9e29025bc0ba02815c2adde3,"assembler source, ASCII text",GAS,False,scanned,NONE,NOASSERTION,no applicable license located for this ext/ subtree,review,
ext/ed25519-amd64-asm/ge25519_base.c,100644,480,cb962b012ebe9d04c31791fce6087001934f715b667cc411dc81e047e95570c1,"C source, ASCII text",C,False,scanned,NONE,NOASSERTION,no applicable license located for this ext/ subtree,review,
ext/ed25519-amd64-asm/ge25519_base_niels.data,100644,131070,b84720a9d9da474cf60069745cac2cbb380de68a7d235138f1b72b260bcfd2b7,CSV text,,False,scanned,NONE,NOASSERTION,no applicable license located for this ext/ subtree,review,
ext/ed25519-amd64-asm/ge25519_base_niels_smalltables.data,100644,65534,4e13caf72cd7d2e74bf56612c4c1e40e307950df31e2e0fa6cbf33a39c51cd3e,CSV text,,False,scanned,NONE,NOASSERTION,no applicable license located for this ext/ subtree,review,
ext/ed25519-amd64-asm/ge25519_base_slide_multiples.data,100644,8190,68c4ab339f3732f59ff524fecf8377fcd9850cb210198a41162fa76dedd56d92,CSV text,,False,scanned,NONE,NOASSERTION,no applicable license located for this ext/ subtree,review,
ext/ed25519-amd64-asm/ge25519_dbl_p1p1.s,100644,79356,26e4c4a5c3c2a2372b4b3e0f5b4d9a87058be8131b561b8132412c43d2adb5c2,"assembler source, ASCII text",GAS,False,scanned,NONE,NOASSERTION,no applicable license located for this ext/ subtree,review,
ext/ed25519-amd64-asm/ge25519_double.c,100644,185,9848f33c729083416d0965d9524a93b50cbe54e9bf2925d479cfa50461e44976,"C source, ASCII text",C,False,scanned,NONE,NOASSERTION,no applicable license located for this ext/ subtree,review,
ext/ed25519-amd64-asm/ge25519_double_scalarmult.c,100644,2793,63686d2052354cbe5d686f252e36f9a2d80c00f26b4873fcb4c39b1ae8727ff6,"C source, ASCII text",C,False,scanned,NONE,NOASSERTION,no applicable license located for this ext/ subtree,review,
ext/ed25519-amd64-asm/ge25519_isneutral.c,100644,209,695b5038c889c7a244efed10b473833cdedde1d6a3490af0496ee1179fec3139,"C source, ASCII text",C,False,scanned,NONE,NOASSERTION,no applicable license located for this ext/ subtree,review,
ext/ed25519-amd64-asm/ge25519_multi_scalarmult.c,100644,2771,daf62274bd1895f047937f75bd1124e850d13679faf28f29b40bc07ac683e443,"C source, ASCII text",C,False,scanned,NONE,NOASSERTION,no applicable license located for this ext/ subtree,review,
ext/ed25519-amd64-asm/ge25519_nielsadd2.s,100644,142678,ffe9d08fc3859baf4ddfd60a87c3068ce58af22e619424830037b1d49f860781,"assembler source, ASCII text",GAS,False,scanned,NONE,NOASSERTION,no applicable license located for this ext/ subtree,review,
ext/ed25519-amd64-asm/ge25519_nielsadd_p1p1.s,100644,73981,94dc64dac25e463eff39f84b64eabd92f8261932bdd23ce7a50377bfa4ba44be,"assembler source, ASCII text",GAS,False,scanned,NONE,NOASSERTION,no applicable license located for this ext/ subtree,review,
ext/ed25519-amd64-asm/ge25519_p1p1_to_p2.s,100644,56094,08fcc790f985d01c910b028f8a5bbc997b2a1478e80a5da22ee9181eb18ca70e,"assembler source, ASCII text",GAS,False,scanned,NONE,NOASSERTION,no applicable license located for this ext/ subtree,review,
ext/ed25519-amd64-asm/ge25519_p1p1_to_p3.s,100644,73540,5362d7f3af0c3700f22c99751614e11bfe69b5d0449cf726c4f98c0370639e57,"assembler source, ASCII text",GAS,False,scanned,NONE,NOASSERTION,no applicable license located for this ext/ subtree,review,
ext/ed25519-amd64-asm/ge25519_pack.c,100644,309,8893ddb92a27c2d2380f4acba993a5a34cf84e531631270e1b6e9d9b4fe45b1c,"C source, ASCII text",C,False,scanned,NONE,NOASSERTION,no applicable license located for this ext/ subtree,review,
ext/ed25519-amd64-asm/ge25519_pnielsadd_p1p1.s,100644,90516,c7bbd5698d1bebe69d55f2dba70035baba4358a927b87a0ca8f9c9585c3d138d,"assembler source, ASCII text",GAS,False,scanned,NONE,NOASSERTION,no applicable license located for this ext/ subtree,review,
ext/ed25519-amd64-asm/ge25519_scalarmult_base.c,100644,2044,99ede62e7a100b71cd5ac0e32a663322eabc8b3cef2b3fd3294ca2420d0e94c9,"C source, ASCII text",C,False,scanned,NONE,NOASSERTION,no applicable license located for this ext/ subtree,review,
ext/ed25519-amd64-asm/ge25519_unpackneg.c,100644,1855,6be13540f5496beb1903ed3b93b7a52ac4be36830d405bbbcc98f0deac3ca502,"C source, ASCII text",C,False,scanned,NONE,NOASSERTION,no applicable license located for this ext/ subtree,review,
ext/ed25519-amd64-asm/heap_rootreplaced.s,100644,10941,436425f30a1f0b8ecb178c6d6fe22a4cbc2477162961c125620a49c5fe54ab44,"assembler source, ASCII text",GAS,False,scanned,NONE,NOASSERTION,no applicable license located for this ext/ subtree,review,
ext/ed25519-amd64-asm/heap_rootreplaced_1limb.s,100644,9214,c14d1ae5e46cfda85c36937bbc39df0536672e767cf80d17c454a69de329f7fd,"assembler source, ASCII text",GAS,False,scanned,NONE,NOASSERTION,no applicable license located for this ext/ subtree,review,
ext/ed25519-amd64-asm/heap_rootreplaced_2limbs.s,100644,9796,25ca5113a54b51b1902446263509b67935f631bc711aea1c632b7f0d6218379d,"assembler source, ASCII text",GAS,False,scanned,NONE,NOASSERTION,no applicable license located for this ext/ subtree,review,
ext/ed25519-amd64-asm/heap_rootreplaced_3limbs.s,100644,10385,e5372d8fec943fda4e94e94aa9df0fcaa81a86e797f271f8fccbcf18b462ed70,"assembler source, ASCII text",GAS,False,scanned,NONE,NOASSERTION,no applicable license located for this ext/ subtree,review,
ext/ed25519-amd64-asm/hram.c,100644,555,b44e3bf3b48ce84dabf4f33c33d5b94f3e9ba4e504401c5eeeba785eb9177383,"C source, ASCII text",C,False,scanned,NONE,NOASSERTION,no applicable license located for this ext/ subtree,review,
ext/ed25519-amd64-asm/hram.h,100644,241,b514444e989a127fe8d4a096562a451341cdef81925fd0caae008f1b2cc8d209,"C source, ASCII text",C,False,scanned,NONE,NOASSERTION,no applicable license located for this ext/ subtree,review,
ext/ed25519-amd64-asm/implementors,100644,75,71321413bea5f0cd4116814b1eb35c6f16dace6b56f13ba269c686d349790df2,ASCII text,,False,scanned,NONE,NOASSERTION,no applicable license located for this ext/ subtree,review,
ext/ed25519-amd64-asm/index_heap.c,100644,1661,7fec60cfe22673b0aa2beb5cfa0bf18e0f95e7d7c572d78991399c6a0e011f85,"C source, ASCII text",C,False,scanned,NONE,NOASSERTION,no applicable license located for this ext/ subtree,review,
ext/ed25519-amd64-asm/index_heap.h,100644,1674,b90f41ab4d811fa15f2bf971afc33023dc52be1005c809b7c315b60a919e450a,"C source, ASCII text",C,False,scanned,NONE,NOASSERTION,no applicable license located for this ext/ subtree,review,
ext/ed25519-amd64-asm/keypair.c,100644,492,8ade74fab5f4518ad280f25f7ab891caaa99e3484f2d3f6532bbbdff9ff88509,"C source, ASCII text",C,False,scanned,NONE,NOASSERTION,no applicable license located for this ext/ subtree,review,
ext/ed25519-amd64-asm/open.c,100644,1111,385189320f4bc3931775a531aab6f1eff58ca545922e953c5bed181ba43fdf96,"C source, ASCII text",C,False,scanned,NONE,NOASSERTION,no applicable license located for this ext/ subtree,review,
ext/ed25519-amd64-asm/sc25519.h,100644,2618,9ca600741dde0685f81fecd2a4db7e91cfd04dedb6cab9b15c93981012016ba2,"C source, ASCII text",C,False,scanned,NONE,NOASSERTION,no applicable license located for this ext/ subtree,review,
ext/ed25519-amd64-asm/sc25519_add.s,100644,5679,0776bccb8dfb468f5d0a74bb5da2ab27c21617f8aa000355f5ecbf6167ff5874,"assembler source, ASCII text",GAS,False,scanned,NONE,NOASSERTION,no applicable license located for this ext/ subtree,review,
ext/ed25519-amd64-asm/sc25519_barrett.s,100644,29606,28bb98ef9174486a843247c6109ca5fdfada16a799caabf57d4e677f9166bddb,"assembler source, ASCII text",GAS,False,scanned,NONE,NOASSERTION,no applicable license located for this ext/ subtree,review,
ext/ed25519-amd64-asm/sc25519_from32bytes.c,100644,2182,bf421d5e1c0035dacebcba0b3852cedad178c743b03f3b5d0c6a777efbb0af8e,"C source, ASCII text",C,False,scanned,NONE,NOASSERTION,no applicable license located for this ext/ subtree,review,
ext/ed25519-amd64-asm/sc25519_from64bytes.c,100644,206,318a7852846c535cf3a9a8d6d5a8dbea3e51335e477b9aa25fb712a1709c2c70,"C source, ASCII text",C,False,scanned,NONE,NOASSERTION,no applicable license located for this ext/ subtree,review,
ext/ed25519-amd64-asm/sc25519_from_shortsc.c,100644,159,4033b5c0e04cd58f2f1b8d727afb060ae776a13af62ff5649668f39c05b98071,"C source, ASCII text",C,False,scanned,NONE,NOASSERTION,no applicable license located for this ext/ subtree,review,
ext/ed25519-amd64-asm/sc25519_iszero.c,100644,199,e162082883f5e653abce1bfb33644267fd2966d91159d0e04c9295e7ef3b2f9a,"C source, ASCII text",C,False,scanned,NONE,NOASSERTION,no applicable license located for this ext/ subtree,review,
ext/ed25519-amd64-asm/sc25519_lt.s,100644,2518,2745caed1b0eb962a014c4ca8db35e7be5834642a401c2b906df95c5b93d1269,"assembler source, ASCII text",GAS,False,scanned,NONE,NOASSERTION,no applicable license located for this ext/ subtree,review,
ext/ed25519-amd64-asm/sc25519_mul.c,100644,343,0a1e0610fa31b18d10d9f7ce32d2b9c8bb7ee7fd6682de190220909a43cb2433,"C source, ASCII text",C,False,scanned,NONE,NOASSERTION,no applicable license located for this ext/ subtree,review,
ext/ed25519-amd64-asm/sc25519_mul_shortsc.c,100644,210,5fa43bb188c7c31858081fe137308163c1dda4c3d381c83614496faff84cfd67,"C source, ASCII text",C,False,scanned,NONE,NOASSERTION,no applicable license located for this ext/ subtree,review,
ext/ed25519-amd64-asm/sc25519_slide.c,100644,1100,0227fe737ecabaaaf416c58a23e4697e255d5a8295f761dd70a62e3051b3b327,"C source, ASCII text",C,False,scanned,NONE,NOASSERTION,no applicable license located for this ext/ subtree,review,
ext/ed25519-amd64-asm/sc25519_sub_nored.s,100644,2837,244829e14618b1b35aca814234b1958c562335e165f9aba5843c5b610f7180bb,"assembler source, ASCII text",GAS,False,scanned,NONE,NOASSERTION,no applicable license located for this ext/ subtree,review,
ext/ed25519-amd64-asm/sc25519_to32bytes.c,100644,182,ad84061c02cfb664ab06d15f350e255eb1979aa62bf8531f394295248240b82e,"C source, ASCII text",C,False,scanned,NONE,NOASSERTION,no applicable license located for this ext/ subtree,review,
ext/ed25519-amd64-asm/sc25519_window4.c,100644,532,d3ffff42bdf8344b2a2edfb6a51ddc83b345df1a63b2e11c1446fbc67025102d,"C source, ASCII text",C,False,scanned,NONE,NOASSERTION,no applicable license located for this ext/ subtree,review,
ext/ed25519-amd64-asm/sign.c,100644,4039,f94e9005811a8c22b77d0af56b09f807426ce6fabec04e945a3410604cfdae6a,"C source, ASCII text",C,False,scanned,NONE,NOASSERTION,no applicable license located for this ext/ subtree,review,
ext/ed25519-amd64-asm/ull4_mul.s,100644,16386,30bcbfd2acdd2d736a46b7eccdd3f5f11a521c01f0e0f18dcc0783d5a743840f,"assembler source, ASCII text",GAS,False,scanned,NONE,NOASSERTION,no applicable license located for this ext/ subtree,review,
ext/hiredis-0.14.1/.gitignore,100644,67,0bff9cb9987e1d3a1426ff3ca696be55b0892423bdf0b7ca80a526c22a6d83dd,unscanned Git metadata,,False,scope-only,NONE,BSD-3-Clause,ext/hiredis-0.14.1/COPYING,high,
ext/hiredis-0.14.1/.travis.yml,100644,956,f097473be586964c78aec2d05d469b153958bd88cf427a6dbca1905d8a6b713b,ASCII text,,False,scanned,NONE,BSD-3-Clause,ext/hiredis-0.14.1/COPYING,high,
ext/hiredis-0.14.1/CHANGELOG.md,100644,7536,59c4927d005c92e8ca18077eef7a69bb6d8dd8500128fba73c723d9fa5a4ad12,ASCII text,,False,scanned,NONE,BSD-3-Clause,ext/hiredis-0.14.1/COPYING,high,
ext/hiredis-0.14.1/COPYING,100644,1588,dca05ce8fc87a8261783b4aed0deef8becc9350b6aa770bc714d0c1833b896eb,ASCII text,,False,scanned,BSD-3-Clause,BSD-3-Clause,ext/hiredis-0.14.1/COPYING,high,
ext/hiredis-0.14.1/Makefile,100644,8014,cd5a16116795657a06260768ec3f18af7df5fa8d6d6b9d3f8090121b13febbb0,"makefile script, ASCII text",,False,scanned,BSD-3-Clause,BSD-3-Clause,ext/hiredis-0.14.1/COPYING,high,
ext/hiredis-0.14.1/README.md,100644,18137,a091ec225f0c6776c94cb3dac0c66123bbebbd60a62e9434f0c2dbf1ba233e96,"C source, ASCII text",,False,scanned,BSD-3-Clause,BSD-3-Clause,ext/hiredis-0.14.1/COPYING,high,
ext/hiredis-0.14.1/adapters/ae.h,100644,4222,f9c931eee7d48ffc4710799158683f26541d644ce441a87c6830213cde9393f9,"C source, ASCII text",C,False,scanned,BSD-3-Clause,BSD-3-Clause,ext/hiredis-0.14.1/COPYING,high,
ext/hiredis-0.14.1/adapters/glib.h,100644,3808,dab906eafd832786f19bb29c62762da5ef46242d70787797c235ddf30017c574,"C source, ASCII text",C,False,scanned,NONE,BSD-3-Clause,ext/hiredis-0.14.1/COPYING,high,
ext/hiredis-0.14.1/adapters/ivykis.h,100644,2278,0386ededd505e5f9532aa153116afdca1e257b1591820edded83ef65a197b95f,"C source, ASCII text",C,False,scanned,NONE,BSD-3-Clause,ext/hiredis-0.14.1/COPYING,high,
ext/hiredis-0.14.1/adapters/libev.h,100644,4590,ec2911bb0059b6c8fdf030ea0196cd4f1f7f628588acaa72ce7567b4e45debef,"C source, ASCII text",C,False,scanned,BSD-3-Clause,BSD-3-Clause,ext/hiredis-0.14.1/COPYING,high,
ext/hiredis-0.14.1/adapters/libevent.h,100644,4001,f5ea77d743ca6d934c41ea7df00aecceb1ac8d1a85332fc860f6a84c01320e82,"C source, ASCII text",C,False,scanned,BSD-3-Clause,BSD-3-Clause,ext/hiredis-0.14.1/COPYING,high,
ext/hiredis-0.14.1/adapters/libuv.h,100644,2569,35bc7b8f86db0b70c00fc89ad68b813f93e7c8aa7967c7f46411854b64fc0b64,"C source, ASCII text",C,False,scanned,NONE,BSD-3-Clause,ext/hiredis-0.14.1/COPYING,high,
ext/hiredis-0.14.1/adapters/macosx.h,100644,3865,57483bca412ec6bda1bb49bf43bb697a54998fbd346149338b4fff1279c5ecbe,"C source, UTF-8 Unicode text",C,False,scanned,NONE,BSD-3-Clause,ext/hiredis-0.14.1/COPYING,high,
ext/hiredis-0.14.1/adapters/qt.h,100644,4233,d6a1f8b35717d1febb5b9715e1fc7ab3de09b2ca7703684dc0a84e68f06fb23b,"C++ source, ASCII text",C,False,scanned,BSD-2-Clause,BSD-2-Clause,direct per-file terms override package default,medium,
ext/hiredis-0.14.1/alloc.c,100644,2260,33320329b42514591d1489560f8200e27a3fe0d21c80624f5aeb5ff3239045a8,"C source, ASCII text",C,False,scanned,BSD-3-Clause,BSD-3-Clause,ext/hiredis-0.14.1/COPYING,high,
ext/hiredis-0.14.1/alloc.h,100644,2025,59dc2cb9d65a01db3271d9d333b34d6600bc0838a145d57894c87967259873d6,"C source, ASCII text",C,False,scanned,BSD-3-Clause,BSD-3-Clause,ext/hiredis-0.14.1/COPYING,high,
ext/hiredis-0.14.1/appveyor.yml,100644,766,e267fa2a55ea17532d445cbab8c33abe78a56e59e7e5e790174da1d533f710e1,ASCII text,,False,scanned,NONE,BSD-3-Clause,ext/hiredis-0.14.1/COPYING,high,
ext/hiredis-0.14.1/async.c,100644,24064,e2b61a1cab4510305eceaccbe5161e69ceed7eddfc7fc4c89d724374186c9b1c,"C source, ASCII text",C,False,scanned,BSD-3-Clause,BSD-3-Clause,ext/hiredis-0.14.1/COPYING,high,
ext/hiredis-0.14.1/async.h,100644,5316,9ef9f28142aa42fc8a0c76c3fa029b64d9207a016203e7eaef085b4a7cf46853,"C source, ASCII text",C,False,scanned,BSD-3-Clause,BSD-3-Clause,ext/hiredis-0.14.1/COPYING,high,
ext/hiredis-0.14.1/dict.c,100644,10579,053ca030e549095e1e6644f351051ec7a6295332e601a9770378c256a2c05241,"C source, ASCII text",C,False,scanned,BSD-3-Clause,BSD-3-Clause,ext/hiredis-0.14.1/COPYING,high,
ext/hiredis-0.14.1/dict.h,100644,4691,310ec563c94252e6d560b6c1dbb7b6f0d55553aed3c408b289a26a08e2225459,"C source, ASCII text",C,False,scanned,BSD-3-Clause,BSD-3-Clause,ext/hiredis-0.14.1/COPYING,high,
ext/hiredis-0.14.1/examples/example-ae.c,100644,1583,3538e8565e8962b4682df29e85272851730997bb7bf37e3848622b5597c4fafc,"C source, ASCII text",C,False,scanned,NONE,BSD-3-Clause,ext/hiredis-0.14.1/COPYING,high,
ext/hiredis-0.14.1/examples/example-glib.c,100644,1632,bc7ef5fc2b042e5c0a4fd8fdb1c8de12734b8de540fbeea304a7d57669d193c1,"C source, ASCII text",C,False,scanned,NONE,BSD-3-Clause,ext/hiredis-0.14.1/COPYING,high,
ext/hiredis-0.14.1/examples/example-ivykis.c,100644,1418,f8a495af9d3a03e2d9bbe21c36e7904e15a317c39b901d29ab219381e18d4b47,"C source, ASCII text",C,False,scanned,NONE,BSD-3-Clause,ext/hiredis-0.14.1/COPYING,high,
ext/hiredis-0.14.1/examples/example-libev.c,100644,1405,50512e3fe5a9d0058e326983527b797d8d5c9398beecc13d1c6dbe1126ddb3c8,"C source, ASCII text",C,False,scanned,NONE,BSD-3-Clause,ext/hiredis-0.14.1/COPYING,high,
ext/hiredis-0.14.1/examples/example-libevent.c,100644,1455,398041d7254b8a862b13b543a42ba2f6bef91bbe7d3c2a5a979fa25107d6908d,"C source, ASCII text",C,False,scanned,NONE,BSD-3-Clause,ext/hiredis-0.14.1/COPYING,high,
ext/hiredis-0.14.1/examples/example-libuv.c,100644,1445,f9d3f381591e569eb214a1eafe0808678f4781c3814c9030ad3c19bcbd88b58e,"C source, ASCII text",C,False,scanned,NONE,BSD-3-Clause,ext/hiredis-0.14.1/COPYING,high,
ext/hiredis-0.14.1/examples/example-macosx.c,100644,1654,db14aad6b8c45a11bc667bc8346085eb2dcb3ac764fbff63210ceca3a7051863,"C source, UTF-8 Unicode text",C,False,scanned,NONE,BSD-3-Clause,ext/hiredis-0.14.1/COPYING,high,
ext/hiredis-0.14.1/examples/example-qt.cpp,100644,1047,c9d6f1e097c8bafff309a452525581391ca92a67f758c0346bd7c43754181c27,"C++ source, ASCII text",C++,False,scanned,NONE,BSD-3-Clause,ext/hiredis-0.14.1/COPYING,high,
ext/hiredis-0.14.1/examples/example-qt.h,100644,620,3cf4c90f773a625decb183b0b10419a8a7834244812a7d30412219c885df6f16,"C++ source, ASCII text",C,False,scanned,NONE,BSD-3-Clause,ext/hiredis-0.14.1/COPYING,high,
ext/hiredis-0.14.1/examples/example.c,100644,2236,4427088a6aa1db920262fb82eb54ebd3b4066ac0129a8928f5dcb3a1b5a2ea2e,"C source, ASCII text",C,False,scanned,NONE,BSD-3-Clause,ext/hiredis-0.14.1/COPYING,high,
ext/hiredis-0.14.1/fmacros.h,100644,225,e0ada297533dd2698090b8d14b3b843de884770e35a90bdddb317276e30fdbb6,"C source, ASCII text",C,False,scanned,NONE,BSD-3-Clause,ext/hiredis-0.14.1/COPYING,high,
ext/hiredis-0.14.1/hiredis.c,100644,28854,cead3efc7bf4874127b9bfb05bd4f5c7640adb053138db4a08969d61f9897e0e,"C source, ASCII text",C,False,scanned,BSD-3-Clause,BSD-3-Clause,ext/hiredis-0.14.1/COPYING,high,
ext/hiredis-0.14.1/hiredis.h,100644,8200,cc2ad4c0e6dcc4da2cc779832570835300f51d8ed3c4b9126604ab48f5ca4b09,"C source, ASCII text",C,False,scanned,BSD-3-Clause,BSD-3-Clause,ext/hiredis-0.14.1/COPYING,high,
ext/hiredis-0.14.1/include/hiredis/alloc.h,100644,2025,59dc2cb9d65a01db3271d9d333b34d6600bc0838a145d57894c87967259873d6,"C source, ASCII text",C,False,scanned,BSD-3-Clause,BSD-3-Clause,ext/hiredis-0.14.1/COPYING,high,
ext/hiredis-0.14.1/include/hiredis/async.h,100644,5316,9ef9f28142aa42fc8a0c76c3fa029b64d9207a016203e7eaef085b4a7cf46853,"C source, ASCII text",C,False,scanned,BSD-3-Clause,BSD-3-Clause,ext/hiredis-0.14.1/COPYING,high,
ext/hiredis-0.14.1/include/hiredis/dict.h,100644,4691,310ec563c94252e6d560b6c1dbb7b6f0d55553aed3c408b289a26a08e2225459,"C source, ASCII text",C,False,scanned,BSD-3-Clause,BSD-3-Clause,ext/hiredis-0.14.1/COPYING,high,
ext/hiredis-0.14.1/include/hiredis/fmacros.h,100644,225,e0ada297533dd2698090b8d14b3b843de884770e35a90bdddb317276e30fdbb6,"C source, ASCII text",C,False,scanned,NONE,BSD-3-Clause,ext/hiredis-0.14.1/COPYING,high,
ext/hiredis-0.14.1/include/hiredis/hiredis.h,100644,8200,cc2ad4c0e6dcc4da2cc779832570835300f51d8ed3c4b9126604ab48f5ca4b09,"C source, ASCII text",C,False,scanned,BSD-3-Clause,BSD-3-Clause,ext/hiredis-0.14.1/COPYING,high,
ext/hiredis-0.14.1/include/hiredis/net.h,100644,2517,6303271dd1589e2560352a326c803ff7225f2b2fa9a275f191a46079dbc6888f,"C source, ASCII text",C,False,scanned,BSD-3-Clause,BSD-3-Clause,ext/hiredis-0.14.1/COPYING,high,
ext/hiredis-0.14.1/include/hiredis/read.h,100644,4353,71341b881fcaaa64e1134e7cf31527a0ee770572c2e9294b57cc95c5eb764128,"C source, ASCII text",C,False,scanned,BSD-3-Clause,BSD-3-Clause,ext/hiredis-0.14.1/COPYING,high,
ext/hiredis-0.14.1/include/hiredis/sds.h,100644,8947,a7faf2670b508beccb8c5ac683508aeb52c2ceadc76f86a394fddf3f794c4132,"C source, ASCII text",C,False,scanned,BSD-3-Clause,BSD-3-Clause,ext/hiredis-0.14.1/COPYING,high,
ext/hiredis-0.14.1/include/hiredis/sdsalloc.h,100644,2092,3f99fdb0bfc77ca6f68a513555c85a8a34a81eefa051efff1d005b5333e60da0,ASCII text,C,False,scanned,BSD-3-Clause,BSD-3-Clause,ext/hiredis-0.14.1/COPYING,high,
ext/hiredis-0.14.1/include/hiredis/win32.h,100644,744,b59bd28ec51301db4b6b064ed9cc1b9346a6f4daf01ed99c3b3706094286b097,"C source, ASCII text",C,False,scanned,NONE,BSD-3-Clause,ext/hiredis-0.14.1/COPYING,high,
ext/hiredis-0.14.1/lib/centos8/libhiredis.a,100644,485314,4eacf53db2e082c67b088ab6c34fdec5ce1ca82867b0e136fd3e9700acab13b8,current ar archive,,True,scanned,NONE,BSD-3-Clause,ext/hiredis-0.14.1/COPYING,high,
ext/hiredis-0.14.1/lib/macos/libhiredis.a,100644,532024,334716f416a38407a5d5c34e07d1b37ef11c3b8ae39f49fc5e4036cf4821d4f5,Mach-O universal binary with 2 architectures: [x86_64:current ar archive random library] [arm64:current ar archive random library],,True,scanned,NONE,BSD-3-Clause,ext/hiredis-0.14.1/COPYING,high,
ext/hiredis-0.14.1/net.c,100644,15062,37317328a9e8d781d5c54e353d1a406074ecb7e206e9624691b212e0a27dec0d,"C source, ASCII text",C,False,scanned,BSD-3-Clause,BSD-3-Clause,ext/hiredis-0.14.1/COPYING,high,
ext/hiredis-0.14.1/net.h,100644,2517,6303271dd1589e2560352a326c803ff7225f2b2fa9a275f191a46079dbc6888f,"C source, ASCII text",C,False,scanned,BSD-3-Clause,BSD-3-Clause,ext/hiredis-0.14.1/COPYING,high,
ext/hiredis-0.14.1/read.c,100644,17324,6db99f425987df1c0356ef15b909782959b774414b043794a419ebb2b3777941,"C source, ASCII text",C,False,scanned,BSD-3-Clause,BSD-3-Clause,ext/hiredis-0.14.1/COPYING,high,
ext/hiredis-0.14.1/read.h,100644,4353,71341b881fcaaa64e1134e7cf31527a0ee770572c2e9294b57cc95c5eb764128,"C source, ASCII text",C,False,scanned,BSD-3-Clause,BSD-3-Clause,ext/hiredis-0.14.1/COPYING,high,
ext/hiredis-0.14.1/sds.c,100644,39816,1c56abe7d8ee1bc658f23051cf6080556ab6592f7099fca57eb05910bf14d3d1,"C source, ASCII text",C,False,scanned,BSD-3-Clause,BSD-3-Clause,ext/hiredis-0.14.1/COPYING,high,
ext/hiredis-0.14.1/sds.h,100644,8947,a7faf2670b508beccb8c5ac683508aeb52c2ceadc76f86a394fddf3f794c4132,"C source, ASCII text",C,False,scanned,BSD-3-Clause,BSD-3-Clause,ext/hiredis-0.14.1/COPYING,high,
ext/hiredis-0.14.1/sdsalloc.h,100644,2092,3f99fdb0bfc77ca6f68a513555c85a8a34a81eefa051efff1d005b5333e60da0,ASCII text,C,False,scanned,BSD-3-Clause,BSD-3-Clause,ext/hiredis-0.14.1/COPYING,high,
ext/hiredis-0.14.1/test.c,100644,32723,061e825fb2ef7f2d25857447631b2028af4e2c2cacbda14fd305d6a97727d7fe,"C source, ASCII text",C,False,scanned,NONE,BSD-3-Clause,ext/hiredis-0.14.1/COPYING,high,
ext/hiredis-0.14.1/win32.h,100644,744,b59bd28ec51301db4b6b064ed9cc1b9346a6f4daf01ed99c3b3706094286b097,"C source, ASCII text",C,False,scanned,NONE,BSD-3-Clause,ext/hiredis-0.14.1/COPYING,high,
ext/hiredis-1.0.2/.gitignore,100644,84,56af02b98f306abdf009866f163fc0aa902f85cfed8c2f51a3daf059af6e8894,unscanned Git metadata,,False,scope-only,NONE,BSD-3-Clause,ext/hiredis-1.0.2/COPYING,high,
ext/hiredis-1.0.2/.travis.yml,100644,3384,b8000b05e4ffd49970c2524d512732dde30442b3ba5d3cfbe127cfe42b0d84c1,ASCII text,,False,scanned,NONE,BSD-3-Clause,ext/hiredis-1.0.2/COPYING,high,
ext/hiredis-1.0.2/CHANGELOG.md,100644,24539,9097d561876c108dd4b0a7b513ef2c1ac9073d40c72a1ec380b27dcc2c8f9f60,"ASCII text, with very long lines",,False,scanned,NONE,BSD-3-Clause,ext/hiredis-1.0.2/COPYING,high,
ext/hiredis-1.0.2/CMakeLists.txt,100644,5241,1fb23319b0dc6ec1d3b4d830de1b40455ac86d629fd6b4f0b5092a9dcf081b95,ASCII text,,False,scanned,NONE,BSD-3-Clause,ext/hiredis-1.0.2/COPYING,high,
ext/hiredis-1.0.2/COPYING,100644,1588,dca05ce8fc87a8261783b4aed0deef8becc9350b6aa770bc714d0c1833b896eb,ASCII text,,False,scanned,BSD-3-Clause,BSD-3-Clause,ext/hiredis-1.0.2/COPYING,high,
ext/hiredis-1.0.2/Makefile,100644,11604,9a0153975734bb5effd4567752b20f99a191e656c899049be5f61954a24a03ec,"makefile script, ASCII text",,False,scanned,BSD-3-Clause,BSD-3-Clause,ext/hiredis-1.0.2/COPYING,high,
ext/hiredis-1.0.2/README.md,100644,28325,6a9f888d71dddd4688b9356015c030ab6e932a681e04adcfe9eba1fc51746dd9,"C source, ASCII text",,False,scanned,BSD-3-Clause,BSD-3-Clause,ext/hiredis-1.0.2/COPYING,high,
ext/hiredis-1.0.2/adapters/ae.h,100644,4271,a1bb52f34d1a17317a79e8f61395a01dc66db26c3585577c9c6492e9dd4637bc,"C source, ASCII text",C,False,scanned,BSD-3-Clause,BSD-3-Clause,ext/hiredis-1.0.2/COPYING,high,
ext/hiredis-1.0.2/adapters/glib.h,100644,3854,d0045cf32ec349f6553c19467ca367ef994ee5f649ee9382cbe02fc294a6a4ae,"C source, ASCII text",C,False,scanned,NONE,BSD-3-Clause,ext/hiredis-1.0.2/COPYING,high,
ext/hiredis-1.0.2/adapters/ivykis.h,100644,2327,b26530d821e7eeecc2db08d5f69aeaf30d5ea499d36736d796d594bd78955ab0,"C source, ASCII text",C,False,scanned,NONE,BSD-3-Clause,ext/hiredis-1.0.2/COPYING,high,
ext/hiredis-1.0.2/adapters/libev.h,100644,5498,8807a36c9c638cf71087ca804d3dd3ea2443ceae6b46b266294c4b86adf152bd,"C source, ASCII text",C,False,scanned,BSD-3-Clause,BSD-3-Clause,ext/hiredis-1.0.2/COPYING,high,
ext/hiredis-1.0.2/adapters/libevent.h,100644,5601,e94b4160f053f4707d76ef9e7006d8ce25425231eca363a8d78617c498d4e8ec,"C source, ASCII text",C,False,scanned,BSD-3-Clause,BSD-3-Clause,ext/hiredis-1.0.2/COPYING,high,
ext/hiredis-1.0.2/adapters/libuv.h,100644,2580,cc0f8febbb7004f6b8811c90fffd964dd4f8814bc6b79a09d21860cbb0634d79,"C source, ASCII text",C,False,scanned,NONE,BSD-3-Clause,ext/hiredis-1.0.2/COPYING,high,
ext/hiredis-1.0.2/adapters/macosx.h,100644,3885,fc70cbbab64c9dcdc241967108b9d5fff1d604e0cd49e7c0b8beceb526fc0db9,"C source, UTF-8 Unicode text",C,False,scanned,NONE,BSD-3-Clause,ext/hiredis-1.0.2/COPYING,high,
ext/hiredis-1.0.2/adapters/qt.h,100644,4233,d6a1f8b35717d1febb5b9715e1fc7ab3de09b2ca7703684dc0a84e68f06fb23b,"C++ source, ASCII text",C,False,scanned,BSD-2-Clause,BSD-2-Clause,direct per-file terms override package default,medium,
ext/hiredis-1.0.2/alloc.c,100644,2800,4e5f529f915bcfab5384ab0b003d858f454a8ca41ea15618da4c0fa1f602a9a1,"C source, ASCII text",C,False,scanned,BSD-3-Clause,BSD-3-Clause,ext/hiredis-1.0.2/COPYING,high,
ext/hiredis-1.0.2/alloc.h,100644,2982,aaae3c9ea9b14b0ef530f5a7f11257bac7c3d89a7f07d28db6a96680a8caa063,"C source, ASCII text",C,False,scanned,BSD-3-Clause,BSD-3-Clause,ext/hiredis-1.0.2/COPYING,high,
ext/hiredis-1.0.2/appveyor.yml,100644,743,dc220aa4f66a852ec35c3b3fabd7b665235af5d4b4879f36d665068cd1f872a3,ASCII text,,False,scanned,NONE,BSD-3-Clause,ext/hiredis-1.0.2/COPYING,high,
ext/hiredis-1.0.2/async.c,100644,28826,e4926330a3adc77ef1b4379b9d0d14ddade25f4c6c1489b0b6bf17c2adc779f8,"C source, ASCII text",C,False,scanned,BSD-3-Clause,BSD-3-Clause,ext/hiredis-1.0.2/COPYING,high,
ext/hiredis-1.0.2/async.h,100644,6027,99c8c72bb515743ff270d66877ea1fb2b9d42727072e9aca129ad7ae2c91ba43,"C source, ASCII text",C,False,scanned,BSD-3-Clause,BSD-3-Clause,ext/hiredis-1.0.2/COPYING,high,
ext/hiredis-1.0.2/async_private.h,100644,3368,51f46271efd35e29a8705607049b51ffc02153d96fa35d98659f7388c3bebc8b,"C source, ASCII text",C,False,scanned,BSD-3-Clause,BSD-3-Clause,ext/hiredis-1.0.2/COPYING,high,
ext/hiredis-1.0.2/dict.c,100644,10826,de585d37b663c7fd7123b866b0ac667a5abc4bcda928a2d28546b6f4d5d9c42f,"C source, ASCII text",C,False,scanned,BSD-3-Clause,BSD-3-Clause,ext/hiredis-1.0.2/COPYING,high,
ext/hiredis-1.0.2/dict.h,100644,4691,310ec563c94252e6d560b6c1dbb7b6f0d55553aed3c408b289a26a08e2225459,"C source, ASCII text",C,False,scanned,BSD-3-Clause,BSD-3-Clause,ext/hiredis-1.0.2/COPYING,high,
ext/hiredis-1.0.2/examples/CMakeLists.txt,100644,1327,8fca0b38b602b0b05202e9cdaf05c202353899e6674c51cbf07b00dc0d93cb86,ASCII text,,False,scanned,NONE,BSD-3-Clause,ext/hiredis-1.0.2/COPYING,high,
ext/hiredis-1.0.2/examples/example-ae.c,100644,1583,3538e8565e8962b4682df29e85272851730997bb7bf37e3848622b5597c4fafc,"C source, ASCII text",C,False,scanned,NONE,BSD-3-Clause,ext/hiredis-1.0.2/COPYING,high,
ext/hiredis-1.0.2/examples/example-glib.c,100644,1632,bc7ef5fc2b042e5c0a4fd8fdb1c8de12734b8de540fbeea304a7d57669d193c1,"C source, ASCII text",C,False,scanned,NONE,BSD-3-Clause,ext/hiredis-1.0.2/COPYING,high,
ext/hiredis-1.0.2/examples/example-ivykis.c,100644,1440,1e2ce6496c3b8bcf6c13c8db181815061dbf138cec9de2764fd1d36c6a7a38ae,"C source, ASCII text",C,False,scanned,NONE,BSD-3-Clause,ext/hiredis-1.0.2/COPYING,high,
ext/hiredis-1.0.2/examples/example-libev.c,100644,1427,e125b81fde716795a9a6ce055e47bb9a9a73f1ae6926b23b9adc843879d4bbbb,"C source, ASCII text",C,False,scanned,NONE,BSD-3-Clause,ext/hiredis-1.0.2/COPYING,high,
ext/hiredis-1.0.2/examples/example-libevent-ssl.c,100644,2322,5ed5bbf2daf4ce9e9d2bfe4355890b409937f921581626020a987f62f55402b7,"C source, ASCII text",C,False,scanned,NONE,BSD-3-Clause,ext/hiredis-1.0.2/COPYING,high,
ext/hiredis-1.0.2/examples/example-libevent.c,100644,1750,d743b8b6cf54edc89a95ec86da622251ec393a206012d482e0d756e9967eaa95,"C source, ASCII text",C,False,scanned,NONE,BSD-3-Clause,ext/hiredis-1.0.2/COPYING,high,
ext/hiredis-1.0.2/examples/example-libuv.c,100644,1468,bdeaad06e46a24b8b5a5bbe04ed8de9dd4c0ae843490180d2996a596ef728b9c,"C source, ASCII text",C,False,scanned,NONE,BSD-3-Clause,ext/hiredis-1.0.2/COPYING,high,
ext/hiredis-1.0.2/examples/example-macosx.c,100644,1654,db14aad6b8c45a11bc667bc8346085eb2dcb3ac764fbff63210ceca3a7051863,"C source, UTF-8 Unicode text",C,False,scanned,NONE,BSD-3-Clause,ext/hiredis-1.0.2/COPYING,high,
ext/hiredis-1.0.2/examples/example-push.c,100644,6028,bf83afc103498e15b631c1d45a38a9a4aee96b80a3e0fddc86206b9cb57b993a,"C source, ASCII text",C,False,scanned,BSD-3-Clause,BSD-3-Clause,ext/hiredis-1.0.2/COPYING,high,
ext/hiredis-1.0.2/examples/example-qt.cpp,100644,1047,c9d6f1e097c8bafff309a452525581391ca92a67f758c0346bd7c43754181c27,"C++ source, ASCII text",C++,False,scanned,NONE,BSD-3-Clause,ext/hiredis-1.0.2/COPYING,high,
ext/hiredis-1.0.2/examples/example-qt.h,100644,620,3cf4c90f773a625decb183b0b10419a8a7834244812a7d30412219c885df6f16,"C++ source, ASCII text",C,False,scanned,NONE,BSD-3-Clause,ext/hiredis-1.0.2/COPYING,high,
ext/hiredis-1.0.2/examples/example-ssl.c,100644,3104,f42987309718a03af263623a83872409775dcae04d60864ecb03bde120c5ab66,"C source, ASCII text",C,False,scanned,NONE,BSD-3-Clause,ext/hiredis-1.0.2/COPYING,high,
ext/hiredis-1.0.2/examples/example.c,100644,2614,80d93f438a4763729c31495a92c19008c603bd9435b073509a8e59c9caba37a5,"C source, ASCII text",C,False,scanned,NONE,BSD-3-Clause,ext/hiredis-1.0.2/COPYING,high,
ext/hiredis-1.0.2/fmacros.h,100644,225,e0ada297533dd2698090b8d14b3b843de884770e35a90bdddb317276e30fdbb6,"C source, ASCII text",C,False,scanned,NONE,BSD-3-Clause,ext/hiredis-1.0.2/COPYING,high,
ext/hiredis-1.0.2/hiredis-config.cmake.in,100644,308,fe5f60cce12bda9d09369516306942d32194166930922565ce5558b4b3592b38,ASCII text,,False,scanned,NONE,BSD-3-Clause,ext/hiredis-1.0.2/COPYING,high,
ext/hiredis-1.0.2/hiredis.c,100644,35494,f9c3647f326ef9f81cfee03bc77c51b64374439e2524c15d9ccc1b5c23db4fe0,"C source, ASCII text",C,False,scanned,BSD-3-Clause,BSD-3-Clause,ext/hiredis-1.0.2/COPYING,high,
ext/hiredis-1.0.2/hiredis.h,100644,12747,d46053cde3df33f191263b29367629795780a4cd4e38a7f1894cac387047e02e,"C source, ASCII text",C,False,scanned,BSD-3-Clause,BSD-3-Clause,ext/hiredis-1.0.2/COPYING,high,
ext/hiredis-1.0.2/hiredis.pc.in,100644,369,992f20408156702665fd09b92999ccec568d06ed3be2c8656e423544b99c8e08,ASCII text,,False,scanned,NONE,BSD-3-Clause,ext/hiredis-1.0.2/COPYING,high,
ext/hiredis-1.0.2/hiredis_ssl-config.cmake.in,100644,340,86917cd245dc095bd23a75420beb77d3f029305315d3450201793e703f091e25,ASCII text,,False,scanned,NONE,BSD-3-Clause,ext/hiredis-1.0.2/COPYING,high,
ext/hiredis-1.0.2/hiredis_ssl.h,100644,4615,0797f119a5fc3f2c84441d0ae2cc1d311019ceb1556e7fb6896f263dc1f1c2a6,"C source, ASCII text",C,False,scanned,BSD-3-Clause,BSD-3-Clause,ext/hiredis-1.0.2/COPYING,high,
ext/hiredis-1.0.2/hiredis_ssl.pc.in,100644,306,904fe05f519688d271ddc52f5512b84fc7c0d083b41eaf44713e6d8ed9d41979,ASCII text,,False,scanned,NONE,BSD-3-Clause,ext/hiredis-1.0.2/COPYING,high,
ext/hiredis-1.0.2/include/hiredis/alloc.h,100644,2982,aaae3c9ea9b14b0ef530f5a7f11257bac7c3d89a7f07d28db6a96680a8caa063,"C source, ASCII text",C,False,scanned,BSD-3-Clause,BSD-3-Clause,ext/hiredis-1.0.2/COPYING,high,
ext/hiredis-1.0.2/include/hiredis/async.h,100644,6027,99c8c72bb515743ff270d66877ea1fb2b9d42727072e9aca129ad7ae2c91ba43,"C source, ASCII text",C,False,scanned,BSD-3-Clause,BSD-3-Clause,ext/hiredis-1.0.2/COPYING,high,
ext/hiredis-1.0.2/include/hiredis/async_private.h,100644,3368,51f46271efd35e29a8705607049b51ffc02153d96fa35d98659f7388c3bebc8b,"C source, ASCII text",C,False,scanned,BSD-3-Clause,BSD-3-Clause,ext/hiredis-1.0.2/COPYING,high,
ext/hiredis-1.0.2/include/hiredis/dict.h,100644,4691,310ec563c94252e6d560b6c1dbb7b6f0d55553aed3c408b289a26a08e2225459,"C source, ASCII text",C,False,scanned,BSD-3-Clause,BSD-3-Clause,ext/hiredis-1.0.2/COPYING,high,
ext/hiredis-1.0.2/include/hiredis/fmacros.h,100644,225,e0ada297533dd2698090b8d14b3b843de884770e35a90bdddb317276e30fdbb6,"C source, ASCII text",C,False,scanned,NONE,BSD-3-Clause,ext/hiredis-1.0.2/COPYING,high,
ext/hiredis-1.0.2/include/hiredis/hiredis.h,100644,12747,d46053cde3df33f191263b29367629795780a4cd4e38a7f1894cac387047e02e,"C source, ASCII text",C,False,scanned,BSD-3-Clause,BSD-3-Clause,ext/hiredis-1.0.2/COPYING,high,
ext/hiredis-1.0.2/include/hiredis/hiredis_ssl.h,100644,4615,0797f119a5fc3f2c84441d0ae2cc1d311019ceb1556e7fb6896f263dc1f1c2a6,"C source, ASCII text",C,False,scanned,BSD-3-Clause,BSD-3-Clause,ext/hiredis-1.0.2/COPYING,high,
ext/hiredis-1.0.2/include/hiredis/net.h,100644,2762,b7880411f7dfc55e546b6af8aaf6736d430c2585f7078f5e88ee4186c7e7adac,"C source, ASCII text",C,False,scanned,BSD-3-Clause,BSD-3-Clause,ext/hiredis-1.0.2/COPYING,high,
ext/hiredis-1.0.2/include/hiredis/read.h,100644,4918,bf55c9af96d2cc5afb40baae4d8e796eb382ec08741ce7750035dba61c0d18a6,"C source, ASCII text",C,False,scanned,BSD-3-Clause,BSD-3-Clause,ext/hiredis-1.0.2/COPYING,high,
ext/hiredis-1.0.2/include/hiredis/sds.h,100644,9213,f2558aaceb80a659180770f45b594150693e4858e2a3bfa61a32a8c6235f48f4,"C source, ASCII text",C,False,scanned,BSD-3-Clause,BSD-3-Clause,ext/hiredis-1.0.2/COPYING,high,
ext/hiredis-1.0.2/include/hiredis/sdsalloc.h,100644,2121,894bc4ed039c744bf701e7eb9d5954e21b4633a15bf3258a0d6231e5b12071f1,"C source, ASCII text",C,False,scanned,BSD-3-Clause,BSD-3-Clause,ext/hiredis-1.0.2/COPYING,high,
ext/hiredis-1.0.2/include/hiredis/sockcompat.h,100644,4329,473230a9783a63dea8609cecf8c8896e385524981cde0136270b9236d9ffa193,"C source, ASCII text",C,False,scanned,BSD-3-Clause,BSD-3-Clause,ext/hiredis-1.0.2/COPYING,high,
ext/hiredis-1.0.2/include/hiredis/win32.h,100644,1042,6c6708013b7368b1033db694169ed3235a357314b09bde08771aa80231221211,"C source, ASCII text",C,False,scanned,NONE,BSD-3-Clause,ext/hiredis-1.0.2/COPYING,high,
ext/hiredis-1.0.2/lib/ubuntu22.04/amd64/libhiredis.a,100644,557016,722682ab153ae23a8813214cb93dac2c60ca7e0deb46c8371bdc76ec01d0a495,current ar archive,,True,scanned,NONE,BSD-3-Clause,ext/hiredis-1.0.2/COPYING,high,
ext/hiredis-1.0.2/lib/ubuntu22.04/arm64/libhiredis.a,100644,495416,38e5a748b0c788c4e22a0c4157c8ceace87a21578eb2286268a15d3fafa4da13,current ar archive,,True,scanned,NONE,BSD-3-Clause,ext/hiredis-1.0.2/COPYING,high,
ext/hiredis-1.0.2/net.c,100644,19138,2b0da84f6096eb5fcdba07e6618d62b082075ae8bc8a4cfc3fbdb67fb5742a0d,"C source, ASCII text",C,False,scanned,BSD-3-Clause,BSD-3-Clause,ext/hiredis-1.0.2/COPYING,high,
ext/hiredis-1.0.2/net.h,100644,2762,b7880411f7dfc55e546b6af8aaf6736d430c2585f7078f5e88ee4186c7e7adac,"C source, ASCII text",C,False,scanned,BSD-3-Clause,BSD-3-Clause,ext/hiredis-1.0.2/COPYING,high,
ext/hiredis-1.0.2/read.c,100644,21853,5443689f8c9ac914c9ec9766584108549dbe6c985fcde41b0730ac3ecae277d0,"C source, ASCII text",C,False,scanned,BSD-3-Clause,BSD-3-Clause,ext/hiredis-1.0.2/COPYING,high,
ext/hiredis-1.0.2/read.h,100644,4918,bf55c9af96d2cc5afb40baae4d8e796eb382ec08741ce7750035dba61c0d18a6,"C source, ASCII text",C,False,scanned,BSD-3-Clause,BSD-3-Clause,ext/hiredis-1.0.2/COPYING,high,
ext/hiredis-1.0.2/sds.c,100644,40270,1bb613dc2bb1a49008a070b454275d3bb162c5ab4dd4d36c9c977217ad9538c3,"C source, ASCII text",C,False,scanned,BSD-3-Clause,BSD-3-Clause,ext/hiredis-1.0.2/COPYING,high,
ext/hiredis-1.0.2/sds.h,100644,9213,f2558aaceb80a659180770f45b594150693e4858e2a3bfa61a32a8c6235f48f4,"C source, ASCII text",C,False,scanned,BSD-3-Clause,BSD-3-Clause,ext/hiredis-1.0.2/COPYING,high,
ext/hiredis-1.0.2/sdsalloc.h,100644,2121,894bc4ed039c744bf701e7eb9d5954e21b4633a15bf3258a0d6231e5b12071f1,"C source, ASCII text",C,False,scanned,BSD-3-Clause,BSD-3-Clause,ext/hiredis-1.0.2/COPYING,high,
ext/hiredis-1.0.2/sockcompat.c,100644,8972,80b36d6547db518cef0b5788d7ad121ad45ee1a8462c8b272e5ba15e0445f213,"C source, ASCII text",C,False,scanned,BSD-3-Clause,BSD-3-Clause,ext/hiredis-1.0.2/COPYING,high,
ext/hiredis-1.0.2/sockcompat.h,100644,4329,473230a9783a63dea8609cecf8c8896e385524981cde0136270b9236d9ffa193,"C source, ASCII text",C,False,scanned,BSD-3-Clause,BSD-3-Clause,ext/hiredis-1.0.2/COPYING,high,
ext/hiredis-1.0.2/ssl.c,100644,14356,628070af7768ba590753f9b592a5ae906f1e7d8c05c82b78024fcc932b3bd6b4,"C source, ASCII text",C,False,scanned,BSD-3-Clause,BSD-3-Clause,ext/hiredis-1.0.2/COPYING,high,
ext/hiredis-1.0.2/test.c,100644,47979,688d3575a023c647e9fa50ea018e74e61f2ed1ea264f1832713587ca42e66282,"C source, ASCII text",C,False,scanned,NONE,BSD-3-Clause,ext/hiredis-1.0.2/COPYING,high,
ext/hiredis-1.0.2/test.sh,100755,2009,0de0342abf4665140c55ddbb919df191f9eabac3ef3f0678ddeb875a84dbfce6,"POSIX shell script, ASCII text executable",Bash,False,scanned,NONE,BSD-3-Clause,ext/hiredis-1.0.2/COPYING,high,
ext/hiredis-1.0.2/win32.h,100644,1042,6c6708013b7368b1033db694169ed3235a357314b09bde08771aa80231221211,"C source, ASCII text",C,False,scanned,NONE,BSD-3-Clause,ext/hiredis-1.0.2/COPYING,high,
ext/http-parser/AUTHORS,100644,2502,d1a15fcf0453796ee31e900dd5edff35ae86fb6ae4375c2afda8bde0f6fd2f03,UTF-8 Unicode text,verilog,False,scanned,NONE,MIT,per-file license text in http_parser.c/.h,high,
ext/http-parser/LICENSE-MIT,100644,1251,2996a1c43ee757f9c997a829d82bdd584052323e73cf02ff8126c6fbd95c2d87,ASCII text,,False,scanned,MIT,MIT,per-file license text in http_parser.c/.h,high,
ext/http-parser/README.md,100644,9319,700a217680af01cf7a898c772722771fb97e81d76453e43d603ca597eaaa5dcd,ASCII text,,False,scanned,NONE,MIT,per-file license text in http_parser.c/.h,high,
ext/http-parser/http_parser.c,100644,71274,7990cf5045a4eeedc83fe6864e22f8faf94e4a104952b53c4df42946e2804e06,"C source, ASCII text",C,False,scanned,MIT,MIT,per-file license text in http_parser.c/.h,high,
ext/http-parser/http_parser.h,100644,18705,4a00e3c4340f2cff6f3b4bb0741c225f6c31a101a6289e80f94fb3aaf424762d,"C source, ASCII text",C,False,scanned,MIT,MIT,per-file license text in http_parser.c/.h,high,
ext/inja/LICENSE,100644,1071,39f76629abfeb0fe2c54f0e8d893ef6c483aec8aa7abe4d528bfea67e58d2bc0,ASCII text,,False,scanned,MIT,MIT,ext/inja/LICENSE,high,
ext/inja/README.md,100644,16564,c4d8b3908bfbce033ccd48eb792877d0a657d07fd867b3791e5a37167eedc6f1,"C source, ASCII text, with very long lines",,False,scanned,NONE,MIT,ext/inja/LICENSE,high,
ext/inja/inja.hpp,100644,91826,50d7dbe506cba43704fe3ff9f5e0366dab13bb5c0781ddb006517fdbd2261491,"C++ source, ASCII text",C++,False,scanned,MIT,MIT,ext/inja/LICENSE,high,
ext/installfiles/linux/zerotier-containerized/Dockerfile,100644,1136,e68d7d51a478fbd502e3d4f6806fe5dc637ae2b16efad1160ed869e0f5a75b40,ASCII text,,False,scanned,NONE,NOASSERTION,no applicable license located for this ext/ subtree,review,
ext/installfiles/linux/zerotier-containerized/main.sh,100755,203,72bcf84faf15b0d1e6a634dedf4921004844a10d4e305e887cc171ff54f62211,"POSIX shell script, ASCII text executable",Bash,False,scanned,NONE,NOASSERTION,no applicable license located for this ext/ subtree,review,
ext/installfiles/linux/zerotier-one.init.rhel6,100755,2623,c137f4dac35fb4e254cb15e9897adac9768633c2b1d9ac8c769e474336347e87,"Bourne-Again shell script, ASCII text executable",,False,scanned,NONE,NOASSERTION,no applicable license located for this ext/ subtree,review,
ext/installfiles/linux/zerotier-one.te,100644,276,c912aeb6f86c9d0d043afffa3721023eaa26492803ea22fae6108ff97550e323,ASCII text,,False,scanned,NONE,NOASSERTION,no applicable license located for this ext/ subtree,review,
ext/installfiles/mac-update/updater.tmpl.sh,100644,1560,394b903215c834b370edf9e288b6853bc2d5416ffc96539a7252634fc36be723,"Bourne-Again shell script, ASCII text executable",Bash,False,scanned,NONE,NOASSERTION,no applicable license located for this ext/ subtree,review,
ext/installfiles/mac/ZeroTier One.pkgproj,100755,30299,bf6f47f896548ffbf8bf32a799b9e7d20d8c7e90f42ba71c943fe7925e866e01,"XML 1.0 document, ASCII text",,False,scanned,NONE,NOASSERTION,no applicable license located for this ext/ subtree,review,
ext/installfiles/mac/com.zerotier.one.plist,100644,638,f4b6b3bd1b40b488e5b63f59350d964e851695c643b700ff906cb54e433fb5e1,"XML 1.0 document, ASCII text",,False,scanned,NONE,NOASSERTION,no applicable license located for this ext/ subtree,review,
ext/installfiles/mac/get-proxy-settings.sh,100755,719,bd5a463ba7bd0c8c10ab05bc5db26ed763e1937b6bc67770b335a14de4983ad4,"Bourne-Again shell script, ASCII text executable",Bash,False,scanned,NONE,NOASSERTION,no applicable license located for this ext/ subtree,review,
ext/installfiles/mac/launch.sh,100755,170,8c2643d936ba1e9e67f266b7aaddc11968ab1eda649651d6d247e3dbb84278b3,"Bourne-Again shell script, ASCII text executable",Bash,False,scanned,NONE,NOASSERTION,no applicable license located for this ext/ subtree,review,
ext/installfiles/mac/postinst.sh,100755,1397,f837c61307aec52bc599928bb84937b314411472e4c8adf668cbdb28912e9c80,"Bourne-Again shell script, ASCII text executable",Bash,False,scanned,NONE,NOASSERTION,no applicable license located for this ext/ subtree,review,
ext/installfiles/mac/preinst.sh,100755,1113,f487e25afebdca1f7449bae59ffd10a75a3504d7f1eab6b82d7f34eb581054be,"Bourne-Again shell script, ASCII text executable",Bash,False,scanned,NONE,NOASSERTION,no applicable license located for this ext/ subtree,review,
ext/installfiles/mac/uninstall.sh,100755,1274,922fbda58dba4dd74f34816372e5b064722b49296d1b1ed390190cc1e584c60c,"Bourne-Again shell script, ASCII text executable",Bash,False,scanned,NONE,NOASSERTION,no applicable license located for this ext/ subtree,review,
ext/installfiles/windows/ZeroTier One Virtual Network Port (NDIS6_x64).aip,100644,17413,1e2a0cb64e6dda05f5b10ae161fc238cdbd98c7c257680d0b3a4eae8e4a944ed,"XML 1.0 document, ASCII text, with very long lines, with CRLF line terminators",,False,scanned,NONE,NOASSERTION,no applicable license located for this ext/ subtree,review,
ext/installfiles/windows/ZeroTier One Virtual Network Port (NDIS6_x86).aip,100644,17408,0fe553b67de86affc3b5c7503bb3254187beaacf92eb04caebac24e761c87f82,"XML 1.0 document, ASCII text, with very long lines, with CRLF line terminators",,False,scanned,NONE,NOASSERTION,no applicable license located for this ext/ subtree,review,
ext/installfiles/windows/ZeroTier One.aip,100644,66512,c70d5da6f398b664df952cee027cc3b3875db95dc94984fde324ac4d5d8a51da,"XML 1.0 document, ASCII text, with very long lines, with CRLF line terminators",,False,scanned,NONE,NOASSERTION,no applicable license located for this ext/ subtree,review,
ext/installfiles/windows/ZeroTier One.back.aip,100644,67516,dcad1291bd93541c4cafd313356c73e8f3d369f46a943f0a1b6af435d9ba3eab,"XML 1.0 document, ASCII text, with very long lines",,False,scanned,NONE,NOASSERTION,no applicable license located for this ext/ subtree,review,
ext/libnatpmp/Changelog.txt,100644,2185,dff0830b0868bcf3e449b4b0a881a9eb96436aa0c93ee79936c60a7f46ee2655,ASCII text,,False,scanned,BSD-3-Clause,BSD-3-Clause,ext/libnatpmp/LICENSE,high,
ext/libnatpmp/JavaTest.java,100644,1097,9f79a9c15b1fcbb84f0585da75164a09f5b2f3cb702f1ec0b0dbc2aef13fae87,"C++ source, ASCII text",Java,False,scanned,NONE,BSD-3-Clause,ext/libnatpmp/LICENSE,high,
ext/libnatpmp/LICENSE,100644,1470,e8d8277e1a101fcfedb0cd5a1cc76646522c0da69f3490dd5a4055fc87ea96a2,ASCII text,,False,scanned,BSD-3-Clause,BSD-3-Clause,ext/libnatpmp/LICENSE,high,
ext/libnatpmp/Makefile,100644,5075,a4fb01145b9038bbc61c1d82678e2e19c6f9d76daf8a8885cfc02ce44c6e4555,"makefile script, ASCII text",,False,scanned,NONE,BSD-3-Clause,ext/libnatpmp/LICENSE,high,
ext/libnatpmp/README,100644,200,4ce5bd185f4772aaf18bcdfb26c7bf47b43025f242a2d0f89b7b264d062895d5,ASCII text,,False,scanned,NONE,BSD-3-Clause,ext/libnatpmp/LICENSE,high,
ext/libnatpmp/build.bat,100644,1291,7228b0d6b491115cf5bb99342b9da0a228e43a87556462aca79fe0e1df2e844b,ASCII text,Batchfile,False,scanned,NONE,BSD-3-Clause,ext/libnatpmp/LICENSE,high,
ext/libnatpmp/declspec.h,100644,456,966188ea9da558307a8435cc07392bbf84961cdeff3edbda2e4b7eadc96095db,"C source, ASCII text",C,False,scanned,NONE,BSD-3-Clause,ext/libnatpmp/LICENSE,high,
ext/libnatpmp/fr/free/miniupnp/libnatpmp/LibraryExtractor.java,100644,8993,93c6312cf05be0906d20ac4e6035207d46930072f8bc0cc7b33a8dc47c106aaf,"Java source, ASCII text",Java,False,scanned,GPL-3.0-or-later,GPL-3.0-or-later,direct per-file terms override package default,medium,
ext/libnatpmp/fr/free/miniupnp/libnatpmp/NatPmp.java,100644,1220,7a4cbc471b65157df02ce8ae67bb5c4af69e4d7a6ef22fed07a2105edd847329,"Java source, ASCII text",Java,False,scanned,NONE,BSD-3-Clause,ext/libnatpmp/LICENSE,high,
ext/libnatpmp/fr/free/miniupnp/libnatpmp/NatPmpResponse.java,100644,686,32107213d218e09b3f47babd0392628d568fdc9dca29181214171e5f4a34e44d,ASCII text,Java,False,scanned,NONE,BSD-3-Clause,ext/libnatpmp/LICENSE,high,
ext/libnatpmp/fr/free/miniupnp/libnatpmp/URLUtils.java,100644,2860,666e5bbbc194084a537c7434ca930a1600068f62fa48befbeb90e325771f3f6e,"Java source, ASCII text",Java,False,scanned,GPL-3.0-or-later,GPL-3.0-or-later,direct per-file terms override package default,medium,
ext/libnatpmp/getgateway.c,100644,18532,1ca43e9b1946cd43abaf9194eb599ac6de8b52d91f28d3fb25c53f974a6fd49f,"C source, ASCII text",C,False,scanned,BSD-3-Clause,BSD-3-Clause,ext/libnatpmp/LICENSE,high,
ext/libnatpmp/getgateway.h,100644,1963,c33e0029919d5291223266b349b2521b9ac602bc990f8b681fab47202f4f9ae3,"C source, ASCII text",C,False,scanned,BSD-3-Clause,BSD-3-Clause,ext/libnatpmp/LICENSE,high,
ext/libnatpmp/libnatpmpmodule.c,100644,7623,9a5a5414583584f75b23b5ff6befe51a90d55aff96c62bb64db4ae0ddea78ba6,"C source, ASCII text",C,False,scanned,BSD-3-Clause,BSD-3-Clause,ext/libnatpmp/LICENSE,high,
ext/libnatpmp/msvc/libnatpmp.sln,100644,1479,fc340ac2d25c9d0b1a957b3b38d3165b36126f2e332edb881fb70e37ce21cc8e,UTF-8 Unicode (with BOM) text,,False,scanned,NONE,BSD-3-Clause,ext/libnatpmp/LICENSE,high,
ext/libnatpmp/msvc/libnatpmp.vcproj,100644,3738,313dac67062dda32cd453b8b0e22feaf64de8d0e0e02c9545a3431c10ac15d2a,"XML 1.0 document, ISO-8859 text",,False,scanned,NONE,BSD-3-Clause,ext/libnatpmp/LICENSE,high,
ext/libnatpmp/msvc/natpmpc-static.vcproj,100644,3959,87899c1e6eacfd0616e32692117c5df1c25f1aa237bdd32e207444b3d0b8bef6,"XML 1.0 document, ISO-8859 text",,False,scanned,NONE,BSD-3-Clause,ext/libnatpmp/LICENSE,high,
ext/libnatpmp/natpmp-jni.c,100644,4583,f4167f5fa9706702a8e01a5bf8af4f1935963229880d5268d9738cc4dc88c352,"C source, ASCII text",C,False,scanned,NONE,BSD-3-Clause,ext/libnatpmp/LICENSE,high,
ext/libnatpmp/natpmp.c,100644,10629,c7b8405344ec923a889d9c772c79da73d4e9194bd554b5c6d3e3d760317ff2c8,"C source, ASCII text",C,False,scanned,BSD-3-Clause,BSD-3-Clause,ext/libnatpmp/LICENSE,high,
ext/libnatpmp/natpmp.def,100644,188,e9cc0658a5a1a1248905a2071dc5b2490df56948cb094a620984d00cade7f5d0,ASCII text,,False,scanned,NONE,BSD-3-Clause,ext/libnatpmp/LICENSE,high,
ext/libnatpmp/natpmp.h,100644,7350,6b803208ba07e7a23605629692dab66dc964ad1d9a4a2b9b7ddc3f4db6f38f7b,"C source, ASCII text",C,False,scanned,BSD-3-Clause,BSD-3-Clause,ext/libnatpmp/LICENSE,high,
ext/libnatpmp/natpmpc.1,100644,413,c0a69c1b59e3f6a303b625f2a610129625cbdb09b717d61c0b792e753e696cb7,"troff or preprocessor input, ASCII text",,False,scanned,NONE,BSD-3-Clause,ext/libnatpmp/LICENSE,high,
ext/libnatpmp/natpmpc.c,100644,7398,fe9ca0bb0b7f03a8e8d39dee9ea7168ed6e761948e5c4168183a9e5ab1dc3580,"C source, ASCII text",C,False,scanned,BSD-3-Clause,BSD-3-Clause,ext/libnatpmp/LICENSE,high,
ext/libnatpmp/setup.py,100644,615,d2b1769c42239cc6e9c8d99d51879fdafa753b6bfdfdba47da74e52c6dc912bb,"Python script, ASCII text executable",Python,False,scanned,NONE,BSD-3-Clause,ext/libnatpmp/LICENSE,high,
ext/libnatpmp/setupmingw32.py,100644,600,d177807a7a8648179ab7efd48fd5f310e418b6423a0fafdbd5762ef266932ce8,"Python script, ASCII text executable",Python,False,scanned,NONE,BSD-3-Clause,ext/libnatpmp/LICENSE,high,
ext/libnatpmp/testgetgateway.c,100644,2088,ecf8db4aa3d7a729e6fa16d7e5a522668558d17250ab6121dfc40dbdc6a74579,"C source, ASCII text",C,False,scanned,BSD-3-Clause,BSD-3-Clause,ext/libnatpmp/LICENSE,high,
ext/libnatpmp/wingettimeofday.c,100644,2216,af5944cb173a88553fddac73cae2f3443aaf48649abf137839a0758adb62a953,"C source, ASCII text",C,False,scanned,BSD-3-Clause,BSD-3-Clause,ext/libnatpmp/LICENSE,high,
ext/libnatpmp/wingettimeofday.h,100644,1783,3d1cb84b75f80f1fd4eec6373d823e07bf2528b51326cac28601e58427cf4efc,"C source, ASCII text",C,False,scanned,BSD-3-Clause,BSD-3-Clause,ext/libnatpmp/LICENSE,high,
ext/libpqxx-7.7.3/.circleci/config.yml,100644,1913,c89ec55ee37f307272d13985891648e969cccfb61fa1fd6e75539b54f38f8e1f,ASCII text,,False,scanned,NONE,BSD-3-Clause,ext/libpqxx-7.7.3/COPYING,high,
ext/libpqxx-7.7.3/.clang-format,100644,2079,60c12c60cc1d4f2f75ce537d3f443e7ee3ea2fcd523eea23a7ee5d243685a3e2,ASCII text,Haxe,False,scanned,NONE,BSD-3-Clause,ext/libpqxx-7.7.3/COPYING,high,
ext/libpqxx-7.7.3/.cmake-format,100644,8961,05522025eed34cf8ff201a7fa97174b1ce0771528a12244ccde733b0e93d3e2a,ASCII text,Haxe,False,scanned,NONE,BSD-3-Clause,ext/libpqxx-7.7.3/COPYING,high,
ext/libpqxx-7.7.3/.github/workflows/stale.yml,100644,513,7403bcd2cf796e0c457c1192d76c13389a28df3862b6f472560251d0af29d8f3,ASCII text,,False,scanned,NONE,BSD-3-Clause,ext/libpqxx-7.7.3/COPYING,high,
ext/libpqxx-7.7.3/.gitignore,100644,696,2167238d2fa0cca46fd6594e51540a0903272e2dbeeab8df76c284bbacd3a797,unscanned Git metadata,,False,scope-only,NONE,BSD-3-Clause,ext/libpqxx-7.7.3/COPYING,high,
ext/libpqxx-7.7.3/.lgtm.yml,100644,144,86f997f7a06c3589a081ae03ef64af68c29b00d15c6dcce71a87efe1a6b0453b,ASCII text,,False,scanned,NONE,BSD-3-Clause,ext/libpqxx-7.7.3/COPYING,high,
ext/libpqxx-7.7.3/.lift/ignoreFiles,100644,70,47364f2e3438764c3d4df3be8c7f004b0c11593742287f6e051938d238051389,ASCII text,,False,scanned,NONE,BSD-3-Clause,ext/libpqxx-7.7.3/COPYING,high,
ext/libpqxx-7.7.3/AUTHORS,100644,145,38405ea7c5bb4e13b4ac71045a66612d010dafe87fecd1ac9961dde007da0bc5,ASCII text,,False,scanned,NONE,BSD-3-Clause,ext/libpqxx-7.7.3/COPYING,high,
ext/libpqxx-7.7.3/BUILDING-cmake.md,100644,8695,bbd1da51bf009b08f1a7b11c69cca7bc18e51aee3128f0888b38b032a112e410,UTF-8 Unicode text,,False,scanned,NONE,BSD-3-Clause,ext/libpqxx-7.7.3/COPYING,high,
ext/libpqxx-7.7.3/BUILDING-configure.md,100644,9975,048a57daaba7af52e323ec767ae43d9f9e75a8623a9314652a3e7ef2e3f6c71c,UTF-8 Unicode text,,False,scanned,NONE,BSD-3-Clause,ext/libpqxx-7.7.3/COPYING,high,
ext/libpqxx-7.7.3/CMakeLists.txt,100644,1566,3a21f113c83ea972a2152f58c43ab1c6cc48fdcfb224092c65382366846bba43,ASCII text,,False,scanned,NONE,BSD-3-Clause,ext/libpqxx-7.7.3/COPYING,high,
ext/libpqxx-7.7.3/COPYING,100644,1494,62ea996839c96bfeeaff859118373f4abe3c52d9533baeca9602cf790f44d45b,ASCII text,,False,scanned,BSD-3-Clause,BSD-3-Clause,ext/libpqxx-7.7.3/COPYING,high,
ext/libpqxx-7.7.3/Makefile.am,100644,612,25a2923da4cebf27fdf01852ff3ab4033946e9d9d8815aca9d301c73c8d4ea5a,"automake makefile script, ASCII text",,False,scanned,NONE,BSD-3-Clause,ext/libpqxx-7.7.3/COPYING,high,
ext/libpqxx-7.7.3/Makefile.in,100644,41915,10249ef0bdf33929e9ae1387794cad81a223cafdbf9ac8b23944a593f7a39845,"makefile script, ASCII text, with escape sequences",,False,scanned,FSFULLRWD,BSD-3-Clause,ext/libpqxx-7.7.3/COPYING,high,
ext/libpqxx-7.7.3/NEWS,100644,51961,6821b632d646f987ee0991b643b32091445963adb1d058963a8d071cd7838c35,ASCII text,verilog,False,scanned,NONE,BSD-3-Clause,ext/libpqxx-7.7.3/COPYING,high,
ext/libpqxx-7.7.3/README.md,100644,7921,88bf9869aec762b376e230e866bd8669edebd45b4f4fd07c68d05d926ef40553,"C source, UTF-8 Unicode text",,False,scanned,NONE,BSD-3-Clause,ext/libpqxx-7.7.3/COPYING,high,
ext/libpqxx-7.7.3/VERSION,100644,6,3a007f99aaf3096d89fe29bf639f22e519c1035007b05d284a9e1b832792345f,ASCII text,,False,scanned,NONE,BSD-3-Clause,ext/libpqxx-7.7.3/COPYING,high,
ext/libpqxx-7.7.3/aclocal.m4,100644,43995,e6bc3c47e0032ac0e1f745637c22d7cc2d8a4a79230f06257a415b2e801a2075,"M4 macro processor script, ASCII text",,False,scanned,FSFULLRWD AND FSFULLR AND FSFULLRSD,BSD-3-Clause,ext/libpqxx-7.7.3/COPYING,high,
ext/libpqxx-7.7.3/appveyor.yml,100644,828,6b16394c4a56292431105cb449edf88a7d01bb49b1b9ad27ae2f22e7ed7efe39,"ASCII text, with CRLF line terminators",,False,scanned,NONE,BSD-3-Clause,ext/libpqxx-7.7.3/COPYING,high,
ext/libpqxx-7.7.3/autogen.sh,100755,1121,8419ef297734a0eec230c0449b4a82b6501c97b5ed37543a77d023d1eb49701c,"POSIX shell script, ASCII text executable",Bash,False,scanned,NONE,BSD-3-Clause,ext/libpqxx-7.7.3/COPYING,high,
ext/libpqxx-7.7.3/cmake/config.cmake,100644,4945,f0caf5060598dc1a4ee3afb04bb9502142a836b6a2684014946ba7d853d39803,ASCII text,CMake,False,scanned,NONE,BSD-3-Clause,ext/libpqxx-7.7.3/COPYING,high,
ext/libpqxx-7.7.3/cmake/libpqxx-config.cmake,100644,122,f2b165c956fba1a9363342d1cf43f5c83997baca474233951662086f1d609fb5,ASCII text,CMake,False,scanned,NONE,BSD-3-Clause,ext/libpqxx-7.7.3/COPYING,high,
ext/libpqxx-7.7.3/compile_flags.in,100644,22,7116e64a2dfa649a3a66ebc42452e989e149d9097f0dad27e67efd0812a845da,ASCII text,,False,scanned,NONE,BSD-3-Clause,ext/libpqxx-7.7.3/COPYING,high,
ext/libpqxx-7.7.3/config-tests/README.md,100644,1020,cb666fd5814f3196dc091d36e243e31ae7dc47778e54c05ec05e8b9cd1b9c71d,ASCII text,,False,scanned,NONE,BSD-3-Clause,ext/libpqxx-7.7.3/COPYING,high,
ext/libpqxx-7.7.3/config-tests/charconv_float.cxx,100644,405,9da18fc08fdd7a1637f6cbe013d121ff509bf93f2b3de027987e073c64034816,"C source, ASCII text",C++,False,scanned,NONE,BSD-3-Clause,ext/libpqxx-7.7.3/COPYING,high,
ext/libpqxx-7.7.3/config-tests/charconv_int.cxx,100644,396,71eaec4df16705cd473d8a5b19eda42200ffe831ba51be091a684070ca9d097d,"C source, ASCII text",C++,False,scanned,NONE,BSD-3-Clause,ext/libpqxx-7.7.3/COPYING,high,
ext/libpqxx-7.7.3/config-tests/cmp.cxx,100644,149,d4bbee001c11ab7c8202fcfa05e7b4bc838e21b06c3aeef9c63c1beecc63ce3c,"C source, ASCII text",C++,False,scanned,NONE,BSD-3-Clause,ext/libpqxx-7.7.3/COPYING,high,
ext/libpqxx-7.7.3/config-tests/concepts.cxx,100644,378,8a103f140f66365fb58aa2e348ebbad18bfa6739d5a1760d26bd41bde7d94ec9,"C++ source, ASCII text",C++,False,scanned,NONE,BSD-3-Clause,ext/libpqxx-7.7.3/COPYING,high,
ext/libpqxx-7.7.3/config-tests/cxa_demangle.cxx,100644,426,d52926a865a5704f33e4e725b189a44457a69334b06d589863fa107252e65993,"C source, ASCII text",C++,False,scanned,NONE,BSD-3-Clause,ext/libpqxx-7.7.3/COPYING,high,
ext/libpqxx-7.7.3/config-tests/fs.cxx,100644,216,04376769257fdf605f65da98372386325dd2e2c9bbb84a8fd4866342c33156d1,"C source, ASCII text",C++,False,scanned,NONE,BSD-3-Clause,ext/libpqxx-7.7.3/COPYING,high,
ext/libpqxx-7.7.3/config-tests/gcc_pure.cxx,100644,116,9e877d7fdc6a49bb9fe1fa0f5ff7af84b7e6cfbccc944dc987ce7f0044a08e6b,"C source, ASCII text",C++,False,scanned,NONE,BSD-3-Clause,ext/libpqxx-7.7.3/COPYING,high,
ext/libpqxx-7.7.3/config-tests/gcc_visibility.cxx,100644,170,c9eef4f6a415ced5142c4553642cb9a44bf460209c05f9075683e85d25da284f,"C source, ASCII text",C++,False,scanned,NONE,BSD-3-Clause,ext/libpqxx-7.7.3/COPYING,high,
ext/libpqxx-7.7.3/config-tests/likely.cxx,100644,259,66d1e709c5491e0f9bc191a8cd01e27ff8f73aa7ed9cfdc9f87a0a563d115914,"C source, ASCII text",C++,False,scanned,NONE,BSD-3-Clause,ext/libpqxx-7.7.3/COPYING,high,
ext/libpqxx-7.7.3/config-tests/multidim-subscript.cxx,100644,231,f0aba6a6a42bddf6333342a6bb6a6eddde4dfaa72d5ecff17baa2475524efa33,"C source, ASCII text",C++,False,scanned,NONE,BSD-3-Clause,ext/libpqxx-7.7.3/COPYING,high,
ext/libpqxx-7.7.3/config-tests/need_fslib.cxx,100644,591,2d989268282daebd1861d62466119c800a1c397689ed42265bc15d6b45599708,"C source, ASCII text",C++,False,scanned,NONE,BSD-3-Clause,ext/libpqxx-7.7.3/COPYING,high,
ext/libpqxx-7.7.3/config-tests/poll.cxx,100644,84,3b32394865fac9f11778e630fdc788c0485b2548c38d2fc6648257df4536001b,"C source, ASCII text",C++,False,scanned,NONE,BSD-3-Clause,ext/libpqxx-7.7.3/COPYING,high,
ext/libpqxx-7.7.3/config-tests/sleep_for.cxx,100644,732,d101050c9e8b3ef08f96fbc4b38acf3d8f024575c6a9f0bd74c0cb8fde6bd4d4,"C source, ASCII text",C++,False,scanned,NONE,BSD-3-Clause,ext/libpqxx-7.7.3/COPYING,high,
ext/libpqxx-7.7.3/config-tests/span.cxx,100644,189,f01385ce16d81d89bf6a493f0222c29755087d528fed947408d98d62a12461d8,"C source, ASCII text",C++,False,scanned,NONE,BSD-3-Clause,ext/libpqxx-7.7.3/COPYING,high,
ext/libpqxx-7.7.3/config-tests/strerror_r.cxx,100644,343,7c37863177bba2b3809c55fbd4dbaa3dd2d9c4bb101bb80e778f81205f4c4072,"C source, ASCII text",C++,False,scanned,NONE,BSD-3-Clause,ext/libpqxx-7.7.3/COPYING,high,
ext/libpqxx-7.7.3/config-tests/strerror_s.cxx,100644,225,621f88ad55e288f404bcf9f59ea9354bbd6205cd309bd2dd9409a3144c2bceb7,"C source, ASCII text",C++,False,scanned,NONE,BSD-3-Clause,ext/libpqxx-7.7.3/COPYING,high,
ext/libpqxx-7.7.3/config-tests/thread_local.cxx,100644,415,0940b2db36553ef63785418132b482a1c733b44f6437bb41550919ff3401303d,"C source, ASCII text",C++,False,scanned,NONE,BSD-3-Clause,ext/libpqxx-7.7.3/COPYING,high,
ext/libpqxx-7.7.3/config-tests/year_month_day.cxx,100644,115,b7dc272211a1fe623b8577e5dbad413b26ad53edd377c2045850dff7d433df51,"C source, ASCII text",C++,False,scanned,NONE,BSD-3-Clause,ext/libpqxx-7.7.3/COPYING,high,
ext/libpqxx-7.7.3/config/Makefile.am,100644,284,26f997b10377c303bb9541d2f8a4e46fffbe4c1c8ba6295d03511a81625181af,ASCII text,,False,scanned,NONE,BSD-3-Clause,ext/libpqxx-7.7.3/COPYING,high,
ext/libpqxx-7.7.3/config/Makefile.in,100644,13083,3d3492471f4b5cc56203e9144e1eefbd0ab19980b18b58a356e08c3e03e50de1,"makefile script, ASCII text",,False,scanned,FSFULLRWD,BSD-3-Clause,ext/libpqxx-7.7.3/COPYING,high,
ext/libpqxx-7.7.3/config/compile,100755,7400,c207b390aac6323062b982214a6c63448e53e6911107993abe96f35fe7a30a18,"POSIX shell script, ASCII text executable",Bash,False,scanned,GPL-2.0-or-later WITH Autoconf-exception-generic,GPL-2.0-or-later WITH Autoconf-exception-generic,direct ScanCode detection,medium,
ext/libpqxx-7.7.3/config/config.guess,100755,43940,8131853dbc8c3be5171fa96353de7a884a79d3f1d6b3fbf48f99037f5f95fe27,"POSIX shell script, ASCII text executable",,False,scanned,GPL-3.0-or-later WITH Autoconf-exception-generic-3.0 AND LicenseRef-scancode-warranty-disclaimer,GPL-3.0-or-later WITH Autoconf-exception-generic-3.0 AND LicenseRef-scancode-warranty-disclaimer,direct ScanCode detection,medium,
ext/libpqxx-7.7.3/config/config.sub,100755,36339,1ee0b1581032c46aac6ebd1de74b130f35082fb45a12e9ead42ad5c775f9b64f,"POSIX shell script, ASCII text executable",,False,scanned,GPL-3.0-or-later WITH Autoconf-exception-generic-3.0 AND LicenseRef-scancode-warranty-disclaimer,GPL-3.0-or-later WITH Autoconf-exception-generic-3.0 AND LicenseRef-scancode-warranty-disclaimer,direct ScanCode detection,medium,
ext/libpqxx-7.7.3/config/depcomp,100755,23568,e44b49f71b265788187993090027193a6cd2b4718f9aa7be34412f537bce6873,"POSIX shell script, ASCII text executable",Bash,False,scanned,GPL-2.0-or-later WITH Autoconf-exception-generic,GPL-2.0-or-later WITH Autoconf-exception-generic,direct ScanCode detection,medium,
ext/libpqxx-7.7.3/config/install-sh,100755,13663,a42cce53f5b376a4b1251e8d06e96dead9e858396d07333ed0cc83aa4b510023,"POSIX shell script, ASCII text executable",Bash,False,scanned,X11 AND LicenseRef-scancode-public-domain,X11 AND LicenseRef-scancode-public-domain,direct per-file terms override package default,medium,
ext/libpqxx-7.7.3/config/ltmain.sh,100755,327287,fb15c8429ae93e70a448d481a6e60ac1627c16ad41109ac571704aa42b285f8c,"POSIX shell script, ASCII text executable, with escape sequences",Bash,False,scanned,GPL-2.0-or-later WITH Libtool-exception AND GPL-3.0-or-later WITH Libtool-exception AND GPL-3.0-or-later,GPL-2.0-or-later WITH Libtool-exception AND GPL-3.0-or-later WITH Libtool-exception AND GPL-3.0-or-later,direct per-file terms override package default,medium,
ext/libpqxx-7.7.3/config/m4/Makefile.am,100644,104,1f7eee3d84ee8f45679bd1a7c9464ff430454a06084271c7fa2c62eeaf01fb0a,ASCII text,,False,scanned,NONE,BSD-3-Clause,ext/libpqxx-7.7.3/COPYING,high,
ext/libpqxx-7.7.3/config/m4/libtool.m4,100644,306681,c1a4cfb2c1dab76d4229b7c3ab04cdaf8dae0967fae71abb93d25e337745d64b,"M4 macro processor script, ASCII text, with very long lines",,False,scanned,(FSFULLR AND GPL-2.0-or-later WITH Libtool-exception) AND FSFUL,(FSFULLR AND GPL-2.0-or-later WITH Libtool-exception) AND FSFUL,direct ScanCode detection,medium,
ext/libpqxx-7.7.3/config/m4/ltoptions.m4,100644,14514,e77ebba8361b36f14b4d0927173a034b98c5d05049697a9ded84d85eb99a7990,"M4 macro processor script, ASCII text",,False,scanned,FSFULLR,BSD-3-Clause,ext/libpqxx-7.7.3/COPYING,high,
ext/libpqxx-7.7.3/config/m4/ltsugar.m4,100644,4384,5a6735cda60e0ba0d1b706c0ef648f5d096298da46daefd9cdecdb6a0f4584d3,"M4 macro processor script, ASCII text",,False,scanned,FSFULLR,BSD-3-Clause,ext/libpqxx-7.7.3/COPYING,high,
ext/libpqxx-7.7.3/config/m4/ltversion.m4,100644,699,a27b754709de61575197bf5a980696c98ae49da3f92f0de8ee7f42dd543b7465,"M4 macro processor script, ASCII text",,False,scanned,FSFULLR,BSD-3-Clause,ext/libpqxx-7.7.3/COPYING,high,
ext/libpqxx-7.7.3/config/m4/lt~obsolete.m4,100644,6140,26fa3285c35dd6ab00ed1e466ba92a17e4655e01897731ec18a587a4cf5e4f8d,"M4 macro processor script, ASCII text",,False,scanned,FSFULLR,BSD-3-Clause,ext/libpqxx-7.7.3/COPYING,high,
ext/libpqxx-7.7.3/config/missing,100755,6878,a9865db4f39574ff128c0312c367f070d20f81847817021ecce95fd70a610c9d,"POSIX shell script, ASCII text executable",Bash,False,scanned,GPL-2.0-or-later WITH Autoconf-exception-generic,GPL-2.0-or-later WITH Autoconf-exception-generic,direct ScanCode detection,medium,
ext/libpqxx-7.7.3/config/mkinstalldirs,100755,671,55ee8443ca4f6b83f0e1a4a2b5bec3e6a2a143461dcd828a4cb74ca14c9a9c31,"POSIX shell script, ASCII text executable",Bash,False,scanned,NONE,BSD-3-Clause,ext/libpqxx-7.7.3/COPYING,high,
ext/libpqxx-7.7.3/config/test-driver,100755,4640,7c1ae35455771ae32050c2ed109e3d297160b6d1a2f70b0278cf6968e5e7e98c,"POSIX shell script, ASCII text executable, with escape sequences",Bash,False,scanned,GPL-2.0-or-later WITH Autoconf-exception-generic,GPL-2.0-or-later WITH Autoconf-exception-generic,direct ScanCode detection,medium,
ext/libpqxx-7.7.3/configitems,100644,982,f2208fe89291d6128edf781a01282b97da93481ecf7313ff77aff962d67f321a,ASCII text,,True,scanned,NONE,BSD-3-Clause,ext/libpqxx-7.7.3/COPYING,high,
ext/libpqxx-7.7.3/configure,100755,627664,e5c03736cd8544564fc75c568bcfa1255dddc39468b29e7758b6d5164f9f3d49,"POSIX shell script, ASCII text executable, with very long lines",Bash,False,scanned,FSFUL AND GPL-2.0-or-later WITH Libtool-exception,FSFUL AND GPL-2.0-or-later WITH Libtool-exception,direct per-file terms override package default,medium,
ext/libpqxx-7.7.3/configure.ac,100644,20227,cb04b292973ee74ca0ed07353470ef1bbbb696484103bc330d2fa8a93779d6ff,"M4 macro processor script, ASCII text",,False,scanned,NONE,BSD-3-Clause,ext/libpqxx-7.7.3/COPYING,high,
ext/libpqxx-7.7.3/doc/CMakeLists.txt,100644,1535,6e874c1d94432c7a997aca13bf22ab95b38743bcc5ea770eb9304673c52756bb,ASCII text,,False,scanned,NONE,BSD-3-Clause,ext/libpqxx-7.7.3/COPYING,high,
ext/libpqxx-7.7.3/doc/Doxyfile.in,100644,53099,a58ea9abe54fb762cdf1c36231646e3ec571962b2aa9623f51012a2426c2fcb2,ASCII text,,False,scanned,NONE,BSD-3-Clause,ext/libpqxx-7.7.3/COPYING,high,
ext/libpqxx-7.7.3/doc/Makefile.am,100644,987,895c26205530007f4c843ec694cf25bb158e3f98cb7114862e8e5902296577ff,ASCII text,,False,scanned,NONE,BSD-3-Clause,ext/libpqxx-7.7.3/COPYING,high,
ext/libpqxx-7.7.3/doc/Makefile.in,100644,13988,1aa2e118152065647ae028cf28ae6a23962f37c77fbbdc6b23834ee17079765e,"makefile script, ASCII text",,False,scanned,FSFULLRWD,BSD-3-Clause,ext/libpqxx-7.7.3/COPYING,high,
ext/libpqxx-7.7.3/doc/conf.py,100644,6051,f73d6c0f85f6717df72e7c06bec04c4cc010b2565eb44d3c3d2a48262a654334,"Python script, ASCII text executable",Python,False,scanned,NONE,BSD-3-Clause,ext/libpqxx-7.7.3/COPYING,high,
ext/libpqxx-7.7.3/doc/index.rst,100644,375,62cfc783c1a67655a192953e4a7c6925c8b2c49a75a6c42b1d95ce2f176ae20c,ASCII text,,False,scanned,NONE,BSD-3-Clause,ext/libpqxx-7.7.3/COPYING,high,
ext/libpqxx-7.7.3/include/CMakeLists.txt,100644,1878,d21a8a03f1fd6fa9a4b6aebee259854b617f50ade449d17c5dcd3e7da4e5992b,ASCII text,,False,scanned,NONE,BSD-3-Clause,ext/libpqxx-7.7.3/COPYING,high,
ext/libpqxx-7.7.3/include/CMakeLists.txt.template,100644,617,bc771676150c6db162b61196a9766d31b8c5fcb29e9d89ad8664eb65297fc03e,ASCII text,,False,scanned,NONE,BSD-3-Clause,ext/libpqxx-7.7.3/COPYING,high,
ext/libpqxx-7.7.3/include/Makefile.am,100644,2871,8b9674b3cfbb386e95c7f4e9b97821cc287bd156a37de96a2eeab3a2b3707f50,"automake makefile script, ASCII text",,False,scanned,NONE,BSD-3-Clause,ext/libpqxx-7.7.3/COPYING,high,
ext/libpqxx-7.7.3/include/Makefile.in,100644,25812,2cb03ac9c5a95a6606fc3d3a0c61c2c30a943674ccc5556ce4d3059233c14b77,"makefile script, ASCII text",,False,scanned,FSFULLRWD,BSD-3-Clause,ext/libpqxx-7.7.3/COPYING,high,
ext/libpqxx-7.7.3/include/pqxx/Makefile.am,100644,267,d2073d79a65126d4cb6e037bee16903cf9cbef56263c3fc950d29bc6e9e534a8,ASCII text,,False,scanned,NONE,BSD-3-Clause,ext/libpqxx-7.7.3/COPYING,high,
ext/libpqxx-7.7.3/include/pqxx/Makefile.in,100644,15619,f6e6cecfb9b4d2f9bc11e80083c0dfc22dc0b40f7d66bb8c2797d6672ccb0cf1,"makefile script, ASCII text",,False,scanned,FSFULLRWD,BSD-3-Clause,ext/libpqxx-7.7.3/COPYING,high,
ext/libpqxx-7.7.3/include/pqxx/array,100644,215,8e1c9fc66fbe021fbd50f9a3958b094007215088cb8e4b6c69a87a548d71e85f,"C source, ASCII text",C,False,scanned,NONE,BSD-3-Clause,ext/libpqxx-7.7.3/COPYING,high,
ext/libpqxx-7.7.3/include/pqxx/array.hxx,100644,3563,7f5dd8e486685d14ad78370f0120df898ba52ec692fdedb5a75cb289970db2a5,"C++ source, ASCII text",C++,False,scanned,NONE,BSD-3-Clause,ext/libpqxx-7.7.3/COPYING,high,
ext/libpqxx-7.7.3/include/pqxx/binarystring,100644,233,6f26251dfa85f2676d221e20382ea35550cf9c1ca7c350a2b4cb089196c67494,"C source, ASCII text",C,False,scanned,NONE,BSD-3-Clause,ext/libpqxx-7.7.3/COPYING,high,
ext/libpqxx-7.7.3/include/pqxx/binarystring.hxx,100644,8170,3db6fa957401fe1b07b7fd658e0a48d5a2d1e757113c44530efdbbe226cf9b22,"C++ source, ASCII text",C++,False,scanned,NONE,BSD-3-Clause,ext/libpqxx-7.7.3/COPYING,high,
ext/libpqxx-7.7.3/include/pqxx/blob,100644,222,130eba334dc04c34e49776329dc884cb6587b287db4fcf2d7f37419e76afbeb0,"C source, ASCII text",C,False,scanned,NONE,BSD-3-Clause,ext/libpqxx-7.7.3/COPYING,high,
ext/libpqxx-7.7.3/include/pqxx/blob.hxx,100644,13305,8335273571ec7f30637869d8c616c5079b47aebbf9ac43ce4e693661e97cbf8f,"C++ source, ASCII text",C++,False,scanned,NONE,BSD-3-Clause,ext/libpqxx-7.7.3/COPYING,high,
ext/libpqxx-7.7.3/include/pqxx/composite,100644,230,e2416cb1d094ff7df050ee6adbacba672dbc6bff7741ced46bd7873165cfa0c7,"C source, ASCII text",C,False,scanned,NONE,BSD-3-Clause,ext/libpqxx-7.7.3/COPYING,high,
ext/libpqxx-7.7.3/include/pqxx/composite.hxx,100644,4644,0ac7809ae0fbf042e9ca0aaa630cc8264eb8f0ddfd8603dc1ca176d221b7091a,"C++ source, ASCII text",C++,False,scanned,NONE,BSD-3-Clause,ext/libpqxx-7.7.3/COPYING,high,
ext/libpqxx-7.7.3/include/pqxx/config.h.in,100644,3233,8b0d1a466385e98451e61ce024137ef1cd9dc8a379551d6e3644c242f03b216e,ASCII text,,False,scanned,NONE,BSD-3-Clause,ext/libpqxx-7.7.3/COPYING,high,
ext/libpqxx-7.7.3/include/pqxx/connection,100644,284,ecef6c5c549725ebb6348b332d727d68c38213d307936fd5b20cfc9cdf5c4dd8,"C source, ASCII text",C,False,scanned,NONE,BSD-3-Clause,ext/libpqxx-7.7.3/COPYING,high,
ext/libpqxx-7.7.3/include/pqxx/connection.hxx,100644,47619,168289fc46e4a57b1eed8d874b893991c02f208266d19ae87f3b48b8c1526bf9,"C++ source, ASCII text",C++,False,scanned,NONE,BSD-3-Clause,ext/libpqxx-7.7.3/COPYING,high,
ext/libpqxx-7.7.3/include/pqxx/cursor,100644,292,afb386f56fc35ba1449e031e5b888b4c345ab2e6365ad19a9adb50e4b7bf0c90,"C source, ASCII text",C,False,scanned,NONE,BSD-3-Clause,ext/libpqxx-7.7.3/COPYING,high,
ext/libpqxx-7.7.3/include/pqxx/cursor.hxx,100644,17128,b059d50906b63efbdaf972346be8f429d012f882214c5b41bf1aba0a9603142e,"C++ source, ASCII text",C++,False,scanned,NONE,BSD-3-Clause,ext/libpqxx-7.7.3/COPYING,high,
ext/libpqxx-7.7.3/include/pqxx/dbtransaction,100644,309,4a6c8498ea12f4309a1175b410f420b1cb720beadb3186caea5351a90945847b,"C source, ASCII text",C,False,scanned,NONE,BSD-3-Clause,ext/libpqxx-7.7.3/COPYING,high,
ext/libpqxx-7.7.3/include/pqxx/dbtransaction.hxx,100644,2710,6dfb8dab5a9acdd2d3ba986ad2e8994bb96f40054c987face42143279f471c5d,"C++ source, ASCII text",C++,False,scanned,NONE,BSD-3-Clause,ext/libpqxx-7.7.3/COPYING,high,
ext/libpqxx-7.7.3/include/pqxx/doc/accessing-results.md,100644,5718,d1fd21b3027c75f9dc6ecd7710893eacf79eb22cf69f43c529919e1a0a56b967,ASCII text,,False,scanned,NONE,BSD-3-Clause,ext/libpqxx-7.7.3/COPYING,high,
ext/libpqxx-7.7.3/include/pqxx/doc/binary-data.md,100644,2383,985a60ac9528b98517b6d8856ec7bb9b992b605720613854d300ab0920f03faf,ASCII text,,False,scanned,NONE,BSD-3-Clause,ext/libpqxx-7.7.3/COPYING,high,
ext/libpqxx-7.7.3/include/pqxx/doc/datatypes.md,100644,15322,d7a3a72b9d1211d8ed72d44faa9c1d3f76e6e0027e4c357578121e130023e7e3,"C++ source, ASCII text",,False,scanned,NONE,BSD-3-Clause,ext/libpqxx-7.7.3/COPYING,high,
ext/libpqxx-7.7.3/include/pqxx/doc/escaping.md,100644,2639,366c7817f6591708fb3d2f49fb0f0445ef145e6c5d60e2913f42f37ae3f08915,ASCII text,,False,scanned,NONE,BSD-3-Clause,ext/libpqxx-7.7.3/COPYING,high,
ext/libpqxx-7.7.3/include/pqxx/doc/getting-started.md,100644,5570,17aaa714982a8eb8546f2e39d5851f7a3ba2196bc21a0fddff50a0324d88a789,"C source, ASCII text",,False,scanned,NONE,BSD-3-Clause,ext/libpqxx-7.7.3/COPYING,high,
ext/libpqxx-7.7.3/include/pqxx/doc/mainpage.md,100644,840,3494112edb05254c4a1a784f1ea2a4f82b3791eda343420824405982fa85f67d,ASCII text,,False,scanned,NONE,BSD-3-Clause,ext/libpqxx-7.7.3/COPYING,high,
ext/libpqxx-7.7.3/include/pqxx/doc/mainpage.md.template,100644,848,5b6bd1e8c981f4bbb896e5157684a4fb0110105cf334a49e46c8464a94138aa1,ASCII text,,False,scanned,NONE,BSD-3-Clause,ext/libpqxx-7.7.3/COPYING,high,
ext/libpqxx-7.7.3/include/pqxx/doc/parameters.md,100644,3802,8117c42f5b3d4d4f62835e37df79070233f7330533674badb37f6574a4506798,ASCII text,,False,scanned,NONE,BSD-3-Clause,ext/libpqxx-7.7.3/COPYING,high,
ext/libpqxx-7.7.3/include/pqxx/doc/performance.md,100644,1260,a2dc6dc01009b394af56d08fc0a1b25e7c6791180a116def919c9048ccef7f91,ASCII text,,False,scanned,NONE,BSD-3-Clause,ext/libpqxx-7.7.3/COPYING,high,
ext/libpqxx-7.7.3/include/pqxx/doc/prepared-statement.md,100644,4671,a458583a44f51ffcb21aba35454a6a467556e0cae0c3277153f27195e90ee4b4,ASCII text,,False,scanned,NONE,BSD-3-Clause,ext/libpqxx-7.7.3/COPYING,high,
ext/libpqxx-7.7.3/include/pqxx/doc/streams.md,100644,4696,38398cf331b31a9288d4a9f6220723fd3ea4bb0a5e9fc6ba6ddc69a0e1757801,ASCII text,,False,scanned,NONE,BSD-3-Clause,ext/libpqxx-7.7.3/COPYING,high,
ext/libpqxx-7.7.3/include/pqxx/doc/thread-safety.md,100644,1387,001fcea4b4ae07ee6c33f340b506b58a10a60dd816bb3e12769ea9d8807b01a1,ASCII text,,False,scanned,NONE,BSD-3-Clause,ext/libpqxx-7.7.3/COPYING,high,
ext/libpqxx-7.7.3/include/pqxx/errorhandler,100644,274,1c39bda23fb3cdc928b34b72855aacf47a85ec33179658c9946488f0e8eaa525,"C source, ASCII text",C,False,scanned,NONE,BSD-3-Clause,ext/libpqxx-7.7.3/COPYING,high,
ext/libpqxx-7.7.3/include/pqxx/errorhandler.hxx,100644,2720,eb0522c70fd80f2e1f97d1f8af808a9dbaaf766b73e208d1857cca35f769f045,"C++ source, ASCII text",C++,False,scanned,NONE,BSD-3-Clause,ext/libpqxx-7.7.3/COPYING,high,
ext/libpqxx-7.7.3/include/pqxx/except,100644,293,0c5ce1e8d19a2241fb1bf12feef7a0c7fdee1f5f609419f2805f8762cc515804,"C source, ASCII text",C,False,scanned,NONE,BSD-3-Clause,ext/libpqxx-7.7.3/COPYING,high,
ext/libpqxx-7.7.3/include/pqxx/except.hxx,100644,12726,1791c755f326c185365c141632d3a43db79e3b0d2ab3e82bdda90a0ac0b39462,"C++ source, ASCII text",C++,False,scanned,NONE,BSD-3-Clause,ext/libpqxx-7.7.3/COPYING,high,
ext/libpqxx-7.7.3/include/pqxx/field,100644,265,82afc3317ef09e15157dfe67059a6330cbc2413ef86f49e67548a9e5c6f24460,"C source, ASCII text",C,False,scanned,NONE,BSD-3-Clause,ext/libpqxx-7.7.3/COPYING,high,
ext/libpqxx-7.7.3/include/pqxx/field.hxx,100644,15685,7a38a3e1aedf284ff834dbe090a47221c2db4486810d5aedc9fc631ac4034b66,"C++ source, ASCII text",C++,False,scanned,NONE,BSD-3-Clause,ext/libpqxx-7.7.3/COPYING,high,
ext/libpqxx-7.7.3/include/pqxx/internal/array-composite.hxx,100644,9434,8901004a15678d4132a425032bebb3a50d0d34c0cea527007030f690f78e77ec,"C++ source, ASCII text",C++,False,scanned,NONE,BSD-3-Clause,ext/libpqxx-7.7.3/COPYING,high,
ext/libpqxx-7.7.3/include/pqxx/internal/callgate.hxx,100644,2202,b198a2d6c6476867b86cbde796a59e521e7cbaa9e1e2e55dd638378507d01726,"C++ source, ASCII text",C++,False,scanned,NONE,BSD-3-Clause,ext/libpqxx-7.7.3/COPYING,high,
ext/libpqxx-7.7.3/include/pqxx/internal/concat.hxx,100644,1285,c2f549f046f30f1f5e5261aad9fdc810ce81357b5d67b1bfcbf2c33dcb1c8079,"C++ source, ASCII text",C++,False,scanned,NONE,BSD-3-Clause,ext/libpqxx-7.7.3/COPYING,high,
ext/libpqxx-7.7.3/include/pqxx/internal/conversions.hxx,100644,34411,d0bbd29e9a15cf6d8c94504d51d843a8a25c6fe92a4b641121dcce539276e276,"C++ source, ASCII text",C++,False,scanned,NONE,BSD-3-Clause,ext/libpqxx-7.7.3/COPYING,high,
ext/libpqxx-7.7.3/include/pqxx/internal/encoding_group.hxx,100644,1629,98013a020d8c9b1745b42d5b694e8133b1e68291374ed75865502f22f7d549e0,"C source, ASCII text",C++,False,scanned,NONE,BSD-3-Clause,ext/libpqxx-7.7.3/COPYING,high,
ext/libpqxx-7.7.3/include/pqxx/internal/encodings.hxx,100644,2787,86093024c0cf8d25ff8e5879085055ca9e089c027498f9ecc026d11c9ccef110,"C++ source, ASCII text",C++,False,scanned,NONE,BSD-3-Clause,ext/libpqxx-7.7.3/COPYING,high,
ext/libpqxx-7.7.3/include/pqxx/internal/gates/connection-errorhandler.hxx,100644,531,5bf71070aaee0f5c25b50450e355d8eff16fb8d3f99810ddadb9e66a917e73bc,"C++ source, ASCII text",C++,False,scanned,NONE,BSD-3-Clause,ext/libpqxx-7.7.3/COPYING,high,
ext/libpqxx-7.7.3/include/pqxx/internal/gates/connection-largeobject.hxx,100644,768,5bfc94b858e8a24a0fc1d5be7581414c497e442d85bf360632c4ef6f8fff598c,"C++ source, ASCII text",C++,False,scanned,NONE,BSD-3-Clause,ext/libpqxx-7.7.3/COPYING,high,
ext/libpqxx-7.7.3/include/pqxx/internal/gates/connection-notification_receiver.hxx,100644,586,a2b00043d6af75143cac5da39dbc1ea9c73e211fc6fc2ac36484ada3cd908ea1,"C++ source, ASCII text",C++,False,scanned,NONE,BSD-3-Clause,ext/libpqxx-7.7.3/COPYING,high,
ext/libpqxx-7.7.3/include/pqxx/internal/gates/connection-pipeline.hxx,100644,707,0dc2a4f8b0677dfd9b7122377974c03ab5430dd45d6c442f2962878d099987e4,"C source, ASCII text",C++,False,scanned,NONE,BSD-3-Clause,ext/libpqxx-7.7.3/COPYING,high,
ext/libpqxx-7.7.3/include/pqxx/internal/gates/connection-sql_cursor.hxx,100644,387,b37bda0a5b03b667e1b5c5e15605e5af5c75df5aa15422edc83d725cb80c83cc,"C source, ASCII text",C++,False,scanned,NONE,BSD-3-Clause,ext/libpqxx-7.7.3/COPYING,high,
ext/libpqxx-7.7.3/include/pqxx/internal/gates/connection-stream_from.hxx,100644,358,7e92370aba2491b85a6781441a6c84262125c24f30b2a48f17bfd5d3e2636fd0,"C source, ASCII text",C++,False,scanned,NONE,BSD-3-Clause,ext/libpqxx-7.7.3/COPYING,high,
ext/libpqxx-7.7.3/include/pqxx/internal/gates/connection-stream_to.hxx,100644,425,620db7c00c714c754c7d0281811f33aa8effa53ad9210406364460e99ec2873a,"C source, ASCII text",C++,False,scanned,NONE,BSD-3-Clause,ext/libpqxx-7.7.3/COPYING,high,
ext/libpqxx-7.7.3/include/pqxx/internal/gates/connection-transaction.hxx,100644,1075,b5eead0152ed9d1a07bceeb9a6f58fc399e9966c5e3f07b5e61dee8f3522fc8e,"C++ source, ASCII text",C++,False,scanned,NONE,BSD-3-Clause,ext/libpqxx-7.7.3/COPYING,high,
ext/libpqxx-7.7.3/include/pqxx/internal/gates/errorhandler-connection.hxx,100644,323,f6fab1588120922add5fb507b4061d3ccfd72a0b3e2534d2e993d048749c2b50,"C source, ASCII text",C++,False,scanned,NONE,BSD-3-Clause,ext/libpqxx-7.7.3/COPYING,high,
ext/libpqxx-7.7.3/include/pqxx/internal/gates/icursor_iterator-icursorstream.hxx,100644,666,9a56b34ad626578c8fd859bec297b78b31be48269a4cf110d1e377b954a081f6,"C source, ASCII text",C++,False,scanned,NONE,BSD-3-Clause,ext/libpqxx-7.7.3/COPYING,high,
ext/libpqxx-7.7.3/include/pqxx/internal/gates/icursorstream-icursor_iterator.hxx,100644,750,8b8b1d829154226b7d38cfb6130495feeaa2e25b5ff51f5bcc10170a4b883201,"C source, ASCII text",C++,False,scanned,NONE,BSD-3-Clause,ext/libpqxx-7.7.3/COPYING,high,
ext/libpqxx-7.7.3/include/pqxx/internal/gates/result-connection.hxx,100644,354,e4027d4297f6329b9f50b680424a7cd84830420b95245da02f76efc2f391e174,"C source, ASCII text",C++,False,scanned,NONE,BSD-3-Clause,ext/libpqxx-7.7.3/COPYING,high,
ext/libpqxx-7.7.3/include/pqxx/internal/gates/result-creation.hxx,100644,555,709ad84538e3cf97e1f3a200b38e1de75c61df5836a23ae2620c036cd0af341e,"C source, ASCII text",C++,False,scanned,NONE,BSD-3-Clause,ext/libpqxx-7.7.3/COPYING,high,
ext/libpqxx-7.7.3/include/pqxx/internal/gates/result-pipeline.hxx,100644,345,35145ed8071b4ae2dedac5f6e9db41efcea696032ab44a8fd3fa20f033507b13,"C source, ASCII text",C++,False,scanned,NONE,BSD-3-Clause,ext/libpqxx-7.7.3/COPYING,high,
ext/libpqxx-7.7.3/include/pqxx/internal/gates/result-sql_cursor.hxx,100644,341,8f9343f6261894f0e76372bbbc7b7b4fcdb08f1c52578c01978b837e4639e2d9,"C source, ASCII text",C++,False,scanned,NONE,BSD-3-Clause,ext/libpqxx-7.7.3/COPYING,high,
ext/libpqxx-7.7.3/include/pqxx/internal/gates/transaction-sql_cursor.hxx,100644,279,cb62c72347450b6b464af62c9bdfe8203b3ccdea30e9067f0c7966419841a1a2,"C source, ASCII text",C++,False,scanned,NONE,BSD-3-Clause,ext/libpqxx-7.7.3/COPYING,high,
ext/libpqxx-7.7.3/include/pqxx/internal/gates/transaction-transaction_focus.hxx,100644,728,643537daa051424815651a09f1764355dd410fb1e7b4246ab65b26f24edcb32e,"C source, ASCII text",C++,False,scanned,NONE,BSD-3-Clause,ext/libpqxx-7.7.3/COPYING,high,
ext/libpqxx-7.7.3/include/pqxx/internal/header-post.hxx,100644,707,4d513de9b59383b545fb0334c3298245f52738f185fbcc4bc45d8157cc207b2c,"C source, ASCII text",C++,False,scanned,NONE,BSD-3-Clause,ext/libpqxx-7.7.3/COPYING,high,
ext/libpqxx-7.7.3/include/pqxx/internal/header-pre.hxx,100644,5237,878d06fb9d325fba520eb63caa4d19ad093c0bc0da243b75bb28a28b2d34c3d8,"C source, ASCII text",C++,False,scanned,NONE,BSD-3-Clause,ext/libpqxx-7.7.3/COPYING,high,
ext/libpqxx-7.7.3/include/pqxx/internal/ignore-deprecated-post.hxx,100644,328,5d3ba4cf459e98244abfef5d390b02c8eca1de8b8955c9c6a15ce61627c0830a,"C source, ASCII text",C++,False,scanned,NONE,BSD-3-Clause,ext/libpqxx-7.7.3/COPYING,high,
ext/libpqxx-7.7.3/include/pqxx/internal/ignore-deprecated-pre.hxx,100644,925,5bff7746eec3f1a4173e3008e60567fca7602a7fa99b18b33b43d94927bf88c4,"C source, ASCII text",C++,False,scanned,NONE,BSD-3-Clause,ext/libpqxx-7.7.3/COPYING,high,
ext/libpqxx-7.7.3/include/pqxx/internal/libpq-forward.hxx,100644,828,5aea7fd133047fd02e08f7bcc56bd3315c6fb7bc037749d1943cc7b7a0925407,"C++ source, ASCII text",C++,False,scanned,NONE,BSD-3-Clause,ext/libpqxx-7.7.3/COPYING,high,
ext/libpqxx-7.7.3/include/pqxx/internal/result_iter.hxx,100644,3007,f4972af0d917a8e5757e3ef5fa4a08fc91642de18a1163a9a27564fb5314b129,"C++ source, ASCII text",C++,False,scanned,NONE,BSD-3-Clause,ext/libpqxx-7.7.3/COPYING,high,
ext/libpqxx-7.7.3/include/pqxx/internal/result_iterator.hxx,100644,10320,b5084247ae06181cdf6dd13f41bbd6df8539efaf7e7e99850a5d798977479a0f,"C++ source, ASCII text",C++,False,scanned,NONE,BSD-3-Clause,ext/libpqxx-7.7.3/COPYING,high,
ext/libpqxx-7.7.3/include/pqxx/internal/sql_cursor.hxx,100644,3873,af6b52cd059b78fca2e3d8be81af988ce639f60f241e5b17d4f58efcae2479c0,"C++ source, ASCII text",C++,False,scanned,NONE,BSD-3-Clause,ext/libpqxx-7.7.3/COPYING,high,
ext/libpqxx-7.7.3/include/pqxx/internal/statement_parameters.hxx,100644,4624,117b38333753571b1bbce38d552f6d59fec2e090bd323b3067a9bf7dc8d7550c,"C++ source, ASCII text",C++,False,scanned,NONE,BSD-3-Clause,ext/libpqxx-7.7.3/COPYING,high,
ext/libpqxx-7.7.3/include/pqxx/internal/stream_iterator.hxx,100644,2560,37790d373807aa04cafe761d6188d095f84d860b4273acd884ab56b6bb58c3a2,"C++ source, ASCII text",C++,False,scanned,NONE,BSD-3-Clause,ext/libpqxx-7.7.3/COPYING,high,
ext/libpqxx-7.7.3/include/pqxx/internal/wait.hxx,100644,521,0099b0d183564986e2f72a1ef8e728ea3d648fdfbcbeee67339cf412df3282ce,ASCII text,C++,False,scanned,NONE,BSD-3-Clause,ext/libpqxx-7.7.3/COPYING,high,
ext/libpqxx-7.7.3/include/pqxx/isolation,100644,295,4d8580c4174c8683c37594e88d8b4e7a66dc04d65cff0d4eaddb7d22698067d9,"C source, ASCII text",C,False,scanned,NONE,BSD-3-Clause,ext/libpqxx-7.7.3/COPYING,high,
ext/libpqxx-7.7.3/include/pqxx/isolation.hxx,100644,2741,71aa8397503bc929830551328c7e82250aa90f47e8bfaf8757e9dc87bdce070e,"C++ source, ASCII text",C++,False,scanned,NONE,BSD-3-Clause,ext/libpqxx-7.7.3/COPYING,high,
ext/libpqxx-7.7.3/include/pqxx/largeobject,100644,300,2a0dc427f1eefc7d7a68efc2c13f3622a48f23350d38aef4cc90803742789a42,"C source, ASCII text",C,False,scanned,NONE,BSD-3-Clause,ext/libpqxx-7.7.3/COPYING,high,
ext/libpqxx-7.7.3/include/pqxx/largeobject.hxx,100644,23876,741596c45aea96be5c074ef73fb1874f7b77be3e3ccd04af66be69e3db5359c7,"C++ source, ASCII text",C++,False,scanned,NONE,BSD-3-Clause,ext/libpqxx-7.7.3/COPYING,high,
ext/libpqxx-7.7.3/include/pqxx/nontransaction,100644,298,014e1f04a46c9785892858437698f92d5682fa47390d35b36682f57492ef52a8,"C source, ASCII text",C,False,scanned,NONE,BSD-3-Clause,ext/libpqxx-7.7.3/COPYING,high,
ext/libpqxx-7.7.3/include/pqxx/nontransaction.hxx,100644,2758,f29563491d95c66c809b5032f93c05d75dc9514d571aeceecfb90009e7f14e8f,"C++ source, ASCII text",C++,False,scanned,NONE,BSD-3-Clause,ext/libpqxx-7.7.3/COPYING,high,
ext/libpqxx-7.7.3/include/pqxx/notification,100644,311,fd73ca97818ac3d53e0f9aad7cc99646f739849a05ac739f58f8b5b0163d5721,"C source, ASCII text",C,False,scanned,NONE,BSD-3-Clause,ext/libpqxx-7.7.3/COPYING,high,
ext/libpqxx-7.7.3/include/pqxx/notification.hxx,100644,3693,f22152676d5f62dde80f4f0ed1564c5c120bf6ec75630f89d3332e4076a98ddc,"C++ source, ASCII text",C++,False,scanned,NONE,BSD-3-Clause,ext/libpqxx-7.7.3/COPYING,high,
ext/libpqxx-7.7.3/include/pqxx/params,100644,311,328b42158f24f4dda80489abbe8e3112ab1c59ab2f3fc229ed779ff5c06cc8c3,"C source, ASCII text",C,False,scanned,NONE,BSD-3-Clause,ext/libpqxx-7.7.3/COPYING,high,
ext/libpqxx-7.7.3/include/pqxx/params.hxx,100644,13632,011e080bde05e100e744a6ec0b055a84a271a0cf0bd1ed2f16ac7e76b4586c4f,"C++ source, ASCII text",C++,False,scanned,NONE,BSD-3-Clause,ext/libpqxx-7.7.3/COPYING,high,
ext/libpqxx-7.7.3/include/pqxx/pipeline,100644,260,47aefb5888fa3fb459767caafa240d541bdade821729da76c6aa82d96845ec4d,"C source, ASCII text",C,False,scanned,NONE,BSD-3-Clause,ext/libpqxx-7.7.3/COPYING,high,
ext/libpqxx-7.7.3/include/pqxx/pipeline.hxx,100644,7901,05c95296f56e1b8e60228b53c4b2a4285586c6c272ea9a0c54611cb1a459e158,"C++ source, ASCII text",C++,False,scanned,NONE,BSD-3-Clause,ext/libpqxx-7.7.3/COPYING,high,
ext/libpqxx-7.7.3/include/pqxx/pqxx,100644,872,da7d4672f08d41cad341e4f1296ad80f22a468912bea4434f3b628d14d039c20,"C source, ASCII text",C,False,scanned,NONE,BSD-3-Clause,ext/libpqxx-7.7.3/COPYING,high,
ext/libpqxx-7.7.3/include/pqxx/prepared_statement,100644,73,00ecf91bf8c2c388d8f420285a5a719d69a744a2bc1d756ff71c929195b98194,"C source, ASCII text",C,False,scanned,NONE,BSD-3-Clause,ext/libpqxx-7.7.3/COPYING,high,
ext/libpqxx-7.7.3/include/pqxx/prepared_statement.hxx,100644,73,00ecf91bf8c2c388d8f420285a5a719d69a744a2bc1d756ff71c929195b98194,"C source, ASCII text",C++,False,scanned,NONE,BSD-3-Clause,ext/libpqxx-7.7.3/COPYING,high,
ext/libpqxx-7.7.3/include/pqxx/range,100644,232,4fa2c9e135d5ce0def6c6322aec8f10a54c37b9f34f7f076c2a4e1d9373cc880,"C source, ASCII text",C,False,scanned,NONE,BSD-3-Clause,ext/libpqxx-7.7.3/COPYING,high,
ext/libpqxx-7.7.3/include/pqxx/range.hxx,100644,16820,3ded3a6b6a003cb9202b614a64923f2a4f3fb4f0561ae67cb10da873b93045b6,"C++ source, ASCII text",C++,False,scanned,NONE,BSD-3-Clause,ext/libpqxx-7.7.3/COPYING,high,
ext/libpqxx-7.7.3/include/pqxx/result,100644,551,9d0b637dd870fb91ae6f6c86dd439fe1b5d8680b325e7fa89c95b2469c99ab8d,"C source, ASCII text",C,False,scanned,NONE,BSD-3-Clause,ext/libpqxx-7.7.3/COPYING,high,
ext/libpqxx-7.7.3/include/pqxx/result.hxx,100644,11585,25b6a9add8b709257a92343651f24fd2e86ac546b5e88b80af22bebe5f29707c,"C++ source, ASCII text",C++,False,scanned,NONE,BSD-3-Clause,ext/libpqxx-7.7.3/COPYING,high,
ext/libpqxx-7.7.3/include/pqxx/robusttransaction,100644,305,bc9eb9ee4d8f97f1942136297e3e5237a0a116acacc0c1452620c96cf5bb5fb3,"C source, ASCII text",C,False,scanned,NONE,BSD-3-Clause,ext/libpqxx-7.7.3/COPYING,high,
ext/libpqxx-7.7.3/include/pqxx/robusttransaction.hxx,100644,3927,5516ac5889f25f5f153034a9f0cc0c7128f4ab108a3df59b8889e2e939f10288,"C++ source, ASCII text",C++,False,scanned,NONE,BSD-3-Clause,ext/libpqxx-7.7.3/COPYING,high,
ext/libpqxx-7.7.3/include/pqxx/row,100644,280,f78e9c8a5470f39a7e79adff858312a6209f67a695bbdb759ec0823c2e81d0a9,"C source, ASCII text",C,False,scanned,NONE,BSD-3-Clause,ext/libpqxx-7.7.3/COPYING,high,
ext/libpqxx-7.7.3/include/pqxx/row.hxx,100644,15894,179121bd53b902c1991a7ae836cd453c7a3f024c230d21ec38d7d89e4f063cc4,"C++ source, ASCII text",C++,False,scanned,NONE,BSD-3-Clause,ext/libpqxx-7.7.3/COPYING,high,
ext/libpqxx-7.7.3/include/pqxx/separated_list,100644,242,3b9e337e7ededf709b9f0139937e20da070caa6632dd951fb0afe3a1dc81b3bf,"C source, ASCII text",C,False,scanned,NONE,BSD-3-Clause,ext/libpqxx-7.7.3/COPYING,high,
ext/libpqxx-7.7.3/include/pqxx/separated_list.hxx,100644,4265,b9738ff95a79bfee30af5f16788911f4df81fdfefc9a132afb5292e759cbee03,"C++ source, ASCII text",C++,False,scanned,NONE,BSD-3-Clause,ext/libpqxx-7.7.3/COPYING,high,
ext/libpqxx-7.7.3/include/pqxx/strconv,100644,224,67b68d0762e664e22686a460e39ace0d5ca574b54da2396bc6fe0d1ff2e1a931,"C source, ASCII text",C,False,scanned,NONE,BSD-3-Clause,ext/libpqxx-7.7.3/COPYING,high,
ext/libpqxx-7.7.3/include/pqxx/strconv.hxx,100644,16782,cfa43ecbe406068aae05633c98e109c06570e5bdfc22a3964422300e576c0f34,"C++ source, ASCII text",C++,False,scanned,NONE,BSD-3-Clause,ext/libpqxx-7.7.3/COPYING,high,
ext/libpqxx-7.7.3/include/pqxx/stream_from,100644,299,f12786e62788af2384722bd4fad1db795a0e2aff0b017fc6378cec3c66c6a4c4,"C source, ASCII text",C,False,scanned,NONE,BSD-3-Clause,ext/libpqxx-7.7.3/COPYING,high,
ext/libpqxx-7.7.3/include/pqxx/stream_from.hxx,100644,13152,b87a725c6c89118f52fe96ec26f55f44912eb914955538bda0104c676c981a2f,"C++ source, ASCII text",C++,False,scanned,NONE,BSD-3-Clause,ext/libpqxx-7.7.3/COPYING,high,
ext/libpqxx-7.7.3/include/pqxx/stream_to,100644,293,6c686c97ec6415bcb5e11eded53f335302f6b38f6525c24259e4b5aa9c124916,"C source, ASCII text",C,False,scanned,NONE,BSD-3-Clause,ext/libpqxx-7.7.3/COPYING,high,
ext/libpqxx-7.7.3/include/pqxx/stream_to.hxx,100644,17445,cffcc076fd7a9d3aa63e0e5cc7ec37db4d5e0667c9031078364f3c781c1177a7,"C++ source, ASCII text",C++,False,scanned,NONE,BSD-3-Clause,ext/libpqxx-7.7.3/COPYING,high,
ext/libpqxx-7.7.3/include/pqxx/subtransaction,100644,311,1a1e78e89e2d1ed577f6517a93a7648e6089bb4defbfb27178e9fc01974f1528,"C source, ASCII text",C,False,scanned,NONE,BSD-3-Clause,ext/libpqxx-7.7.3/COPYING,high,
ext/libpqxx-7.7.3/include/pqxx/subtransaction.hxx,100644,3134,921e908216eee90129514eb651544d4e5ca32060dfd914c26ff81efabb135564,"C++ source, ASCII text",C++,False,scanned,NONE,BSD-3-Clause,ext/libpqxx-7.7.3/COPYING,high,
ext/libpqxx-7.7.3/include/pqxx/time,100644,220,48e4683bd9bfb2eddd54c26854ae31e920017e8f53033a16d661e4310ced8ba5,"C source, ASCII text",C,False,scanned,NONE,BSD-3-Clause,ext/libpqxx-7.7.3/COPYING,high,
ext/libpqxx-7.7.3/include/pqxx/time.hxx,100644,2972,87f8e659671e0d61c3abe67c6890a286e705c9e2bfd8a209bbc6b6dc186bb846,"C++ source, ASCII text",C++,False,scanned,NONE,BSD-3-Clause,ext/libpqxx-7.7.3/COPYING,high,
ext/libpqxx-7.7.3/include/pqxx/transaction,100644,290,dacff41fb01f7fd5857622756714383a37e7020ec96226fc3061fdc760ede803,"C source, ASCII text",C,False,scanned,NONE,BSD-3-Clause,ext/libpqxx-7.7.3/COPYING,high,
ext/libpqxx-7.7.3/include/pqxx/transaction.hxx,100644,2887,6977e517962487afebcea51c1bca519f9e109c0618b458d018dfe265eca64f9f,"C++ source, ASCII text",C++,False,scanned,NONE,BSD-3-Clause,ext/libpqxx-7.7.3/COPYING,high,
ext/libpqxx-7.7.3/include/pqxx/transaction_base,100644,353,07bcd00c2ab769af5de20109ee2e79e94fef4d4d5352e1317b1c1a0bea72bb8f,"C source, ASCII text",C,False,scanned,NONE,BSD-3-Clause,ext/libpqxx-7.7.3/COPYING,high,
ext/libpqxx-7.7.3/include/pqxx/transaction_base.hxx,100644,31195,5ee286afee132963a9726d526d0101eb469c975aff4f95567bf81f0ddfe86264,"C++ source, ASCII text",C++,False,scanned,NONE,BSD-3-Clause,ext/libpqxx-7.7.3/COPYING,high,
ext/libpqxx-7.7.3/include/pqxx/transaction_focus,100644,263,1caab1ec3dc92ae0576d3c1ec13f6e24b3c412102ae49878b5b09e613a1ee071,"C source, ASCII text",C,False,scanned,NONE,BSD-3-Clause,ext/libpqxx-7.7.3/COPYING,high,
ext/libpqxx-7.7.3/include/pqxx/transaction_focus.hxx,100644,2753,272d5074ce228b5844adaea6d1f2f4ec8e5febad2ab1239d065c6611da7979c9,"C++ source, ASCII text",C++,False,scanned,NONE,BSD-3-Clause,ext/libpqxx-7.7.3/COPYING,high,
ext/libpqxx-7.7.3/include/pqxx/transactor,100644,295,711b39a255627301ab2add291f2da2044bc2ae4486180c9b7a19311ed25a17ea,"C source, ASCII text",C,False,scanned,NONE,BSD-3-Clause,ext/libpqxx-7.7.3/COPYING,high,
ext/libpqxx-7.7.3/include/pqxx/transactor.hxx,100644,5865,3ca3b5f78e14a4b0eab03638b865ee3e39fa0343c3db9a9ae5db405d6dc87908,"C++ source, ASCII text",C++,False,scanned,NONE,BSD-3-Clause,ext/libpqxx-7.7.3/COPYING,high,
ext/libpqxx-7.7.3/include/pqxx/types,100644,235,541075f5e3466436730422a6be25895ebaf43f1c6ec875d8b6cc10ca2805b20d,"C source, ASCII text",C,False,scanned,NONE,BSD-3-Clause,ext/libpqxx-7.7.3/COPYING,high,
ext/libpqxx-7.7.3/include/pqxx/types.hxx,100644,5049,8bd022141ec7e94c91501cf2044af7de2bc4f065cc0b7bd1fdaa92c3e4e44b95,"C++ source, ASCII text",C++,False,scanned,NONE,BSD-3-Clause,ext/libpqxx-7.7.3/COPYING,high,
ext/libpqxx-7.7.3/include/pqxx/util,100644,230,e2d12d4126e65bbee70ed29f0e7dc2275f3d814e1310ad2aca6c1673c5b73fff,"C source, ASCII text",C,False,scanned,NONE,BSD-3-Clause,ext/libpqxx-7.7.3/COPYING,high,
ext/libpqxx-7.7.3/include/pqxx/util.hxx,100644,17192,eeb05cfe4fd5d6145b675f75b158a78e4e0e5a2fc2c54db927e1c35fc11fa5f6,"C++ source, ASCII text",C++,False,scanned,NONE,BSD-3-Clause,ext/libpqxx-7.7.3/COPYING,high,
ext/libpqxx-7.7.3/include/pqxx/version,100644,216,75b01edce0e0d042dcf3dc9152f8beb0db9722b343bd42a1aa4cf16fe29e52eb,"C source, ASCII text",C,False,scanned,NONE,BSD-3-Clause,ext/libpqxx-7.7.3/COPYING,high,
ext/libpqxx-7.7.3/include/pqxx/version.hxx,100644,2075,1263bef3b55b8fbf7a127a01ad736784634f3b8a0c5f5ea0a868ed6fa9540754,"C source, ASCII text",C++,False,scanned,NONE,BSD-3-Clause,ext/libpqxx-7.7.3/COPYING,high,
ext/libpqxx-7.7.3/include/pqxx/version.hxx.template,100644,2126,1f4574380eef97b1ecfe10fb93fdc51c33a581790553035db17f91782b6c52e8,"C source, ASCII text",,False,scanned,NONE,BSD-3-Clause,ext/libpqxx-7.7.3/COPYING,high,
ext/libpqxx-7.7.3/include/pqxx/zview,100644,226,4e0335d5955ce1baaaf9cbce1397174880abe9fc5deda9dbf6daf62428ed1f64,"C source, ASCII text",C,False,scanned,NONE,BSD-3-Clause,ext/libpqxx-7.7.3/COPYING,high,
ext/libpqxx-7.7.3/include/pqxx/zview.hxx,100644,4964,55af7ad08a0c14d81ea3ce64222314c02023720d3729e9ade00705ff6e6fad09,"C++ source, ASCII text",C++,False,scanned,NONE,BSD-3-Clause,ext/libpqxx-7.7.3/COPYING,high,
ext/libpqxx-7.7.3/install/ubuntu22.04/amd64/include/pqxx/array,100644,215,8e1c9fc66fbe021fbd50f9a3958b094007215088cb8e4b6c69a87a548d71e85f,"C source, ASCII text",C,False,scanned,NONE,BSD-3-Clause,ext/libpqxx-7.7.3/COPYING,high,
ext/libpqxx-7.7.3/install/ubuntu22.04/amd64/include/pqxx/array.hxx,100644,3563,7f5dd8e486685d14ad78370f0120df898ba52ec692fdedb5a75cb289970db2a5,"C++ source, ASCII text",C++,False,scanned,NONE,BSD-3-Clause,ext/libpqxx-7.7.3/COPYING,high,
ext/libpqxx-7.7.3/install/ubuntu22.04/amd64/include/pqxx/binarystring,100644,233,6f26251dfa85f2676d221e20382ea35550cf9c1ca7c350a2b4cb089196c67494,"C source, ASCII text",C,False,scanned,NONE,BSD-3-Clause,ext/libpqxx-7.7.3/COPYING,high,
ext/libpqxx-7.7.3/install/ubuntu22.04/amd64/include/pqxx/binarystring.hxx,100644,8170,3db6fa957401fe1b07b7fd658e0a48d5a2d1e757113c44530efdbbe226cf9b22,"C++ source, ASCII text",C++,False,scanned,NONE,BSD-3-Clause,ext/libpqxx-7.7.3/COPYING,high,
ext/libpqxx-7.7.3/install/ubuntu22.04/amd64/include/pqxx/blob,100644,222,130eba334dc04c34e49776329dc884cb6587b287db4fcf2d7f37419e76afbeb0,"C source, ASCII text",C,False,scanned,NONE,BSD-3-Clause,ext/libpqxx-7.7.3/COPYING,high,
ext/libpqxx-7.7.3/install/ubuntu22.04/amd64/include/pqxx/blob.hxx,100644,13305,8335273571ec7f30637869d8c616c5079b47aebbf9ac43ce4e693661e97cbf8f,"C++ source, ASCII text",C++,False,scanned,NONE,BSD-3-Clause,ext/libpqxx-7.7.3/COPYING,high,
ext/libpqxx-7.7.3/install/ubuntu22.04/amd64/include/pqxx/composite,100644,230,e2416cb1d094ff7df050ee6adbacba672dbc6bff7741ced46bd7873165cfa0c7,"C source, ASCII text",C,False,scanned,NONE,BSD-3-Clause,ext/libpqxx-7.7.3/COPYING,high,
ext/libpqxx-7.7.3/install/ubuntu22.04/amd64/include/pqxx/composite.hxx,100644,4644,0ac7809ae0fbf042e9ca0aaa630cc8264eb8f0ddfd8603dc1ca176d221b7091a,"C++ source, ASCII text",C++,False,scanned,NONE,BSD-3-Clause,ext/libpqxx-7.7.3/COPYING,high,
ext/libpqxx-7.7.3/install/ubuntu22.04/amd64/include/pqxx/config-public-compiler.h,100644,3373,81c3ed5e53a7c2bbf0d079598ad2980aa81dac976a62955252f01e1e05a1020c,ASCII text,C,False,scanned,NONE,BSD-3-Clause,ext/libpqxx-7.7.3/COPYING,high,
ext/libpqxx-7.7.3/install/ubuntu22.04/amd64/include/pqxx/connection,100644,284,ecef6c5c549725ebb6348b332d727d68c38213d307936fd5b20cfc9cdf5c4dd8,"C source, ASCII text",C,False,scanned,NONE,BSD-3-Clause,ext/libpqxx-7.7.3/COPYING,high,
ext/libpqxx-7.7.3/install/ubuntu22.04/amd64/include/pqxx/connection.hxx,100644,47619,168289fc46e4a57b1eed8d874b893991c02f208266d19ae87f3b48b8c1526bf9,"C++ source, ASCII text",C++,False,scanned,NONE,BSD-3-Clause,ext/libpqxx-7.7.3/COPYING,high,
ext/libpqxx-7.7.3/install/ubuntu22.04/amd64/include/pqxx/cursor,100644,292,afb386f56fc35ba1449e031e5b888b4c345ab2e6365ad19a9adb50e4b7bf0c90,"C source, ASCII text",C,False,scanned,NONE,BSD-3-Clause,ext/libpqxx-7.7.3/COPYING,high,
ext/libpqxx-7.7.3/install/ubuntu22.04/amd64/include/pqxx/cursor.hxx,100644,17128,b059d50906b63efbdaf972346be8f429d012f882214c5b41bf1aba0a9603142e,"C++ source, ASCII text",C++,False,scanned,NONE,BSD-3-Clause,ext/libpqxx-7.7.3/COPYING,high,
ext/libpqxx-7.7.3/install/ubuntu22.04/amd64/include/pqxx/dbtransaction,100644,309,4a6c8498ea12f4309a1175b410f420b1cb720beadb3186caea5351a90945847b,"C source, ASCII text",C,False,scanned,NONE,BSD-3-Clause,ext/libpqxx-7.7.3/COPYING,high,
ext/libpqxx-7.7.3/install/ubuntu22.04/amd64/include/pqxx/dbtransaction.hxx,100644,2710,6dfb8dab5a9acdd2d3ba986ad2e8994bb96f40054c987face42143279f471c5d,"C++ source, ASCII text",C++,False,scanned,NONE,BSD-3-Clause,ext/libpqxx-7.7.3/COPYING,high,
ext/libpqxx-7.7.3/install/ubuntu22.04/amd64/include/pqxx/errorhandler,100644,274,1c39bda23fb3cdc928b34b72855aacf47a85ec33179658c9946488f0e8eaa525,"C source, ASCII text",C,False,scanned,NONE,BSD-3-Clause,ext/libpqxx-7.7.3/COPYING,high,
ext/libpqxx-7.7.3/install/ubuntu22.04/amd64/include/pqxx/errorhandler.hxx,100644,2720,eb0522c70fd80f2e1f97d1f8af808a9dbaaf766b73e208d1857cca35f769f045,"C++ source, ASCII text",C++,False,scanned,NONE,BSD-3-Clause,ext/libpqxx-7.7.3/COPYING,high,
ext/libpqxx-7.7.3/install/ubuntu22.04/amd64/include/pqxx/except,100644,293,0c5ce1e8d19a2241fb1bf12feef7a0c7fdee1f5f609419f2805f8762cc515804,"C source, ASCII text",C,False,scanned,NONE,BSD-3-Clause,ext/libpqxx-7.7.3/COPYING,high,
ext/libpqxx-7.7.3/install/ubuntu22.04/amd64/include/pqxx/except.hxx,100644,12726,1791c755f326c185365c141632d3a43db79e3b0d2ab3e82bdda90a0ac0b39462,"C++ source, ASCII text",C++,False,scanned,NONE,BSD-3-Clause,ext/libpqxx-7.7.3/COPYING,high,
ext/libpqxx-7.7.3/install/ubuntu22.04/amd64/include/pqxx/field,100644,265,82afc3317ef09e15157dfe67059a6330cbc2413ef86f49e67548a9e5c6f24460,"C source, ASCII text",C,False,scanned,NONE,BSD-3-Clause,ext/libpqxx-7.7.3/COPYING,high,
ext/libpqxx-7.7.3/install/ubuntu22.04/amd64/include/pqxx/field.hxx,100644,15685,7a38a3e1aedf284ff834dbe090a47221c2db4486810d5aedc9fc631ac4034b66,"C++ source, ASCII text",C++,False,scanned,NONE,BSD-3-Clause,ext/libpqxx-7.7.3/COPYING,high,
ext/libpqxx-7.7.3/install/ubuntu22.04/amd64/include/pqxx/internal/array-composite.hxx,100644,9434,8901004a15678d4132a425032bebb3a50d0d34c0cea527007030f690f78e77ec,"C++ source, ASCII text",C++,False,scanned,NONE,BSD-3-Clause,ext/libpqxx-7.7.3/COPYING,high,
ext/libpqxx-7.7.3/install/ubuntu22.04/amd64/include/pqxx/internal/callgate.hxx,100644,2202,b198a2d6c6476867b86cbde796a59e521e7cbaa9e1e2e55dd638378507d01726,"C++ source, ASCII text",C++,False,scanned,NONE,BSD-3-Clause,ext/libpqxx-7.7.3/COPYING,high,
ext/libpqxx-7.7.3/install/ubuntu22.04/amd64/include/pqxx/internal/concat.hxx,100644,1285,c2f549f046f30f1f5e5261aad9fdc810ce81357b5d67b1bfcbf2c33dcb1c8079,"C++ source, ASCII text",C++,False,scanned,NONE,BSD-3-Clause,ext/libpqxx-7.7.3/COPYING,high,
ext/libpqxx-7.7.3/install/ubuntu22.04/amd64/include/pqxx/internal/conversions.hxx,100644,34411,d0bbd29e9a15cf6d8c94504d51d843a8a25c6fe92a4b641121dcce539276e276,"C++ source, ASCII text",C++,False,scanned,NONE,BSD-3-Clause,ext/libpqxx-7.7.3/COPYING,high,
ext/libpqxx-7.7.3/install/ubuntu22.04/amd64/include/pqxx/internal/encoding_group.hxx,100644,1629,98013a020d8c9b1745b42d5b694e8133b1e68291374ed75865502f22f7d549e0,"C source, ASCII text",C++,False,scanned,NONE,BSD-3-Clause,ext/libpqxx-7.7.3/COPYING,high,
ext/libpqxx-7.7.3/install/ubuntu22.04/amd64/include/pqxx/internal/encodings.hxx,100644,2787,86093024c0cf8d25ff8e5879085055ca9e089c027498f9ecc026d11c9ccef110,"C++ source, ASCII text",C++,False,scanned,NONE,BSD-3-Clause,ext/libpqxx-7.7.3/COPYING,high,
ext/libpqxx-7.7.3/install/ubuntu22.04/amd64/include/pqxx/internal/gates/connection-errorhandler.hxx,100644,531,5bf71070aaee0f5c25b50450e355d8eff16fb8d3f99810ddadb9e66a917e73bc,"C++ source, ASCII text",C++,False,scanned,NONE,BSD-3-Clause,ext/libpqxx-7.7.3/COPYING,high,
ext/libpqxx-7.7.3/install/ubuntu22.04/amd64/include/pqxx/internal/gates/connection-largeobject.hxx,100644,768,5bfc94b858e8a24a0fc1d5be7581414c497e442d85bf360632c4ef6f8fff598c,"C++ source, ASCII text",C++,False,scanned,NONE,BSD-3-Clause,ext/libpqxx-7.7.3/COPYING,high,
ext/libpqxx-7.7.3/install/ubuntu22.04/amd64/include/pqxx/internal/gates/connection-notification_receiver.hxx,100644,586,a2b00043d6af75143cac5da39dbc1ea9c73e211fc6fc2ac36484ada3cd908ea1,"C++ source, ASCII text",C++,False,scanned,NONE,BSD-3-Clause,ext/libpqxx-7.7.3/COPYING,high,
ext/libpqxx-7.7.3/install/ubuntu22.04/amd64/include/pqxx/internal/gates/connection-pipeline.hxx,100644,707,0dc2a4f8b0677dfd9b7122377974c03ab5430dd45d6c442f2962878d099987e4,"C source, ASCII text",C++,False,scanned,NONE,BSD-3-Clause,ext/libpqxx-7.7.3/COPYING,high,
ext/libpqxx-7.7.3/install/ubuntu22.04/amd64/include/pqxx/internal/gates/connection-sql_cursor.hxx,100644,387,b37bda0a5b03b667e1b5c5e15605e5af5c75df5aa15422edc83d725cb80c83cc,"C source, ASCII text",C++,False,scanned,NONE,BSD-3-Clause,ext/libpqxx-7.7.3/COPYING,high,
ext/libpqxx-7.7.3/install/ubuntu22.04/amd64/include/pqxx/internal/gates/connection-stream_from.hxx,100644,358,7e92370aba2491b85a6781441a6c84262125c24f30b2a48f17bfd5d3e2636fd0,"C source, ASCII text",C++,False,scanned,NONE,BSD-3-Clause,ext/libpqxx-7.7.3/COPYING,high,
ext/libpqxx-7.7.3/install/ubuntu22.04/amd64/include/pqxx/internal/gates/connection-stream_to.hxx,100644,425,620db7c00c714c754c7d0281811f33aa8effa53ad9210406364460e99ec2873a,"C source, ASCII text",C++,False,scanned,NONE,BSD-3-Clause,ext/libpqxx-7.7.3/COPYING,high,
ext/libpqxx-7.7.3/install/ubuntu22.04/amd64/include/pqxx/internal/gates/connection-transaction.hxx,100644,1075,b5eead0152ed9d1a07bceeb9a6f58fc399e9966c5e3f07b5e61dee8f3522fc8e,"C++ source, ASCII text",C++,False,scanned,NONE,BSD-3-Clause,ext/libpqxx-7.7.3/COPYING,high,
ext/libpqxx-7.7.3/install/ubuntu22.04/amd64/include/pqxx/internal/gates/errorhandler-connection.hxx,100644,323,f6fab1588120922add5fb507b4061d3ccfd72a0b3e2534d2e993d048749c2b50,"C source, ASCII text",C++,False,scanned,NONE,BSD-3-Clause,ext/libpqxx-7.7.3/COPYING,high,
ext/libpqxx-7.7.3/install/ubuntu22.04/amd64/include/pqxx/internal/gates/icursor_iterator-icursorstream.hxx,100644,666,9a56b34ad626578c8fd859bec297b78b31be48269a4cf110d1e377b954a081f6,"C source, ASCII text",C++,False,scanned,NONE,BSD-3-Clause,ext/libpqxx-7.7.3/COPYING,high,
ext/libpqxx-7.7.3/install/ubuntu22.04/amd64/include/pqxx/internal/gates/icursorstream-icursor_iterator.hxx,100644,750,8b8b1d829154226b7d38cfb6130495feeaa2e25b5ff51f5bcc10170a4b883201,"C source, ASCII text",C++,False,scanned,NONE,BSD-3-Clause,ext/libpqxx-7.7.3/COPYING,high,
ext/libpqxx-7.7.3/install/ubuntu22.04/amd64/include/pqxx/internal/gates/result-connection.hxx,100644,354,e4027d4297f6329b9f50b680424a7cd84830420b95245da02f76efc2f391e174,"C source, ASCII text",C++,False,scanned,NONE,BSD-3-Clause,ext/libpqxx-7.7.3/COPYING,high,
ext/libpqxx-7.7.3/install/ubuntu22.04/amd64/include/pqxx/internal/gates/result-creation.hxx,100644,555,709ad84538e3cf97e1f3a200b38e1de75c61df5836a23ae2620c036cd0af341e,"C source, ASCII text",C++,False,scanned,NONE,BSD-3-Clause,ext/libpqxx-7.7.3/COPYING,high,
ext/libpqxx-7.7.3/install/ubuntu22.04/amd64/include/pqxx/internal/gates/result-pipeline.hxx,100644,345,35145ed8071b4ae2dedac5f6e9db41efcea696032ab44a8fd3fa20f033507b13,"C source, ASCII text",C++,False,scanned,NONE,BSD-3-Clause,ext/libpqxx-7.7.3/COPYING,high,
ext/libpqxx-7.7.3/install/ubuntu22.04/amd64/include/pqxx/internal/gates/result-sql_cursor.hxx,100644,341,8f9343f6261894f0e76372bbbc7b7b4fcdb08f1c52578c01978b837e4639e2d9,"C source, ASCII text",C++,False,scanned,NONE,BSD-3-Clause,ext/libpqxx-7.7.3/COPYING,high,
ext/libpqxx-7.7.3/install/ubuntu22.04/amd64/include/pqxx/internal/gates/transaction-sql_cursor.hxx,100644,279,cb62c72347450b6b464af62c9bdfe8203b3ccdea30e9067f0c7966419841a1a2,"C source, ASCII text",C++,False,scanned,NONE,BSD-3-Clause,ext/libpqxx-7.7.3/COPYING,high,
ext/libpqxx-7.7.3/install/ubuntu22.04/amd64/include/pqxx/internal/gates/transaction-transaction_focus.hxx,100644,728,643537daa051424815651a09f1764355dd410fb1e7b4246ab65b26f24edcb32e,"C source, ASCII text",C++,False,scanned,NONE,BSD-3-Clause,ext/libpqxx-7.7.3/COPYING,high,
ext/libpqxx-7.7.3/install/ubuntu22.04/amd64/include/pqxx/internal/header-post.hxx,100644,707,4d513de9b59383b545fb0334c3298245f52738f185fbcc4bc45d8157cc207b2c,"C source, ASCII text",C++,False,scanned,NONE,BSD-3-Clause,ext/libpqxx-7.7.3/COPYING,high,
ext/libpqxx-7.7.3/install/ubuntu22.04/amd64/include/pqxx/internal/header-pre.hxx,100644,5237,878d06fb9d325fba520eb63caa4d19ad093c0bc0da243b75bb28a28b2d34c3d8,"C source, ASCII text",C++,False,scanned,NONE,BSD-3-Clause,ext/libpqxx-7.7.3/COPYING,high,
ext/libpqxx-7.7.3/install/ubuntu22.04/amd64/include/pqxx/internal/ignore-deprecated-post.hxx,100644,328,5d3ba4cf459e98244abfef5d390b02c8eca1de8b8955c9c6a15ce61627c0830a,"C source, ASCII text",C++,False,scanned,NONE,BSD-3-Clause,ext/libpqxx-7.7.3/COPYING,high,
ext/libpqxx-7.7.3/install/ubuntu22.04/amd64/include/pqxx/internal/ignore-deprecated-pre.hxx,100644,925,5bff7746eec3f1a4173e3008e60567fca7602a7fa99b18b33b43d94927bf88c4,"C source, ASCII text",C++,False,scanned,NONE,BSD-3-Clause,ext/libpqxx-7.7.3/COPYING,high,
ext/libpqxx-7.7.3/install/ubuntu22.04/amd64/include/pqxx/internal/libpq-forward.hxx,100644,828,5aea7fd133047fd02e08f7bcc56bd3315c6fb7bc037749d1943cc7b7a0925407,"C++ source, ASCII text",C++,False,scanned,NONE,BSD-3-Clause,ext/libpqxx-7.7.3/COPYING,high,
ext/libpqxx-7.7.3/install/ubuntu22.04/amd64/include/pqxx/internal/result_iter.hxx,100644,3007,f4972af0d917a8e5757e3ef5fa4a08fc91642de18a1163a9a27564fb5314b129,"C++ source, ASCII text",C++,False,scanned,NONE,BSD-3-Clause,ext/libpqxx-7.7.3/COPYING,high,
ext/libpqxx-7.7.3/install/ubuntu22.04/amd64/include/pqxx/internal/result_iterator.hxx,100644,10320,b5084247ae06181cdf6dd13f41bbd6df8539efaf7e7e99850a5d798977479a0f,"C++ source, ASCII text",C++,False,scanned,NONE,BSD-3-Clause,ext/libpqxx-7.7.3/COPYING,high,
ext/libpqxx-7.7.3/install/ubuntu22.04/amd64/include/pqxx/internal/sql_cursor.hxx,100644,3873,af6b52cd059b78fca2e3d8be81af988ce639f60f241e5b17d4f58efcae2479c0,"C++ source, ASCII text",C++,False,scanned,NONE,BSD-3-Clause,ext/libpqxx-7.7.3/COPYING,high,
ext/libpqxx-7.7.3/install/ubuntu22.04/amd64/include/pqxx/internal/statement_parameters.hxx,100644,4624,117b38333753571b1bbce38d552f6d59fec2e090bd323b3067a9bf7dc8d7550c,"C++ source, ASCII text",C++,False,scanned,NONE,BSD-3-Clause,ext/libpqxx-7.7.3/COPYING,high,
ext/libpqxx-7.7.3/install/ubuntu22.04/amd64/include/pqxx/internal/stream_iterator.hxx,100644,2560,37790d373807aa04cafe761d6188d095f84d860b4273acd884ab56b6bb58c3a2,"C++ source, ASCII text",C++,False,scanned,NONE,BSD-3-Clause,ext/libpqxx-7.7.3/COPYING,high,
ext/libpqxx-7.7.3/install/ubuntu22.04/amd64/include/pqxx/internal/wait.hxx,100644,521,0099b0d183564986e2f72a1ef8e728ea3d648fdfbcbeee67339cf412df3282ce,ASCII text,C++,False,scanned,NONE,BSD-3-Clause,ext/libpqxx-7.7.3/COPYING,high,
ext/libpqxx-7.7.3/install/ubuntu22.04/amd64/include/pqxx/isolation,100644,295,4d8580c4174c8683c37594e88d8b4e7a66dc04d65cff0d4eaddb7d22698067d9,"C source, ASCII text",C,False,scanned,NONE,BSD-3-Clause,ext/libpqxx-7.7.3/COPYING,high,
ext/libpqxx-7.7.3/install/ubuntu22.04/amd64/include/pqxx/isolation.hxx,100644,2741,71aa8397503bc929830551328c7e82250aa90f47e8bfaf8757e9dc87bdce070e,"C++ source, ASCII text",C++,False,scanned,NONE,BSD-3-Clause,ext/libpqxx-7.7.3/COPYING,high,
ext/libpqxx-7.7.3/install/ubuntu22.04/amd64/include/pqxx/largeobject,100644,300,2a0dc427f1eefc7d7a68efc2c13f3622a48f23350d38aef4cc90803742789a42,"C source, ASCII text",C,False,scanned,NONE,BSD-3-Clause,ext/libpqxx-7.7.3/COPYING,high,
ext/libpqxx-7.7.3/install/ubuntu22.04/amd64/include/pqxx/largeobject.hxx,100644,23876,741596c45aea96be5c074ef73fb1874f7b77be3e3ccd04af66be69e3db5359c7,"C++ source, ASCII text",C++,False,scanned,NONE,BSD-3-Clause,ext/libpqxx-7.7.3/COPYING,high,
ext/libpqxx-7.7.3/install/ubuntu22.04/amd64/include/pqxx/nontransaction,100644,298,014e1f04a46c9785892858437698f92d5682fa47390d35b36682f57492ef52a8,"C source, ASCII text",C,False,scanned,NONE,BSD-3-Clause,ext/libpqxx-7.7.3/COPYING,high,
ext/libpqxx-7.7.3/install/ubuntu22.04/amd64/include/pqxx/nontransaction.hxx,100644,2758,f29563491d95c66c809b5032f93c05d75dc9514d571aeceecfb90009e7f14e8f,"C++ source, ASCII text",C++,False,scanned,NONE,BSD-3-Clause,ext/libpqxx-7.7.3/COPYING,high,
ext/libpqxx-7.7.3/install/ubuntu22.04/amd64/include/pqxx/notification,100644,311,fd73ca97818ac3d53e0f9aad7cc99646f739849a05ac739f58f8b5b0163d5721,"C source, ASCII text",C,False,scanned,NONE,BSD-3-Clause,ext/libpqxx-7.7.3/COPYING,high,
ext/libpqxx-7.7.3/install/ubuntu22.04/amd64/include/pqxx/notification.hxx,100644,3693,f22152676d5f62dde80f4f0ed1564c5c120bf6ec75630f89d3332e4076a98ddc,"C++ source, ASCII text",C++,False,scanned,NONE,BSD-3-Clause,ext/libpqxx-7.7.3/COPYING,high,
ext/libpqxx-7.7.3/install/ubuntu22.04/amd64/include/pqxx/params,100644,311,328b42158f24f4dda80489abbe8e3112ab1c59ab2f3fc229ed779ff5c06cc8c3,"C source, ASCII text",C,False,scanned,NONE,BSD-3-Clause,ext/libpqxx-7.7.3/COPYING,high,
ext/libpqxx-7.7.3/install/ubuntu22.04/amd64/include/pqxx/params.hxx,100644,13632,011e080bde05e100e744a6ec0b055a84a271a0cf0bd1ed2f16ac7e76b4586c4f,"C++ source, ASCII text",C++,False,scanned,NONE,BSD-3-Clause,ext/libpqxx-7.7.3/COPYING,high,
ext/libpqxx-7.7.3/install/ubuntu22.04/amd64/include/pqxx/pipeline,100644,260,47aefb5888fa3fb459767caafa240d541bdade821729da76c6aa82d96845ec4d,"C source, ASCII text",C,False,scanned,NONE,BSD-3-Clause,ext/libpqxx-7.7.3/COPYING,high,
ext/libpqxx-7.7.3/install/ubuntu22.04/amd64/include/pqxx/pipeline.hxx,100644,7901,05c95296f56e1b8e60228b53c4b2a4285586c6c272ea9a0c54611cb1a459e158,"C++ source, ASCII text",C++,False,scanned,NONE,BSD-3-Clause,ext/libpqxx-7.7.3/COPYING,high,
ext/libpqxx-7.7.3/install/ubuntu22.04/amd64/include/pqxx/pqxx,100644,872,da7d4672f08d41cad341e4f1296ad80f22a468912bea4434f3b628d14d039c20,"C source, ASCII text",C,False,scanned,NONE,BSD-3-Clause,ext/libpqxx-7.7.3/COPYING,high,
ext/libpqxx-7.7.3/install/ubuntu22.04/amd64/include/pqxx/prepared_statement,100644,73,00ecf91bf8c2c388d8f420285a5a719d69a744a2bc1d756ff71c929195b98194,"C source, ASCII text",C,False,scanned,NONE,BSD-3-Clause,ext/libpqxx-7.7.3/COPYING,high,
ext/libpqxx-7.7.3/install/ubuntu22.04/amd64/include/pqxx/prepared_statement.hxx,100644,73,00ecf91bf8c2c388d8f420285a5a719d69a744a2bc1d756ff71c929195b98194,"C source, ASCII text",C++,False,scanned,NONE,BSD-3-Clause,ext/libpqxx-7.7.3/COPYING,high,
ext/libpqxx-7.7.3/install/ubuntu22.04/amd64/include/pqxx/range,100644,232,4fa2c9e135d5ce0def6c6322aec8f10a54c37b9f34f7f076c2a4e1d9373cc880,"C source, ASCII text",C,False,scanned,NONE,BSD-3-Clause,ext/libpqxx-7.7.3/COPYING,high,
ext/libpqxx-7.7.3/install/ubuntu22.04/amd64/include/pqxx/range.hxx,100644,16820,3ded3a6b6a003cb9202b614a64923f2a4f3fb4f0561ae67cb10da873b93045b6,"C++ source, ASCII text",C++,False,scanned,NONE,BSD-3-Clause,ext/libpqxx-7.7.3/COPYING,high,
ext/libpqxx-7.7.3/install/ubuntu22.04/amd64/include/pqxx/result,100644,551,9d0b637dd870fb91ae6f6c86dd439fe1b5d8680b325e7fa89c95b2469c99ab8d,"C source, ASCII text",C,False,scanned,NONE,BSD-3-Clause,ext/libpqxx-7.7.3/COPYING,high,
ext/libpqxx-7.7.3/install/ubuntu22.04/amd64/include/pqxx/result.hxx,100644,11585,25b6a9add8b709257a92343651f24fd2e86ac546b5e88b80af22bebe5f29707c,"C++ source, ASCII text",C++,False,scanned,NONE,BSD-3-Clause,ext/libpqxx-7.7.3/COPYING,high,
ext/libpqxx-7.7.3/install/ubuntu22.04/amd64/include/pqxx/robusttransaction,100644,305,bc9eb9ee4d8f97f1942136297e3e5237a0a116acacc0c1452620c96cf5bb5fb3,"C source, ASCII text",C,False,scanned,NONE,BSD-3-Clause,ext/libpqxx-7.7.3/COPYING,high,
ext/libpqxx-7.7.3/install/ubuntu22.04/amd64/include/pqxx/robusttransaction.hxx,100644,3927,5516ac5889f25f5f153034a9f0cc0c7128f4ab108a3df59b8889e2e939f10288,"C++ source, ASCII text",C++,False,scanned,NONE,BSD-3-Clause,ext/libpqxx-7.7.3/COPYING,high,
ext/libpqxx-7.7.3/install/ubuntu22.04/amd64/include/pqxx/row,100644,280,f78e9c8a5470f39a7e79adff858312a6209f67a695bbdb759ec0823c2e81d0a9,"C source, ASCII text",C,False,scanned,NONE,BSD-3-Clause,ext/libpqxx-7.7.3/COPYING,high,
ext/libpqxx-7.7.3/install/ubuntu22.04/amd64/include/pqxx/row.hxx,100644,15894,179121bd53b902c1991a7ae836cd453c7a3f024c230d21ec38d7d89e4f063cc4,"C++ source, ASCII text",C++,False,scanned,NONE,BSD-3-Clause,ext/libpqxx-7.7.3/COPYING,high,
ext/libpqxx-7.7.3/install/ubuntu22.04/amd64/include/pqxx/separated_list,100644,242,3b9e337e7ededf709b9f0139937e20da070caa6632dd951fb0afe3a1dc81b3bf,"C source, ASCII text",C,False,scanned,NONE,BSD-3-Clause,ext/libpqxx-7.7.3/COPYING,high,
ext/libpqxx-7.7.3/install/ubuntu22.04/amd64/include/pqxx/separated_list.hxx,100644,4265,b9738ff95a79bfee30af5f16788911f4df81fdfefc9a132afb5292e759cbee03,"C++ source, ASCII text",C++,False,scanned,NONE,BSD-3-Clause,ext/libpqxx-7.7.3/COPYING,high,
ext/libpqxx-7.7.3/install/ubuntu22.04/amd64/include/pqxx/strconv,100644,224,67b68d0762e664e22686a460e39ace0d5ca574b54da2396bc6fe0d1ff2e1a931,"C source, ASCII text",C,False,scanned,NONE,BSD-3-Clause,ext/libpqxx-7.7.3/COPYING,high,
ext/libpqxx-7.7.3/install/ubuntu22.04/amd64/include/pqxx/strconv.hxx,100644,16782,cfa43ecbe406068aae05633c98e109c06570e5bdfc22a3964422300e576c0f34,"C++ source, ASCII text",C++,False,scanned,NONE,BSD-3-Clause,ext/libpqxx-7.7.3/COPYING,high,
ext/libpqxx-7.7.3/install/ubuntu22.04/amd64/include/pqxx/stream_from,100644,299,f12786e62788af2384722bd4fad1db795a0e2aff0b017fc6378cec3c66c6a4c4,"C source, ASCII text",C,False,scanned,NONE,BSD-3-Clause,ext/libpqxx-7.7.3/COPYING,high,
ext/libpqxx-7.7.3/install/ubuntu22.04/amd64/include/pqxx/stream_from.hxx,100644,13152,b87a725c6c89118f52fe96ec26f55f44912eb914955538bda0104c676c981a2f,"C++ source, ASCII text",C++,False,scanned,NONE,BSD-3-Clause,ext/libpqxx-7.7.3/COPYING,high,
ext/libpqxx-7.7.3/install/ubuntu22.04/amd64/include/pqxx/stream_to,100644,293,6c686c97ec6415bcb5e11eded53f335302f6b38f6525c24259e4b5aa9c124916,"C source, ASCII text",C,False,scanned,NONE,BSD-3-Clause,ext/libpqxx-7.7.3/COPYING,high,
ext/libpqxx-7.7.3/install/ubuntu22.04/amd64/include/pqxx/stream_to.hxx,100644,17445,cffcc076fd7a9d3aa63e0e5cc7ec37db4d5e0667c9031078364f3c781c1177a7,"C++ source, ASCII text",C++,False,scanned,NONE,BSD-3-Clause,ext/libpqxx-7.7.3/COPYING,high,
ext/libpqxx-7.7.3/install/ubuntu22.04/amd64/include/pqxx/subtransaction,100644,311,1a1e78e89e2d1ed577f6517a93a7648e6089bb4defbfb27178e9fc01974f1528,"C source, ASCII text",C,False,scanned,NONE,BSD-3-Clause,ext/libpqxx-7.7.3/COPYING,high,
ext/libpqxx-7.7.3/install/ubuntu22.04/amd64/include/pqxx/subtransaction.hxx,100644,3134,921e908216eee90129514eb651544d4e5ca32060dfd914c26ff81efabb135564,"C++ source, ASCII text",C++,False,scanned,NONE,BSD-3-Clause,ext/libpqxx-7.7.3/COPYING,high,
ext/libpqxx-7.7.3/install/ubuntu22.04/amd64/include/pqxx/time,100644,220,48e4683bd9bfb2eddd54c26854ae31e920017e8f53033a16d661e4310ced8ba5,"C source, ASCII text",C,False,scanned,NONE,BSD-3-Clause,ext/libpqxx-7.7.3/COPYING,high,
ext/libpqxx-7.7.3/install/ubuntu22.04/amd64/include/pqxx/time.hxx,100644,2972,87f8e659671e0d61c3abe67c6890a286e705c9e2bfd8a209bbc6b6dc186bb846,"C++ source, ASCII text",C++,False,scanned,NONE,BSD-3-Clause,ext/libpqxx-7.7.3/COPYING,high,
ext/libpqxx-7.7.3/install/ubuntu22.04/amd64/include/pqxx/transaction,100644,290,dacff41fb01f7fd5857622756714383a37e7020ec96226fc3061fdc760ede803,"C source, ASCII text",C,False,scanned,NONE,BSD-3-Clause,ext/libpqxx-7.7.3/COPYING,high,
ext/libpqxx-7.7.3/install/ubuntu22.04/amd64/include/pqxx/transaction.hxx,100644,2887,6977e517962487afebcea51c1bca519f9e109c0618b458d018dfe265eca64f9f,"C++ source, ASCII text",C++,False,scanned,NONE,BSD-3-Clause,ext/libpqxx-7.7.3/COPYING,high,
ext/libpqxx-7.7.3/install/ubuntu22.04/amd64/include/pqxx/transaction_base,100644,353,07bcd00c2ab769af5de20109ee2e79e94fef4d4d5352e1317b1c1a0bea72bb8f,"C source, ASCII text",C,False,scanned,NONE,BSD-3-Clause,ext/libpqxx-7.7.3/COPYING,high,
ext/libpqxx-7.7.3/install/ubuntu22.04/amd64/include/pqxx/transaction_base.hxx,100644,31195,5ee286afee132963a9726d526d0101eb469c975aff4f95567bf81f0ddfe86264,"C++ source, ASCII text",C++,False,scanned,NONE,BSD-3-Clause,ext/libpqxx-7.7.3/COPYING,high,
ext/libpqxx-7.7.3/install/ubuntu22.04/amd64/include/pqxx/transaction_focus,100644,263,1caab1ec3dc92ae0576d3c1ec13f6e24b3c412102ae49878b5b09e613a1ee071,"C source, ASCII text",C,False,scanned,NONE,BSD-3-Clause,ext/libpqxx-7.7.3/COPYING,high,
ext/libpqxx-7.7.3/install/ubuntu22.04/amd64/include/pqxx/transaction_focus.hxx,100644,2753,272d5074ce228b5844adaea6d1f2f4ec8e5febad2ab1239d065c6611da7979c9,"C++ source, ASCII text",C++,False,scanned,NONE,BSD-3-Clause,ext/libpqxx-7.7.3/COPYING,high,
ext/libpqxx-7.7.3/install/ubuntu22.04/amd64/include/pqxx/transactor,100644,295,711b39a255627301ab2add291f2da2044bc2ae4486180c9b7a19311ed25a17ea,"C source, ASCII text",C,False,scanned,NONE,BSD-3-Clause,ext/libpqxx-7.7.3/COPYING,high,
ext/libpqxx-7.7.3/install/ubuntu22.04/amd64/include/pqxx/transactor.hxx,100644,5865,3ca3b5f78e14a4b0eab03638b865ee3e39fa0343c3db9a9ae5db405d6dc87908,"C++ source, ASCII text",C++,False,scanned,NONE,BSD-3-Clause,ext/libpqxx-7.7.3/COPYING,high,
ext/libpqxx-7.7.3/install/ubuntu22.04/amd64/include/pqxx/types,100644,235,541075f5e3466436730422a6be25895ebaf43f1c6ec875d8b6cc10ca2805b20d,"C source, ASCII text",C,False,scanned,NONE,BSD-3-Clause,ext/libpqxx-7.7.3/COPYING,high,
ext/libpqxx-7.7.3/install/ubuntu22.04/amd64/include/pqxx/types.hxx,100644,5049,8bd022141ec7e94c91501cf2044af7de2bc4f065cc0b7bd1fdaa92c3e4e44b95,"C++ source, ASCII text",C++,False,scanned,NONE,BSD-3-Clause,ext/libpqxx-7.7.3/COPYING,high,
ext/libpqxx-7.7.3/install/ubuntu22.04/amd64/include/pqxx/util,100644,230,e2d12d4126e65bbee70ed29f0e7dc2275f3d814e1310ad2aca6c1673c5b73fff,"C source, ASCII text",C,False,scanned,NONE,BSD-3-Clause,ext/libpqxx-7.7.3/COPYING,high,
ext/libpqxx-7.7.3/install/ubuntu22.04/amd64/include/pqxx/util.hxx,100644,17192,eeb05cfe4fd5d6145b675f75b158a78e4e0e5a2fc2c54db927e1c35fc11fa5f6,"C++ source, ASCII text",C++,False,scanned,NONE,BSD-3-Clause,ext/libpqxx-7.7.3/COPYING,high,
ext/libpqxx-7.7.3/install/ubuntu22.04/amd64/include/pqxx/version,100644,216,75b01edce0e0d042dcf3dc9152f8beb0db9722b343bd42a1aa4cf16fe29e52eb,"C source, ASCII text",C,False,scanned,NONE,BSD-3-Clause,ext/libpqxx-7.7.3/COPYING,high,
ext/libpqxx-7.7.3/install/ubuntu22.04/amd64/include/pqxx/version.hxx,100644,2075,1263bef3b55b8fbf7a127a01ad736784634f3b8a0c5f5ea0a868ed6fa9540754,"C source, ASCII text",C++,False,scanned,NONE,BSD-3-Clause,ext/libpqxx-7.7.3/COPYING,high,
ext/libpqxx-7.7.3/install/ubuntu22.04/amd64/include/pqxx/zview,100644,226,4e0335d5955ce1baaaf9cbce1397174880abe9fc5deda9dbf6daf62428ed1f64,"C source, ASCII text",C,False,scanned,NONE,BSD-3-Clause,ext/libpqxx-7.7.3/COPYING,high,
ext/libpqxx-7.7.3/install/ubuntu22.04/amd64/include/pqxx/zview.hxx,100644,4964,55af7ad08a0c14d81ea3ce64222314c02023720d3729e9ade00705ff6e6fad09,"C++ source, ASCII text",C++,False,scanned,NONE,BSD-3-Clause,ext/libpqxx-7.7.3/COPYING,high,
ext/libpqxx-7.7.3/install/ubuntu22.04/amd64/lib/cmake/libpqxx/libpqxx-config-version.cmake,100644,2878,a08b4b9cf119a4851d163f7d34efe59f97780d8b82152dfe9b3902a54cfcfe80,ASCII text,CMake,False,scanned,NONE,BSD-3-Clause,ext/libpqxx-7.7.3/COPYING,high,
ext/libpqxx-7.7.3/install/ubuntu22.04/amd64/lib/cmake/libpqxx/libpqxx-config.cmake,100644,122,f2b165c956fba1a9363342d1cf43f5c83997baca474233951662086f1d609fb5,ASCII text,CMake,False,scanned,NONE,BSD-3-Clause,ext/libpqxx-7.7.3/COPYING,high,
ext/libpqxx-7.7.3/install/ubuntu22.04/amd64/lib/cmake/libpqxx/libpqxx-targets-noconfig.cmake,100644,798,3a2d48d0d86e9b7236019953ffdc880df973f0893098426977fd9c4807ce616b,ASCII text,CMake,False,scanned,NONE,BSD-3-Clause,ext/libpqxx-7.7.3/COPYING,high,
ext/libpqxx-7.7.3/install/ubuntu22.04/amd64/lib/cmake/libpqxx/libpqxx-targets.cmake,100644,3453,f68cf0985bd3fa3412c2033792d7b8bb8886d9a0e483f23335d7455e8c63bf43,ASCII text,CMake,False,scanned,NONE,BSD-3-Clause,ext/libpqxx-7.7.3/COPYING,high,
ext/libpqxx-7.7.3/install/ubuntu22.04/amd64/lib/libpqxx-7.7.a,100644,4600578,c44db503ab3a52f0fa7e2f1999c144268b3f267cdabee8e0e5324a61f08c35c7,current ar archive,,True,scanned,NONE,BSD-3-Clause,ext/libpqxx-7.7.3/COPYING,high,
ext/libpqxx-7.7.3/install/ubuntu22.04/amd64/lib/libpqxx.a,120000,13,4643527f6ed3e265dc575d9e2a76a08bbca848703e09ee33d52477951697c9af,symbolic link,,True,scope-only,NONE,BSD-3-Clause,ext/libpqxx-7.7.3/COPYING,high,
ext/libpqxx-7.7.3/install/ubuntu22.04/amd64/share/doc/libpqxx/accessing-results.md,100644,5718,d1fd21b3027c75f9dc6ecd7710893eacf79eb22cf69f43c529919e1a0a56b967,ASCII text,,False,scanned,NONE,BSD-3-Clause,ext/libpqxx-7.7.3/COPYING,high,
ext/libpqxx-7.7.3/install/ubuntu22.04/amd64/share/doc/libpqxx/binary-data.md,100644,2383,985a60ac9528b98517b6d8856ec7bb9b992b605720613854d300ab0920f03faf,ASCII text,,False,scanned,NONE,BSD-3-Clause,ext/libpqxx-7.7.3/COPYING,high,
ext/libpqxx-7.7.3/install/ubuntu22.04/amd64/share/doc/libpqxx/datatypes.md,100644,15322,d7a3a72b9d1211d8ed72d44faa9c1d3f76e6e0027e4c357578121e130023e7e3,"C++ source, ASCII text",,False,scanned,NONE,BSD-3-Clause,ext/libpqxx-7.7.3/COPYING,high,
ext/libpqxx-7.7.3/install/ubuntu22.04/amd64/share/doc/libpqxx/escaping.md,100644,2639,366c7817f6591708fb3d2f49fb0f0445ef145e6c5d60e2913f42f37ae3f08915,ASCII text,,False,scanned,NONE,BSD-3-Clause,ext/libpqxx-7.7.3/COPYING,high,
ext/libpqxx-7.7.3/install/ubuntu22.04/amd64/share/doc/libpqxx/getting-started.md,100644,5570,17aaa714982a8eb8546f2e39d5851f7a3ba2196bc21a0fddff50a0324d88a789,"C source, ASCII text",,False,scanned,NONE,BSD-3-Clause,ext/libpqxx-7.7.3/COPYING,high,
ext/libpqxx-7.7.3/install/ubuntu22.04/amd64/share/doc/libpqxx/mainpage.md,100644,840,3494112edb05254c4a1a784f1ea2a4f82b3791eda343420824405982fa85f67d,ASCII text,,False,scanned,NONE,BSD-3-Clause,ext/libpqxx-7.7.3/COPYING,high,
ext/libpqxx-7.7.3/install/ubuntu22.04/amd64/share/doc/libpqxx/parameters.md,100644,3802,8117c42f5b3d4d4f62835e37df79070233f7330533674badb37f6574a4506798,ASCII text,,False,scanned,NONE,BSD-3-Clause,ext/libpqxx-7.7.3/COPYING,high,
ext/libpqxx-7.7.3/install/ubuntu22.04/amd64/share/doc/libpqxx/performance.md,100644,1260,a2dc6dc01009b394af56d08fc0a1b25e7c6791180a116def919c9048ccef7f91,ASCII text,,False,scanned,NONE,BSD-3-Clause,ext/libpqxx-7.7.3/COPYING,high,
ext/libpqxx-7.7.3/install/ubuntu22.04/amd64/share/doc/libpqxx/prepared-statement.md,100644,4671,a458583a44f51ffcb21aba35454a6a467556e0cae0c3277153f27195e90ee4b4,ASCII text,,False,scanned,NONE,BSD-3-Clause,ext/libpqxx-7.7.3/COPYING,high,
ext/libpqxx-7.7.3/install/ubuntu22.04/amd64/share/doc/libpqxx/streams.md,100644,4696,38398cf331b31a9288d4a9f6220723fd3ea4bb0a5e9fc6ba6ddc69a0e1757801,ASCII text,,False,scanned,NONE,BSD-3-Clause,ext/libpqxx-7.7.3/COPYING,high,
ext/libpqxx-7.7.3/install/ubuntu22.04/amd64/share/doc/libpqxx/thread-safety.md,100644,1387,001fcea4b4ae07ee6c33f340b506b58a10a60dd816bb3e12769ea9d8807b01a1,ASCII text,,False,scanned,NONE,BSD-3-Clause,ext/libpqxx-7.7.3/COPYING,high,
ext/libpqxx-7.7.3/install/ubuntu22.04/arm64/include/pqxx/array,100644,215,8e1c9fc66fbe021fbd50f9a3958b094007215088cb8e4b6c69a87a548d71e85f,"C source, ASCII text",C,False,scanned,NONE,BSD-3-Clause,ext/libpqxx-7.7.3/COPYING,high,
ext/libpqxx-7.7.3/install/ubuntu22.04/arm64/include/pqxx/array.hxx,100644,3563,7f5dd8e486685d14ad78370f0120df898ba52ec692fdedb5a75cb289970db2a5,"C++ source, ASCII text",C++,False,scanned,NONE,BSD-3-Clause,ext/libpqxx-7.7.3/COPYING,high,
ext/libpqxx-7.7.3/install/ubuntu22.04/arm64/include/pqxx/binarystring,100644,233,6f26251dfa85f2676d221e20382ea35550cf9c1ca7c350a2b4cb089196c67494,"C source, ASCII text",C,False,scanned,NONE,BSD-3-Clause,ext/libpqxx-7.7.3/COPYING,high,
ext/libpqxx-7.7.3/install/ubuntu22.04/arm64/include/pqxx/binarystring.hxx,100644,8170,3db6fa957401fe1b07b7fd658e0a48d5a2d1e757113c44530efdbbe226cf9b22,"C++ source, ASCII text",C++,False,scanned,NONE,BSD-3-Clause,ext/libpqxx-7.7.3/COPYING,high,
ext/libpqxx-7.7.3/install/ubuntu22.04/arm64/include/pqxx/blob,100644,222,130eba334dc04c34e49776329dc884cb6587b287db4fcf2d7f37419e76afbeb0,"C source, ASCII text",C,False,scanned,NONE,BSD-3-Clause,ext/libpqxx-7.7.3/COPYING,high,
ext/libpqxx-7.7.3/install/ubuntu22.04/arm64/include/pqxx/blob.hxx,100644,13305,8335273571ec7f30637869d8c616c5079b47aebbf9ac43ce4e693661e97cbf8f,"C++ source, ASCII text",C++,False,scanned,NONE,BSD-3-Clause,ext/libpqxx-7.7.3/COPYING,high,
ext/libpqxx-7.7.3/install/ubuntu22.04/arm64/include/pqxx/composite,100644,230,e2416cb1d094ff7df050ee6adbacba672dbc6bff7741ced46bd7873165cfa0c7,"C source, ASCII text",C,False,scanned,NONE,BSD-3-Clause,ext/libpqxx-7.7.3/COPYING,high,
ext/libpqxx-7.7.3/install/ubuntu22.04/arm64/include/pqxx/composite.hxx,100644,4644,0ac7809ae0fbf042e9ca0aaa630cc8264eb8f0ddfd8603dc1ca176d221b7091a,"C++ source, ASCII text",C++,False,scanned,NONE,BSD-3-Clause,ext/libpqxx-7.7.3/COPYING,high,
ext/libpqxx-7.7.3/install/ubuntu22.04/arm64/include/pqxx/config-public-compiler.h,100644,3373,81c3ed5e53a7c2bbf0d079598ad2980aa81dac976a62955252f01e1e05a1020c,ASCII text,C,False,scanned,NONE,BSD-3-Clause,ext/libpqxx-7.7.3/COPYING,high,
ext/libpqxx-7.7.3/install/ubuntu22.04/arm64/include/pqxx/connection,100644,284,ecef6c5c549725ebb6348b332d727d68c38213d307936fd5b20cfc9cdf5c4dd8,"C source, ASCII text",C,False,scanned,NONE,BSD-3-Clause,ext/libpqxx-7.7.3/COPYING,high,
ext/libpqxx-7.7.3/install/ubuntu22.04/arm64/include/pqxx/connection.hxx,100644,47619,168289fc46e4a57b1eed8d874b893991c02f208266d19ae87f3b48b8c1526bf9,"C++ source, ASCII text",C++,False,scanned,NONE,BSD-3-Clause,ext/libpqxx-7.7.3/COPYING,high,
ext/libpqxx-7.7.3/install/ubuntu22.04/arm64/include/pqxx/cursor,100644,292,afb386f56fc35ba1449e031e5b888b4c345ab2e6365ad19a9adb50e4b7bf0c90,"C source, ASCII text",C,False,scanned,NONE,BSD-3-Clause,ext/libpqxx-7.7.3/COPYING,high,
ext/libpqxx-7.7.3/install/ubuntu22.04/arm64/include/pqxx/cursor.hxx,100644,17128,b059d50906b63efbdaf972346be8f429d012f882214c5b41bf1aba0a9603142e,"C++ source, ASCII text",C++,False,scanned,NONE,BSD-3-Clause,ext/libpqxx-7.7.3/COPYING,high,
ext/libpqxx-7.7.3/install/ubuntu22.04/arm64/include/pqxx/dbtransaction,100644,309,4a6c8498ea12f4309a1175b410f420b1cb720beadb3186caea5351a90945847b,"C source, ASCII text",C,False,scanned,NONE,BSD-3-Clause,ext/libpqxx-7.7.3/COPYING,high,
ext/libpqxx-7.7.3/install/ubuntu22.04/arm64/include/pqxx/dbtransaction.hxx,100644,2710,6dfb8dab5a9acdd2d3ba986ad2e8994bb96f40054c987face42143279f471c5d,"C++ source, ASCII text",C++,False,scanned,NONE,BSD-3-Clause,ext/libpqxx-7.7.3/COPYING,high,
ext/libpqxx-7.7.3/install/ubuntu22.04/arm64/include/pqxx/errorhandler,100644,274,1c39bda23fb3cdc928b34b72855aacf47a85ec33179658c9946488f0e8eaa525,"C source, ASCII text",C,False,scanned,NONE,BSD-3-Clause,ext/libpqxx-7.7.3/COPYING,high,
ext/libpqxx-7.7.3/install/ubuntu22.04/arm64/include/pqxx/errorhandler.hxx,100644,2720,eb0522c70fd80f2e1f97d1f8af808a9dbaaf766b73e208d1857cca35f769f045,"C++ source, ASCII text",C++,False,scanned,NONE,BSD-3-Clause,ext/libpqxx-7.7.3/COPYING,high,
ext/libpqxx-7.7.3/install/ubuntu22.04/arm64/include/pqxx/except,100644,293,0c5ce1e8d19a2241fb1bf12feef7a0c7fdee1f5f609419f2805f8762cc515804,"C source, ASCII text",C,False,scanned,NONE,BSD-3-Clause,ext/libpqxx-7.7.3/COPYING,high,
ext/libpqxx-7.7.3/install/ubuntu22.04/arm64/include/pqxx/except.hxx,100644,12726,1791c755f326c185365c141632d3a43db79e3b0d2ab3e82bdda90a0ac0b39462,"C++ source, ASCII text",C++,False,scanned,NONE,BSD-3-Clause,ext/libpqxx-7.7.3/COPYING,high,
ext/libpqxx-7.7.3/install/ubuntu22.04/arm64/include/pqxx/field,100644,265,82afc3317ef09e15157dfe67059a6330cbc2413ef86f49e67548a9e5c6f24460,"C source, ASCII text",C,False,scanned,NONE,BSD-3-Clause,ext/libpqxx-7.7.3/COPYING,high,
ext/libpqxx-7.7.3/install/ubuntu22.04/arm64/include/pqxx/field.hxx,100644,15685,7a38a3e1aedf284ff834dbe090a47221c2db4486810d5aedc9fc631ac4034b66,"C++ source, ASCII text",C++,False,scanned,NONE,BSD-3-Clause,ext/libpqxx-7.7.3/COPYING,high,
ext/libpqxx-7.7.3/install/ubuntu22.04/arm64/include/pqxx/internal/array-composite.hxx,100644,9434,8901004a15678d4132a425032bebb3a50d0d34c0cea527007030f690f78e77ec,"C++ source, ASCII text",C++,False,scanned,NONE,BSD-3-Clause,ext/libpqxx-7.7.3/COPYING,high,
ext/libpqxx-7.7.3/install/ubuntu22.04/arm64/include/pqxx/internal/callgate.hxx,100644,2202,b198a2d6c6476867b86cbde796a59e521e7cbaa9e1e2e55dd638378507d01726,"C++ source, ASCII text",C++,False,scanned,NONE,BSD-3-Clause,ext/libpqxx-7.7.3/COPYING,high,
ext/libpqxx-7.7.3/install/ubuntu22.04/arm64/include/pqxx/internal/concat.hxx,100644,1285,c2f549f046f30f1f5e5261aad9fdc810ce81357b5d67b1bfcbf2c33dcb1c8079,"C++ source, ASCII text",C++,False,scanned,NONE,BSD-3-Clause,ext/libpqxx-7.7.3/COPYING,high,
ext/libpqxx-7.7.3/install/ubuntu22.04/arm64/include/pqxx/internal/conversions.hxx,100644,34411,d0bbd29e9a15cf6d8c94504d51d843a8a25c6fe92a4b641121dcce539276e276,"C++ source, ASCII text",C++,False,scanned,NONE,BSD-3-Clause,ext/libpqxx-7.7.3/COPYING,high,
ext/libpqxx-7.7.3/install/ubuntu22.04/arm64/include/pqxx/internal/encoding_group.hxx,100644,1629,98013a020d8c9b1745b42d5b694e8133b1e68291374ed75865502f22f7d549e0,"C source, ASCII text",C++,False,scanned,NONE,BSD-3-Clause,ext/libpqxx-7.7.3/COPYING,high,
ext/libpqxx-7.7.3/install/ubuntu22.04/arm64/include/pqxx/internal/encodings.hxx,100644,2787,86093024c0cf8d25ff8e5879085055ca9e089c027498f9ecc026d11c9ccef110,"C++ source, ASCII text",C++,False,scanned,NONE,BSD-3-Clause,ext/libpqxx-7.7.3/COPYING,high,
ext/libpqxx-7.7.3/install/ubuntu22.04/arm64/include/pqxx/internal/gates/connection-errorhandler.hxx,100644,531,5bf71070aaee0f5c25b50450e355d8eff16fb8d3f99810ddadb9e66a917e73bc,"C++ source, ASCII text",C++,False,scanned,NONE,BSD-3-Clause,ext/libpqxx-7.7.3/COPYING,high,
ext/libpqxx-7.7.3/install/ubuntu22.04/arm64/include/pqxx/internal/gates/connection-largeobject.hxx,100644,768,5bfc94b858e8a24a0fc1d5be7581414c497e442d85bf360632c4ef6f8fff598c,"C++ source, ASCII text",C++,False,scanned,NONE,BSD-3-Clause,ext/libpqxx-7.7.3/COPYING,high,
ext/libpqxx-7.7.3/install/ubuntu22.04/arm64/include/pqxx/internal/gates/connection-notification_receiver.hxx,100644,586,a2b00043d6af75143cac5da39dbc1ea9c73e211fc6fc2ac36484ada3cd908ea1,"C++ source, ASCII text",C++,False,scanned,NONE,BSD-3-Clause,ext/libpqxx-7.7.3/COPYING,high,
ext/libpqxx-7.7.3/install/ubuntu22.04/arm64/include/pqxx/internal/gates/connection-pipeline.hxx,100644,707,0dc2a4f8b0677dfd9b7122377974c03ab5430dd45d6c442f2962878d099987e4,"C source, ASCII text",C++,False,scanned,NONE,BSD-3-Clause,ext/libpqxx-7.7.3/COPYING,high,
ext/libpqxx-7.7.3/install/ubuntu22.04/arm64/include/pqxx/internal/gates/connection-sql_cursor.hxx,100644,387,b37bda0a5b03b667e1b5c5e15605e5af5c75df5aa15422edc83d725cb80c83cc,"C source, ASCII text",C++,False,scanned,NONE,BSD-3-Clause,ext/libpqxx-7.7.3/COPYING,high,
ext/libpqxx-7.7.3/install/ubuntu22.04/arm64/include/pqxx/internal/gates/connection-stream_from.hxx,100644,358,7e92370aba2491b85a6781441a6c84262125c24f30b2a48f17bfd5d3e2636fd0,"C source, ASCII text",C++,False,scanned,NONE,BSD-3-Clause,ext/libpqxx-7.7.3/COPYING,high,
ext/libpqxx-7.7.3/install/ubuntu22.04/arm64/include/pqxx/internal/gates/connection-stream_to.hxx,100644,425,620db7c00c714c754c7d0281811f33aa8effa53ad9210406364460e99ec2873a,"C source, ASCII text",C++,False,scanned,NONE,BSD-3-Clause,ext/libpqxx-7.7.3/COPYING,high,
ext/libpqxx-7.7.3/install/ubuntu22.04/arm64/include/pqxx/internal/gates/connection-transaction.hxx,100644,1075,b5eead0152ed9d1a07bceeb9a6f58fc399e9966c5e3f07b5e61dee8f3522fc8e,"C++ source, ASCII text",C++,False,scanned,NONE,BSD-3-Clause,ext/libpqxx-7.7.3/COPYING,high,
ext/libpqxx-7.7.3/install/ubuntu22.04/arm64/include/pqxx/internal/gates/errorhandler-connection.hxx,100644,323,f6fab1588120922add5fb507b4061d3ccfd72a0b3e2534d2e993d048749c2b50,"C source, ASCII text",C++,False,scanned,NONE,BSD-3-Clause,ext/libpqxx-7.7.3/COPYING,high,
ext/libpqxx-7.7.3/install/ubuntu22.04/arm64/include/pqxx/internal/gates/icursor_iterator-icursorstream.hxx,100644,666,9a56b34ad626578c8fd859bec297b78b31be48269a4cf110d1e377b954a081f6,"C source, ASCII text",C++,False,scanned,NONE,BSD-3-Clause,ext/libpqxx-7.7.3/COPYING,high,
ext/libpqxx-7.7.3/install/ubuntu22.04/arm64/include/pqxx/internal/gates/icursorstream-icursor_iterator.hxx,100644,750,8b8b1d829154226b7d38cfb6130495feeaa2e25b5ff51f5bcc10170a4b883201,"C source, ASCII text",C++,False,scanned,NONE,BSD-3-Clause,ext/libpqxx-7.7.3/COPYING,high,
ext/libpqxx-7.7.3/install/ubuntu22.04/arm64/include/pqxx/internal/gates/result-connection.hxx,100644,354,e4027d4297f6329b9f50b680424a7cd84830420b95245da02f76efc2f391e174,"C source, ASCII text",C++,False,scanned,NONE,BSD-3-Clause,ext/libpqxx-7.7.3/COPYING,high,
ext/libpqxx-7.7.3/install/ubuntu22.04/arm64/include/pqxx/internal/gates/result-creation.hxx,100644,555,709ad84538e3cf97e1f3a200b38e1de75c61df5836a23ae2620c036cd0af341e,"C source, ASCII text",C++,False,scanned,NONE,BSD-3-Clause,ext/libpqxx-7.7.3/COPYING,high,
ext/libpqxx-7.7.3/install/ubuntu22.04/arm64/include/pqxx/internal/gates/result-pipeline.hxx,100644,345,35145ed8071b4ae2dedac5f6e9db41efcea696032ab44a8fd3fa20f033507b13,"C source, ASCII text",C++,False,scanned,NONE,BSD-3-Clause,ext/libpqxx-7.7.3/COPYING,high,
ext/libpqxx-7.7.3/install/ubuntu22.04/arm64/include/pqxx/internal/gates/result-sql_cursor.hxx,100644,341,8f9343f6261894f0e76372bbbc7b7b4fcdb08f1c52578c01978b837e4639e2d9,"C source, ASCII text",C++,False,scanned,NONE,BSD-3-Clause,ext/libpqxx-7.7.3/COPYING,high,
ext/libpqxx-7.7.3/install/ubuntu22.04/arm64/include/pqxx/internal/gates/transaction-sql_cursor.hxx,100644,279,cb62c72347450b6b464af62c9bdfe8203b3ccdea30e9067f0c7966419841a1a2,"C source, ASCII text",C++,False,scanned,NONE,BSD-3-Clause,ext/libpqxx-7.7.3/COPYING,high,
ext/libpqxx-7.7.3/install/ubuntu22.04/arm64/include/pqxx/internal/gates/transaction-transaction_focus.hxx,100644,728,643537daa051424815651a09f1764355dd410fb1e7b4246ab65b26f24edcb32e,"C source, ASCII text",C++,False,scanned,NONE,BSD-3-Clause,ext/libpqxx-7.7.3/COPYING,high,
ext/libpqxx-7.7.3/install/ubuntu22.04/arm64/include/pqxx/internal/header-post.hxx,100644,707,4d513de9b59383b545fb0334c3298245f52738f185fbcc4bc45d8157cc207b2c,"C source, ASCII text",C++,False,scanned,NONE,BSD-3-Clause,ext/libpqxx-7.7.3/COPYING,high,
ext/libpqxx-7.7.3/install/ubuntu22.04/arm64/include/pqxx/internal/header-pre.hxx,100644,5237,878d06fb9d325fba520eb63caa4d19ad093c0bc0da243b75bb28a28b2d34c3d8,"C source, ASCII text",C++,False,scanned,NONE,BSD-3-Clause,ext/libpqxx-7.7.3/COPYING,high,
ext/libpqxx-7.7.3/install/ubuntu22.04/arm64/include/pqxx/internal/ignore-deprecated-post.hxx,100644,328,5d3ba4cf459e98244abfef5d390b02c8eca1de8b8955c9c6a15ce61627c0830a,"C source, ASCII text",C++,False,scanned,NONE,BSD-3-Clause,ext/libpqxx-7.7.3/COPYING,high,
ext/libpqxx-7.7.3/install/ubuntu22.04/arm64/include/pqxx/internal/ignore-deprecated-pre.hxx,100644,925,5bff7746eec3f1a4173e3008e60567fca7602a7fa99b18b33b43d94927bf88c4,"C source, ASCII text",C++,False,scanned,NONE,BSD-3-Clause,ext/libpqxx-7.7.3/COPYING,high,
ext/libpqxx-7.7.3/install/ubuntu22.04/arm64/include/pqxx/internal/libpq-forward.hxx,100644,828,5aea7fd133047fd02e08f7bcc56bd3315c6fb7bc037749d1943cc7b7a0925407,"C++ source, ASCII text",C++,False,scanned,NONE,BSD-3-Clause,ext/libpqxx-7.7.3/COPYING,high,
ext/libpqxx-7.7.3/install/ubuntu22.04/arm64/include/pqxx/internal/result_iter.hxx,100644,3007,f4972af0d917a8e5757e3ef5fa4a08fc91642de18a1163a9a27564fb5314b129,"C++ source, ASCII text",C++,False,scanned,NONE,BSD-3-Clause,ext/libpqxx-7.7.3/COPYING,high,
ext/libpqxx-7.7.3/install/ubuntu22.04/arm64/include/pqxx/internal/result_iterator.hxx,100644,10320,b5084247ae06181cdf6dd13f41bbd6df8539efaf7e7e99850a5d798977479a0f,"C++ source, ASCII text",C++,False,scanned,NONE,BSD-3-Clause,ext/libpqxx-7.7.3/COPYING,high,
ext/libpqxx-7.7.3/install/ubuntu22.04/arm64/include/pqxx/internal/sql_cursor.hxx,100644,3873,af6b52cd059b78fca2e3d8be81af988ce639f60f241e5b17d4f58efcae2479c0,"C++ source, ASCII text",C++,False,scanned,NONE,BSD-3-Clause,ext/libpqxx-7.7.3/COPYING,high,
ext/libpqxx-7.7.3/install/ubuntu22.04/arm64/include/pqxx/internal/statement_parameters.hxx,100644,4624,117b38333753571b1bbce38d552f6d59fec2e090bd323b3067a9bf7dc8d7550c,"C++ source, ASCII text",C++,False,scanned,NONE,BSD-3-Clause,ext/libpqxx-7.7.3/COPYING,high,
ext/libpqxx-7.7.3/install/ubuntu22.04/arm64/include/pqxx/internal/stream_iterator.hxx,100644,2560,37790d373807aa04cafe761d6188d095f84d860b4273acd884ab56b6bb58c3a2,"C++ source, ASCII text",C++,False,scanned,NONE,BSD-3-Clause,ext/libpqxx-7.7.3/COPYING,high,
ext/libpqxx-7.7.3/install/ubuntu22.04/arm64/include/pqxx/internal/wait.hxx,100644,521,0099b0d183564986e2f72a1ef8e728ea3d648fdfbcbeee67339cf412df3282ce,ASCII text,C++,False,scanned,NONE,BSD-3-Clause,ext/libpqxx-7.7.3/COPYING,high,
ext/libpqxx-7.7.3/install/ubuntu22.04/arm64/include/pqxx/isolation,100644,295,4d8580c4174c8683c37594e88d8b4e7a66dc04d65cff0d4eaddb7d22698067d9,"C source, ASCII text",C,False,scanned,NONE,BSD-3-Clause,ext/libpqxx-7.7.3/COPYING,high,
ext/libpqxx-7.7.3/install/ubuntu22.04/arm64/include/pqxx/isolation.hxx,100644,2741,71aa8397503bc929830551328c7e82250aa90f47e8bfaf8757e9dc87bdce070e,"C++ source, ASCII text",C++,False,scanned,NONE,BSD-3-Clause,ext/libpqxx-7.7.3/COPYING,high,
ext/libpqxx-7.7.3/install/ubuntu22.04/arm64/include/pqxx/largeobject,100644,300,2a0dc427f1eefc7d7a68efc2c13f3622a48f23350d38aef4cc90803742789a42,"C source, ASCII text",C,False,scanned,NONE,BSD-3-Clause,ext/libpqxx-7.7.3/COPYING,high,
ext/libpqxx-7.7.3/install/ubuntu22.04/arm64/include/pqxx/largeobject.hxx,100644,23876,741596c45aea96be5c074ef73fb1874f7b77be3e3ccd04af66be69e3db5359c7,"C++ source, ASCII text",C++,False,scanned,NONE,BSD-3-Clause,ext/libpqxx-7.7.3/COPYING,high,
ext/libpqxx-7.7.3/install/ubuntu22.04/arm64/include/pqxx/nontransaction,100644,298,014e1f04a46c9785892858437698f92d5682fa47390d35b36682f57492ef52a8,"C source, ASCII text",C,False,scanned,NONE,BSD-3-Clause,ext/libpqxx-7.7.3/COPYING,high,
ext/libpqxx-7.7.3/install/ubuntu22.04/arm64/include/pqxx/nontransaction.hxx,100644,2758,f29563491d95c66c809b5032f93c05d75dc9514d571aeceecfb90009e7f14e8f,"C++ source, ASCII text",C++,False,scanned,NONE,BSD-3-Clause,ext/libpqxx-7.7.3/COPYING,high,
ext/libpqxx-7.7.3/install/ubuntu22.04/arm64/include/pqxx/notification,100644,311,fd73ca97818ac3d53e0f9aad7cc99646f739849a05ac739f58f8b5b0163d5721,"C source, ASCII text",C,False,scanned,NONE,BSD-3-Clause,ext/libpqxx-7.7.3/COPYING,high,
ext/libpqxx-7.7.3/install/ubuntu22.04/arm64/include/pqxx/notification.hxx,100644,3693,f22152676d5f62dde80f4f0ed1564c5c120bf6ec75630f89d3332e4076a98ddc,"C++ source, ASCII text",C++,False,scanned,NONE,BSD-3-Clause,ext/libpqxx-7.7.3/COPYING,high,
ext/libpqxx-7.7.3/install/ubuntu22.04/arm64/include/pqxx/params,100644,311,328b42158f24f4dda80489abbe8e3112ab1c59ab2f3fc229ed779ff5c06cc8c3,"C source, ASCII text",C,False,scanned,NONE,BSD-3-Clause,ext/libpqxx-7.7.3/COPYING,high,
ext/libpqxx-7.7.3/install/ubuntu22.04/arm64/include/pqxx/params.hxx,100644,13632,011e080bde05e100e744a6ec0b055a84a271a0cf0bd1ed2f16ac7e76b4586c4f,"C++ source, ASCII text",C++,False,scanned,NONE,BSD-3-Clause,ext/libpqxx-7.7.3/COPYING,high,
ext/libpqxx-7.7.3/install/ubuntu22.04/arm64/include/pqxx/pipeline,100644,260,47aefb5888fa3fb459767caafa240d541bdade821729da76c6aa82d96845ec4d,"C source, ASCII text",C,False,scanned,NONE,BSD-3-Clause,ext/libpqxx-7.7.3/COPYING,high,
ext/libpqxx-7.7.3/install/ubuntu22.04/arm64/include/pqxx/pipeline.hxx,100644,7901,05c95296f56e1b8e60228b53c4b2a4285586c6c272ea9a0c54611cb1a459e158,"C++ source, ASCII text",C++,False,scanned,NONE,BSD-3-Clause,ext/libpqxx-7.7.3/COPYING,high,
ext/libpqxx-7.7.3/install/ubuntu22.04/arm64/include/pqxx/pqxx,100644,872,da7d4672f08d41cad341e4f1296ad80f22a468912bea4434f3b628d14d039c20,"C source, ASCII text",C,False,scanned,NONE,BSD-3-Clause,ext/libpqxx-7.7.3/COPYING,high,
ext/libpqxx-7.7.3/install/ubuntu22.04/arm64/include/pqxx/prepared_statement,100644,73,00ecf91bf8c2c388d8f420285a5a719d69a744a2bc1d756ff71c929195b98194,"C source, ASCII text",C,False,scanned,NONE,BSD-3-Clause,ext/libpqxx-7.7.3/COPYING,high,
ext/libpqxx-7.7.3/install/ubuntu22.04/arm64/include/pqxx/prepared_statement.hxx,100644,73,00ecf91bf8c2c388d8f420285a5a719d69a744a2bc1d756ff71c929195b98194,"C source, ASCII text",C++,False,scanned,NONE,BSD-3-Clause,ext/libpqxx-7.7.3/COPYING,high,
ext/libpqxx-7.7.3/install/ubuntu22.04/arm64/include/pqxx/range,100644,232,4fa2c9e135d5ce0def6c6322aec8f10a54c37b9f34f7f076c2a4e1d9373cc880,"C source, ASCII text",C,False,scanned,NONE,BSD-3-Clause,ext/libpqxx-7.7.3/COPYING,high,
ext/libpqxx-7.7.3/install/ubuntu22.04/arm64/include/pqxx/range.hxx,100644,16820,3ded3a6b6a003cb9202b614a64923f2a4f3fb4f0561ae67cb10da873b93045b6,"C++ source, ASCII text",C++,False,scanned,NONE,BSD-3-Clause,ext/libpqxx-7.7.3/COPYING,high,
ext/libpqxx-7.7.3/install/ubuntu22.04/arm64/include/pqxx/result,100644,551,9d0b637dd870fb91ae6f6c86dd439fe1b5d8680b325e7fa89c95b2469c99ab8d,"C source, ASCII text",C,False,scanned,NONE,BSD-3-Clause,ext/libpqxx-7.7.3/COPYING,high,
ext/libpqxx-7.7.3/install/ubuntu22.04/arm64/include/pqxx/result.hxx,100644,11585,25b6a9add8b709257a92343651f24fd2e86ac546b5e88b80af22bebe5f29707c,"C++ source, ASCII text",C++,False,scanned,NONE,BSD-3-Clause,ext/libpqxx-7.7.3/COPYING,high,
ext/libpqxx-7.7.3/install/ubuntu22.04/arm64/include/pqxx/robusttransaction,100644,305,bc9eb9ee4d8f97f1942136297e3e5237a0a116acacc0c1452620c96cf5bb5fb3,"C source, ASCII text",C,False,scanned,NONE,BSD-3-Clause,ext/libpqxx-7.7.3/COPYING,high,
ext/libpqxx-7.7.3/install/ubuntu22.04/arm64/include/pqxx/robusttransaction.hxx,100644,3927,5516ac5889f25f5f153034a9f0cc0c7128f4ab108a3df59b8889e2e939f10288,"C++ source, ASCII text",C++,False,scanned,NONE,BSD-3-Clause,ext/libpqxx-7.7.3/COPYING,high,
ext/libpqxx-7.7.3/install/ubuntu22.04/arm64/include/pqxx/row,100644,280,f78e9c8a5470f39a7e79adff858312a6209f67a695bbdb759ec0823c2e81d0a9,"C source, ASCII text",C,False,scanned,NONE,BSD-3-Clause,ext/libpqxx-7.7.3/COPYING,high,
ext/libpqxx-7.7.3/install/ubuntu22.04/arm64/include/pqxx/row.hxx,100644,15894,179121bd53b902c1991a7ae836cd453c7a3f024c230d21ec38d7d89e4f063cc4,"C++ source, ASCII text",C++,False,scanned,NONE,BSD-3-Clause,ext/libpqxx-7.7.3/COPYING,high,
ext/libpqxx-7.7.3/install/ubuntu22.04/arm64/include/pqxx/separated_list,100644,242,3b9e337e7ededf709b9f0139937e20da070caa6632dd951fb0afe3a1dc81b3bf,"C source, ASCII text",C,False,scanned,NONE,BSD-3-Clause,ext/libpqxx-7.7.3/COPYING,high,
ext/libpqxx-7.7.3/install/ubuntu22.04/arm64/include/pqxx/separated_list.hxx,100644,4265,b9738ff95a79bfee30af5f16788911f4df81fdfefc9a132afb5292e759cbee03,"C++ source, ASCII text",C++,False,scanned,NONE,BSD-3-Clause,ext/libpqxx-7.7.3/COPYING,high,
ext/libpqxx-7.7.3/install/ubuntu22.04/arm64/include/pqxx/strconv,100644,224,67b68d0762e664e22686a460e39ace0d5ca574b54da2396bc6fe0d1ff2e1a931,"C source, ASCII text",C,False,scanned,NONE,BSD-3-Clause,ext/libpqxx-7.7.3/COPYING,high,
ext/libpqxx-7.7.3/install/ubuntu22.04/arm64/include/pqxx/strconv.hxx,100644,16782,cfa43ecbe406068aae05633c98e109c06570e5bdfc22a3964422300e576c0f34,"C++ source, ASCII text",C++,False,scanned,NONE,BSD-3-Clause,ext/libpqxx-7.7.3/COPYING,high,
ext/libpqxx-7.7.3/install/ubuntu22.04/arm64/include/pqxx/stream_from,100644,299,f12786e62788af2384722bd4fad1db795a0e2aff0b017fc6378cec3c66c6a4c4,"C source, ASCII text",C,False,scanned,NONE,BSD-3-Clause,ext/libpqxx-7.7.3/COPYING,high,
ext/libpqxx-7.7.3/install/ubuntu22.04/arm64/include/pqxx/stream_from.hxx,100644,13152,b87a725c6c89118f52fe96ec26f55f44912eb914955538bda0104c676c981a2f,"C++ source, ASCII text",C++,False,scanned,NONE,BSD-3-Clause,ext/libpqxx-7.7.3/COPYING,high,
ext/libpqxx-7.7.3/install/ubuntu22.04/arm64/include/pqxx/stream_to,100644,293,6c686c97ec6415bcb5e11eded53f335302f6b38f6525c24259e4b5aa9c124916,"C source, ASCII text",C,False,scanned,NONE,BSD-3-Clause,ext/libpqxx-7.7.3/COPYING,high,
ext/libpqxx-7.7.3/install/ubuntu22.04/arm64/include/pqxx/stream_to.hxx,100644,17445,cffcc076fd7a9d3aa63e0e5cc7ec37db4d5e0667c9031078364f3c781c1177a7,"C++ source, ASCII text",C++,False,scanned,NONE,BSD-3-Clause,ext/libpqxx-7.7.3/COPYING,high,
ext/libpqxx-7.7.3/install/ubuntu22.04/arm64/include/pqxx/subtransaction,100644,311,1a1e78e89e2d1ed577f6517a93a7648e6089bb4defbfb27178e9fc01974f1528,"C source, ASCII text",C,False,scanned,NONE,BSD-3-Clause,ext/libpqxx-7.7.3/COPYING,high,
ext/libpqxx-7.7.3/install/ubuntu22.04/arm64/include/pqxx/subtransaction.hxx,100644,3134,921e908216eee90129514eb651544d4e5ca32060dfd914c26ff81efabb135564,"C++ source, ASCII text",C++,False,scanned,NONE,BSD-3-Clause,ext/libpqxx-7.7.3/COPYING,high,
ext/libpqxx-7.7.3/install/ubuntu22.04/arm64/include/pqxx/time,100644,220,48e4683bd9bfb2eddd54c26854ae31e920017e8f53033a16d661e4310ced8ba5,"C source, ASCII text",C,False,scanned,NONE,BSD-3-Clause,ext/libpqxx-7.7.3/COPYING,high,
ext/libpqxx-7.7.3/install/ubuntu22.04/arm64/include/pqxx/time.hxx,100644,2972,87f8e659671e0d61c3abe67c6890a286e705c9e2bfd8a209bbc6b6dc186bb846,"C++ source, ASCII text",C++,False,scanned,NONE,BSD-3-Clause,ext/libpqxx-7.7.3/COPYING,high,
ext/libpqxx-7.7.3/install/ubuntu22.04/arm64/include/pqxx/transaction,100644,290,dacff41fb01f7fd5857622756714383a37e7020ec96226fc3061fdc760ede803,"C source, ASCII text",C,False,scanned,NONE,BSD-3-Clause,ext/libpqxx-7.7.3/COPYING,high,
ext/libpqxx-7.7.3/install/ubuntu22.04/arm64/include/pqxx/transaction.hxx,100644,2887,6977e517962487afebcea51c1bca519f9e109c0618b458d018dfe265eca64f9f,"C++ source, ASCII text",C++,False,scanned,NONE,BSD-3-Clause,ext/libpqxx-7.7.3/COPYING,high,
ext/libpqxx-7.7.3/install/ubuntu22.04/arm64/include/pqxx/transaction_base,100644,353,07bcd00c2ab769af5de20109ee2e79e94fef4d4d5352e1317b1c1a0bea72bb8f,"C source, ASCII text",C,False,scanned,NONE,BSD-3-Clause,ext/libpqxx-7.7.3/COPYING,high,
ext/libpqxx-7.7.3/install/ubuntu22.04/arm64/include/pqxx/transaction_base.hxx,100644,31195,5ee286afee132963a9726d526d0101eb469c975aff4f95567bf81f0ddfe86264,"C++ source, ASCII text",C++,False,scanned,NONE,BSD-3-Clause,ext/libpqxx-7.7.3/COPYING,high,
ext/libpqxx-7.7.3/install/ubuntu22.04/arm64/include/pqxx/transaction_focus,100644,263,1caab1ec3dc92ae0576d3c1ec13f6e24b3c412102ae49878b5b09e613a1ee071,"C source, ASCII text",C,False,scanned,NONE,BSD-3-Clause,ext/libpqxx-7.7.3/COPYING,high,
ext/libpqxx-7.7.3/install/ubuntu22.04/arm64/include/pqxx/transaction_focus.hxx,100644,2753,272d5074ce228b5844adaea6d1f2f4ec8e5febad2ab1239d065c6611da7979c9,"C++ source, ASCII text",C++,False,scanned,NONE,BSD-3-Clause,ext/libpqxx-7.7.3/COPYING,high,
ext/libpqxx-7.7.3/install/ubuntu22.04/arm64/include/pqxx/transactor,100644,295,711b39a255627301ab2add291f2da2044bc2ae4486180c9b7a19311ed25a17ea,"C source, ASCII text",C,False,scanned,NONE,BSD-3-Clause,ext/libpqxx-7.7.3/COPYING,high,
ext/libpqxx-7.7.3/install/ubuntu22.04/arm64/include/pqxx/transactor.hxx,100644,5865,3ca3b5f78e14a4b0eab03638b865ee3e39fa0343c3db9a9ae5db405d6dc87908,"C++ source, ASCII text",C++,False,scanned,NONE,BSD-3-Clause,ext/libpqxx-7.7.3/COPYING,high,
ext/libpqxx-7.7.3/install/ubuntu22.04/arm64/include/pqxx/types,100644,235,541075f5e3466436730422a6be25895ebaf43f1c6ec875d8b6cc10ca2805b20d,"C source, ASCII text",C,False,scanned,NONE,BSD-3-Clause,ext/libpqxx-7.7.3/COPYING,high,
ext/libpqxx-7.7.3/install/ubuntu22.04/arm64/include/pqxx/types.hxx,100644,5049,8bd022141ec7e94c91501cf2044af7de2bc4f065cc0b7bd1fdaa92c3e4e44b95,"C++ source, ASCII text",C++,False,scanned,NONE,BSD-3-Clause,ext/libpqxx-7.7.3/COPYING,high,
ext/libpqxx-7.7.3/install/ubuntu22.04/arm64/include/pqxx/util,100644,230,e2d12d4126e65bbee70ed29f0e7dc2275f3d814e1310ad2aca6c1673c5b73fff,"C source, ASCII text",C,False,scanned,NONE,BSD-3-Clause,ext/libpqxx-7.7.3/COPYING,high,
ext/libpqxx-7.7.3/install/ubuntu22.04/arm64/include/pqxx/util.hxx,100644,17192,eeb05cfe4fd5d6145b675f75b158a78e4e0e5a2fc2c54db927e1c35fc11fa5f6,"C++ source, ASCII text",C++,False,scanned,NONE,BSD-3-Clause,ext/libpqxx-7.7.3/COPYING,high,
ext/libpqxx-7.7.3/install/ubuntu22.04/arm64/include/pqxx/version,100644,216,75b01edce0e0d042dcf3dc9152f8beb0db9722b343bd42a1aa4cf16fe29e52eb,"C source, ASCII text",C,False,scanned,NONE,BSD-3-Clause,ext/libpqxx-7.7.3/COPYING,high,
ext/libpqxx-7.7.3/install/ubuntu22.04/arm64/include/pqxx/version.hxx,100644,2075,1263bef3b55b8fbf7a127a01ad736784634f3b8a0c5f5ea0a868ed6fa9540754,"C source, ASCII text",C++,False,scanned,NONE,BSD-3-Clause,ext/libpqxx-7.7.3/COPYING,high,
ext/libpqxx-7.7.3/install/ubuntu22.04/arm64/include/pqxx/zview,100644,226,4e0335d5955ce1baaaf9cbce1397174880abe9fc5deda9dbf6daf62428ed1f64,"C source, ASCII text",C,False,scanned,NONE,BSD-3-Clause,ext/libpqxx-7.7.3/COPYING,high,
ext/libpqxx-7.7.3/install/ubuntu22.04/arm64/include/pqxx/zview.hxx,100644,4964,55af7ad08a0c14d81ea3ce64222314c02023720d3729e9ade00705ff6e6fad09,"C++ source, ASCII text",C++,False,scanned,NONE,BSD-3-Clause,ext/libpqxx-7.7.3/COPYING,high,
ext/libpqxx-7.7.3/install/ubuntu22.04/arm64/lib/cmake/libpqxx/libpqxx-config-version.cmake,100644,2878,a08b4b9cf119a4851d163f7d34efe59f97780d8b82152dfe9b3902a54cfcfe80,ASCII text,CMake,False,scanned,NONE,BSD-3-Clause,ext/libpqxx-7.7.3/COPYING,high,
ext/libpqxx-7.7.3/install/ubuntu22.04/arm64/lib/cmake/libpqxx/libpqxx-config.cmake,100644,122,f2b165c956fba1a9363342d1cf43f5c83997baca474233951662086f1d609fb5,ASCII text,CMake,False,scanned,NONE,BSD-3-Clause,ext/libpqxx-7.7.3/COPYING,high,
ext/libpqxx-7.7.3/install/ubuntu22.04/arm64/lib/cmake/libpqxx/libpqxx-targets-noconfig.cmake,100644,798,3a2d48d0d86e9b7236019953ffdc880df973f0893098426977fd9c4807ce616b,ASCII text,CMake,False,scanned,NONE,BSD-3-Clause,ext/libpqxx-7.7.3/COPYING,high,
ext/libpqxx-7.7.3/install/ubuntu22.04/arm64/lib/cmake/libpqxx/libpqxx-targets.cmake,100644,3454,313d70e782e1b6c5b2a1b6e3605368607a6521122b9db590eec94b103fbd8483,ASCII text,CMake,False,scanned,NONE,BSD-3-Clause,ext/libpqxx-7.7.3/COPYING,high,
ext/libpqxx-7.7.3/install/ubuntu22.04/arm64/lib/libpqxx-7.7.a,100644,4997126,97c99949fb8a80350e2bb04ebfad28a94868361b2fa996cd49328e7eba166ae8,current ar archive,,True,scanned,NONE,BSD-3-Clause,ext/libpqxx-7.7.3/COPYING,high,
ext/libpqxx-7.7.3/install/ubuntu22.04/arm64/lib/libpqxx.a,120000,13,4643527f6ed3e265dc575d9e2a76a08bbca848703e09ee33d52477951697c9af,symbolic link,,True,scope-only,NONE,BSD-3-Clause,ext/libpqxx-7.7.3/COPYING,high,
ext/libpqxx-7.7.3/install/ubuntu22.04/arm64/share/doc/libpqxx/accessing-results.md,100644,5718,d1fd21b3027c75f9dc6ecd7710893eacf79eb22cf69f43c529919e1a0a56b967,ASCII text,,False,scanned,NONE,BSD-3-Clause,ext/libpqxx-7.7.3/COPYING,high,
ext/libpqxx-7.7.3/install/ubuntu22.04/arm64/share/doc/libpqxx/binary-data.md,100644,2383,985a60ac9528b98517b6d8856ec7bb9b992b605720613854d300ab0920f03faf,ASCII text,,False,scanned,NONE,BSD-3-Clause,ext/libpqxx-7.7.3/COPYING,high,
ext/libpqxx-7.7.3/install/ubuntu22.04/arm64/share/doc/libpqxx/datatypes.md,100644,15322,d7a3a72b9d1211d8ed72d44faa9c1d3f76e6e0027e4c357578121e130023e7e3,"C++ source, ASCII text",,False,scanned,NONE,BSD-3-Clause,ext/libpqxx-7.7.3/COPYING,high,
ext/libpqxx-7.7.3/install/ubuntu22.04/arm64/share/doc/libpqxx/escaping.md,100644,2639,366c7817f6591708fb3d2f49fb0f0445ef145e6c5d60e2913f42f37ae3f08915,ASCII text,,False,scanned,NONE,BSD-3-Clause,ext/libpqxx-7.7.3/COPYING,high,
ext/libpqxx-7.7.3/install/ubuntu22.04/arm64/share/doc/libpqxx/getting-started.md,100644,5570,17aaa714982a8eb8546f2e39d5851f7a3ba2196bc21a0fddff50a0324d88a789,"C source, ASCII text",,False,scanned,NONE,BSD-3-Clause,ext/libpqxx-7.7.3/COPYING,high,
ext/libpqxx-7.7.3/install/ubuntu22.04/arm64/share/doc/libpqxx/mainpage.md,100644,840,3494112edb05254c4a1a784f1ea2a4f82b3791eda343420824405982fa85f67d,ASCII text,,False,scanned,NONE,BSD-3-Clause,ext/libpqxx-7.7.3/COPYING,high,
ext/libpqxx-7.7.3/install/ubuntu22.04/arm64/share/doc/libpqxx/parameters.md,100644,3802,8117c42f5b3d4d4f62835e37df79070233f7330533674badb37f6574a4506798,ASCII text,,False,scanned,NONE,BSD-3-Clause,ext/libpqxx-7.7.3/COPYING,high,
ext/libpqxx-7.7.3/install/ubuntu22.04/arm64/share/doc/libpqxx/performance.md,100644,1260,a2dc6dc01009b394af56d08fc0a1b25e7c6791180a116def919c9048ccef7f91,ASCII text,,False,scanned,NONE,BSD-3-Clause,ext/libpqxx-7.7.3/COPYING,high,
ext/libpqxx-7.7.3/install/ubuntu22.04/arm64/share/doc/libpqxx/prepared-statement.md,100644,4671,a458583a44f51ffcb21aba35454a6a467556e0cae0c3277153f27195e90ee4b4,ASCII text,,False,scanned,NONE,BSD-3-Clause,ext/libpqxx-7.7.3/COPYING,high,
ext/libpqxx-7.7.3/install/ubuntu22.04/arm64/share/doc/libpqxx/streams.md,100644,4696,38398cf331b31a9288d4a9f6220723fd3ea4bb0a5e9fc6ba6ddc69a0e1757801,ASCII text,,False,scanned,NONE,BSD-3-Clause,ext/libpqxx-7.7.3/COPYING,high,
ext/libpqxx-7.7.3/install/ubuntu22.04/arm64/share/doc/libpqxx/thread-safety.md,100644,1387,001fcea4b4ae07ee6c33f340b506b58a10a60dd816bb3e12769ea9d8807b01a1,ASCII text,,False,scanned,NONE,BSD-3-Clause,ext/libpqxx-7.7.3/COPYING,high,
ext/libpqxx-7.7.3/libpqxx.pc.in,100644,240,0631737702a9d0e9910e8e9603986ad65f024cf81631387b4840b8f202dcbde1,ASCII text,,False,scanned,NONE,BSD-3-Clause,ext/libpqxx-7.7.3/COPYING,high,
ext/libpqxx-7.7.3/requirements.json,100644,185,0249dc7b4d8ab3e23173b82344432a23581062b5b1d36a550d7ae4b4858ec917,JSON data,,False,scanned,NONE,BSD-3-Clause,ext/libpqxx-7.7.3/COPYING,high,
ext/libpqxx-7.7.3/src/CMakeLists.txt,100644,3476,6b16658b7bb3c31b42f300c9f82d35ea4566b1ac652cc2a8d09367acc4307989,ASCII text,,False,scanned,NONE,BSD-3-Clause,ext/libpqxx-7.7.3/COPYING,high,
ext/libpqxx-7.7.3/src/Makefile.am,100644,909,ffd89a36a44c0097bd02b858c077b5617a204dfe9b94ce37bba69e358dddd694,ASCII text,,False,scanned,NONE,BSD-3-Clause,ext/libpqxx-7.7.3/COPYING,high,
ext/libpqxx-7.7.3/src/Makefile.in,100644,27285,4b17e6c7da3cce65e50d154cd8c2966fd36dffd81d1a13047bafcfa1381c8b59,"makefile script, ASCII text",,False,scanned,FSFULLRWD,BSD-3-Clause,ext/libpqxx-7.7.3/COPYING,high,
ext/libpqxx-7.7.3/src/array.cxx,100644,6785,6abaaacdf834762b84e214398b3a5982ecf1159e77c28125a1958633055001da,"C++ source, ASCII text",C++,False,scanned,NONE,BSD-3-Clause,ext/libpqxx-7.7.3/COPYING,high,
ext/libpqxx-7.7.3/src/binarystring.cxx,100644,2580,2d1f897bcaaa54f9ad64ccd9567bef1b276575d54b97380cf5c4d29509be673f,"C source, ASCII text",C++,False,scanned,NONE,BSD-3-Clause,ext/libpqxx-7.7.3/COPYING,high,
ext/libpqxx-7.7.3/src/blob.cxx,100644,8069,22d6b0228e6c75c84de295a508f0a44792c7354c19fed9d0b2da37e80a72bb3d,"C source, ASCII text",C++,False,scanned,NONE,BSD-3-Clause,ext/libpqxx-7.7.3/COPYING,high,
ext/libpqxx-7.7.3/src/connection.cxx,100644,32570,7c4d1a657b895fed651c28443cff3b1eb9767c9dc6c0f4895f5a3734c3874f36,"C++ source, ASCII text",C++,False,scanned,NONE,BSD-3-Clause,ext/libpqxx-7.7.3/COPYING,high,
ext/libpqxx-7.7.3/src/cursor.cxx,100644,8731,b5aeb9f2f646214869a7fd9f0b4e938079d594ea13bf1bc1284a388d95c670e5,"C source, ASCII text",C++,False,scanned,NONE,BSD-3-Clause,ext/libpqxx-7.7.3/COPYING,high,
ext/libpqxx-7.7.3/src/encodings.cxx,100644,23720,dff90d30646c32c9f379f04bee13b32f13b5cae5d3241484407bf8194a8d8ecf,"C++ source, ASCII text",C++,False,scanned,NONE,BSD-3-Clause,ext/libpqxx-7.7.3/COPYING,high,
ext/libpqxx-7.7.3/src/errorhandler.cxx,100644,1060,fdd604ffc10f8d60abb762fb5da2c399284832ee8ac88a30dd58a1421d16651d,"C source, ASCII text",C++,False,scanned,NONE,BSD-3-Clause,ext/libpqxx-7.7.3/COPYING,high,
ext/libpqxx-7.7.3/src/except.cxx,100644,3070,ad5e01a78e4f48dc5c696cfae27ef525de6058314b2833572ce74504ab59a29d,"C source, ASCII text",C++,False,scanned,NONE,BSD-3-Clause,ext/libpqxx-7.7.3/COPYING,high,
ext/libpqxx-7.7.3/src/field.cxx,100644,1628,623048ded4c427b6eb400bf3f2bc5c03660c719f41dbfe8809f2f474bd948139,"C source, ASCII text",C++,False,scanned,NONE,BSD-3-Clause,ext/libpqxx-7.7.3/COPYING,high,
ext/libpqxx-7.7.3/src/largeobject.cxx,100644,7900,2132559fc406447155ced8b7952a844d225ded8c7f7948d254f194c97f98c630,"C source, ASCII text",C++,False,scanned,NONE,BSD-3-Clause,ext/libpqxx-7.7.3/COPYING,high,
ext/libpqxx-7.7.3/src/notification.cxx,100644,974,35362c001576e397d08e95c9d8210d0149ce7cbe4801701f211188ef3a629c90,"C source, ASCII text",C++,False,scanned,NONE,BSD-3-Clause,ext/libpqxx-7.7.3/COPYING,high,
ext/libpqxx-7.7.3/src/params.cxx,100644,2583,c4b703015fd867f9311dc6d0a7a748330fd8f8c291e113f6e3d8e1fd8199869f,"C source, ASCII text",C++,False,scanned,NONE,BSD-3-Clause,ext/libpqxx-7.7.3/COPYING,high,
ext/libpqxx-7.7.3/src/pipeline.cxx,100644,11238,cd9186dcde0ce4b79bf32ee22b9751c9081e8b06f58d3a12c25dfa7bcfdc063b,"C source, ASCII text",C++,False,scanned,NONE,BSD-3-Clause,ext/libpqxx-7.7.3/COPYING,high,
ext/libpqxx-7.7.3/src/pqxx-source.hxx,100644,937,71b3d5d5a54a9ff47742a84be224d967f0ad159149475482c3195749cd3f3071,"C source, ASCII text",C++,False,scanned,NONE,BSD-3-Clause,ext/libpqxx-7.7.3/COPYING,high,
ext/libpqxx-7.7.3/src/result.cxx,100644,13264,8a690134c542abfc7a1684bc175ad2bcbb5d37fa4bbdf81b69b88cf02c68e7ab,"C++ source, ASCII text",C++,False,scanned,NONE,BSD-3-Clause,ext/libpqxx-7.7.3/COPYING,high,
ext/libpqxx-7.7.3/src/robusttransaction.cxx,100644,6007,4af95012f233f45db61f102049c05cf7268b023e4e948f74361ab659499765f7,"C++ source, ASCII text",C++,False,scanned,NONE,BSD-3-Clause,ext/libpqxx-7.7.3/COPYING,high,
ext/libpqxx-7.7.3/src/row.cxx,100644,4976,a4f67253ec9b8c2693791b46ff41c1faf6f7e015bb3d621c2d944c8f7b91c8c4,"C source, ASCII text",C++,False,scanned,NONE,BSD-3-Clause,ext/libpqxx-7.7.3/COPYING,high,
ext/libpqxx-7.7.3/src/sql_cursor.cxx,100644,8574,3a8e44beb7633627b759084cd05770d42c3d0455514b868afe673d8a7c564a66,"C++ source, ASCII text",C++,False,scanned,NONE,BSD-3-Clause,ext/libpqxx-7.7.3/COPYING,high,
ext/libpqxx-7.7.3/src/strconv.cxx,100644,22533,b5a8d4ef84fc27de8a02a8a0b72adbd3e97274a97bc21a9d4095003621a07208,"C++ source, ASCII text",C++,False,scanned,NONE,BSD-3-Clause,ext/libpqxx-7.7.3/COPYING,high,
ext/libpqxx-7.7.3/src/stream_from.cxx,100644,8115,b9b46de0bfdc90d31aadc9f0e2c85ed8a0b2c44b2a49208d4db292f0e4975553,"C source, ASCII text",C++,False,scanned,NONE,BSD-3-Clause,ext/libpqxx-7.7.3/COPYING,high,
ext/libpqxx-7.7.3/src/stream_to.cxx,100644,4455,63a8aad1b1745a443983e7a061d73f347490f0f5d533215e1b51072cf1937de5,"C++ source, ASCII text",C++,False,scanned,NONE,BSD-3-Clause,ext/libpqxx-7.7.3/COPYING,high,
ext/libpqxx-7.7.3/src/subtransaction.cxx,100644,1752,6cdfe8cada7bc35f4733ccc3ac05264f435c2c4396de5808d68ec822317dee78,"C++ source, ASCII text",C++,False,scanned,NONE,BSD-3-Clause,ext/libpqxx-7.7.3/COPYING,high,
ext/libpqxx-7.7.3/src/time.cxx,100644,7289,0c3245e6968118580a673007ebcb07f8dfb50bd9d60db51a3d3e20522dd8150f,"C++ source, ASCII text",C++,False,scanned,NONE,BSD-3-Clause,ext/libpqxx-7.7.3/COPYING,high,
ext/libpqxx-7.7.3/src/transaction.cxx,100644,3283,9feaffca2a7549c9d2073422b5d64691fddcf03464c0c0d86763ae7092cd0d05,"C source, ASCII text",C++,False,scanned,NONE,BSD-3-Clause,ext/libpqxx-7.7.3/COPYING,high,
ext/libpqxx-7.7.3/src/transaction_base.cxx,100644,13324,e73d8309e99b564650d49dff02e4ae9ab8fc67fa268229fdcee26343ab810ccf,"C++ source, ASCII text",C++,False,scanned,NONE,BSD-3-Clause,ext/libpqxx-7.7.3/COPYING,high,
ext/libpqxx-7.7.3/src/util.cxx,100644,5301,c052c989ff5e516f804bdf1e092af5b14130d73434380f4fef36c9b72c9922d2,"C++ source, ASCII text",C++,False,scanned,NONE,BSD-3-Clause,ext/libpqxx-7.7.3/COPYING,high,
ext/libpqxx-7.7.3/src/version.cxx,100644,750,926f0074e6f007259db3cbbb8428f8e5fd5238eee42bd83c6384e51a53699332,"C source, ASCII text",C++,False,scanned,NONE,BSD-3-Clause,ext/libpqxx-7.7.3/COPYING,high,
ext/libpqxx-7.7.3/src/wait.cxx,100644,3422,32e0ab8a66dcbc0a5f4c1ba482d436c9017a11811a8a203a4e7404dcf5554b4d,"C source, ASCII text",C++,False,scanned,NONE,BSD-3-Clause,ext/libpqxx-7.7.3/COPYING,high,
ext/libpqxx-7.7.3/test/CMakeLists.txt,100644,527,b8dce66e660a86fe27376db82ce91ae3952d39f52d63f1fbdfcb5dbaf3690203,ASCII text,,False,scanned,NONE,BSD-3-Clause,ext/libpqxx-7.7.3/COPYING,high,
ext/libpqxx-7.7.3/test/Makefile.am,100644,3377,8df2bc56c11e2cfa3c2d6e2a0d9dafbb7403b2c180047760d9ee6b3465222a52,ASCII text,,False,scanned,NONE,BSD-3-Clause,ext/libpqxx-7.7.3/COPYING,high,
ext/libpqxx-7.7.3/test/Makefile.am.template,100644,1086,ff179cfac1537c02cdfe46d1252a6f7270293e29cb835261334221962664da04,ASCII text,,False,scanned,NONE,BSD-3-Clause,ext/libpqxx-7.7.3/COPYING,high,
ext/libpqxx-7.7.3/test/Makefile.in,100644,48715,243f112db2c1533f45c297e0d4697ca6a6c84f911adb68c16aee1ff6a04aee66,"makefile script, ASCII text, with escape sequences",,False,scanned,FSFULLRWD,BSD-3-Clause,ext/libpqxx-7.7.3/COPYING,high,
ext/libpqxx-7.7.3/test/runner.cxx,100644,5004,cd23be29e65cb776aef34209040795fe0754c7cae6d394bfcc8b751a13ea69a6,"C source, ASCII text",C++,False,scanned,NONE,BSD-3-Clause,ext/libpqxx-7.7.3/COPYING,high,
ext/libpqxx-7.7.3/test/test00.cxx,100644,3069,95c7a6bd779816c62a58751eb33d41c1b83d829d30e3b1e9c836fbf25f942f5e,"C++ source, ASCII text",C++,False,scanned,NONE,BSD-3-Clause,ext/libpqxx-7.7.3/COPYING,high,
ext/libpqxx-7.7.3/test/test01.cxx,100644,721,fa68b8e1313b1fc4b16feec804abca138f5675ee95190fc7ed571497bfb18632,"C source, ASCII text",C++,False,scanned,NONE,BSD-3-Clause,ext/libpqxx-7.7.3/COPYING,high,
ext/libpqxx-7.7.3/test/test02.cxx,100644,2247,3ce85ff65b90afa609dbcbd304447f74134f22c54b06362195bcda58edec9929,"C source, ASCII text",C++,False,scanned,NONE,BSD-3-Clause,ext/libpqxx-7.7.3/COPYING,high,
ext/libpqxx-7.7.3/test/test04.cxx,100644,1703,44a931be9124d90b3ec113d28d4de1fb0ad781f9c3815bdb0024ecffe65ae80b,"C++ source, ASCII text",C++,False,scanned,NONE,BSD-3-Clause,ext/libpqxx-7.7.3/COPYING,high,
ext/libpqxx-7.7.3/test/test07.cxx,100644,3715,330399a2fa2741be007f9806a14d1f793a20dac771e3df63258dc9d33b86f7d8,"C source, ASCII text",C++,False,scanned,NONE,BSD-3-Clause,ext/libpqxx-7.7.3/COPYING,high,
ext/libpqxx-7.7.3/test/test10.cxx,100644,2978,c8b2a3e4edde145a63228d8304574c45f1f54af204adee009eec8a55ef8b5347,"C source, ASCII text",C++,False,scanned,NONE,BSD-3-Clause,ext/libpqxx-7.7.3/COPYING,high,
ext/libpqxx-7.7.3/test/test11.cxx,100644,2204,63e2906ee345551390d77fb71eb92eb62adb2e9c268ac42c53f717255853fdae,"C source, ASCII text",C++,False,scanned,NONE,BSD-3-Clause,ext/libpqxx-7.7.3/COPYING,high,
ext/libpqxx-7.7.3/test/test13.cxx,100644,2258,8270257a38e436fe7ee9629cdea45ba1362374517c3deb20172f9cfe7473bc53,"C source, ASCII text",C++,False,scanned,NONE,BSD-3-Clause,ext/libpqxx-7.7.3/COPYING,high,
ext/libpqxx-7.7.3/test/test14.cxx,100644,946,e3b5bec08c476ba3a10d11f4524ee61aea3d77f1cdf346a84e3d1a32a29c3e48,"C source, ASCII text",C++,False,scanned,NONE,BSD-3-Clause,ext/libpqxx-7.7.3/COPYING,high,
ext/libpqxx-7.7.3/test/test16.cxx,100644,1006,6a6acbdb5e30e83fbe14f8d20a620d70ef527ce40d3d7d42727204337b024eb2,"C source, ASCII text",C++,False,scanned,NONE,BSD-3-Clause,ext/libpqxx-7.7.3/COPYING,high,
ext/libpqxx-7.7.3/test/test17.cxx,100644,607,b95f7383bb08b09de08107922d56fd4e85e6490aef0997fae50d0ba79d474245,"C source, ASCII text",C++,False,scanned,NONE,BSD-3-Clause,ext/libpqxx-7.7.3/COPYING,high,
ext/libpqxx-7.7.3/test/test18.cxx,100644,2139,8b684aae7d44fec3b47574cefe6371f1648c98206ed621a0f9de7f56fa1d7b78,"C source, ASCII text",C++,False,scanned,NONE,BSD-3-Clause,ext/libpqxx-7.7.3/COPYING,high,
ext/libpqxx-7.7.3/test/test20.cxx,100644,2342,3f6559811596e0138ed65508ccc5117a025caeb6a8391654dc052ac344340ee9,"C source, ASCII text",C++,False,scanned,NONE,BSD-3-Clause,ext/libpqxx-7.7.3/COPYING,high,
ext/libpqxx-7.7.3/test/test21.cxx,100644,1579,c1ced3837f8199190a5b4df635aeadd9b0c4ab93f82aa02d87cfe750e9acf1cf,"C source, ASCII text",C++,False,scanned,NONE,BSD-3-Clause,ext/libpqxx-7.7.3/COPYING,high,
ext/libpqxx-7.7.3/test/test26.cxx,100644,2028,48dd32ab7285e20f4b3b0afe71cf4f1569cbde055adea67820963f760504cba0,"C source, ASCII text",C++,False,scanned,NONE,BSD-3-Clause,ext/libpqxx-7.7.3/COPYING,high,
ext/libpqxx-7.7.3/test/test29.cxx,100644,3051,cd4b3aec89f544d1ebef4aa5ee63202d2b2db2eee7f110b7f16ea14a31353ddd,"C source, ASCII text",C++,False,scanned,NONE,BSD-3-Clause,ext/libpqxx-7.7.3/COPYING,high,
ext/libpqxx-7.7.3/test/test30.cxx,100644,1792,2eb4ee381acc1bd18734acc1e4e8e5836dfb84fdb32e2f82565946e8c7cabb3a,"C source, ASCII text",C++,False,scanned,NONE,BSD-3-Clause,ext/libpqxx-7.7.3/COPYING,high,
ext/libpqxx-7.7.3/test/test32.cxx,100644,2004,bff3904ccce7c3e55d215ba3a90bb4735bd5706fbb87840fe561e839fb50f285,"C source, ASCII text",C++,False,scanned,NONE,BSD-3-Clause,ext/libpqxx-7.7.3/COPYING,high,
ext/libpqxx-7.7.3/test/test37.cxx,100644,2098,f5161e0acff238b6b91dfa0994a8251eb5f27e8558059897376359937c546d97,"C source, ASCII text",C++,False,scanned,NONE,BSD-3-Clause,ext/libpqxx-7.7.3/COPYING,high,
ext/libpqxx-7.7.3/test/test39.cxx,100644,2056,f33546e89c0c7cfdfa06d7d8fcb4a53fe4e28337cb978be386126db99841b675,"C source, ASCII text",C++,False,scanned,NONE,BSD-3-Clause,ext/libpqxx-7.7.3/COPYING,high,
ext/libpqxx-7.7.3/test/test46.cxx,100644,1846,8ed7431005c322572804e23d1778afc45b1d16fcea8e421071ef759f00148fe2,"C source, ASCII text",C++,False,scanned,NONE,BSD-3-Clause,ext/libpqxx-7.7.3/COPYING,high,
ext/libpqxx-7.7.3/test/test56.cxx,100644,445,fc3089c8e11b8d8459b9d92492bd738dc3b75d8f84ee648adbb9561ed9714be1,"C source, ASCII text",C++,False,scanned,NONE,BSD-3-Clause,ext/libpqxx-7.7.3/COPYING,high,
ext/libpqxx-7.7.3/test/test60.cxx,100644,2044,dc43e2a766810b322247c64ee8004d655a0ce69e3e362b01ead33ebc3f99a4e2,"C source, ASCII text",C++,False,scanned,NONE,BSD-3-Clause,ext/libpqxx-7.7.3/COPYING,high,
ext/libpqxx-7.7.3/test/test61.cxx,100644,1412,fcab864fad9273ad330490a6b39576917949b1b9f553f20dc83b7840bd8c0764,"C source, ASCII text",C++,False,scanned,NONE,BSD-3-Clause,ext/libpqxx-7.7.3/COPYING,high,
ext/libpqxx-7.7.3/test/test62.cxx,100644,1558,66eb70d88aee6445e41f24bebd44ebd70d3011fa2c614564dfa40fb58ee6560e,"C source, ASCII text",C++,False,scanned,NONE,BSD-3-Clause,ext/libpqxx-7.7.3/COPYING,high,
ext/libpqxx-7.7.3/test/test69.cxx,100644,1122,ba95f3b69540c0b5dd738750527f910d68b47c050d6e1951454de95881d68200,"C source, ASCII text",C++,False,scanned,NONE,BSD-3-Clause,ext/libpqxx-7.7.3/COPYING,high,
ext/libpqxx-7.7.3/test/test70.cxx,100644,2796,6ed7c389098c30fd9278b4d9d251d03117ecbe2b1924e3791ba536e6f17b1205,"C source, ASCII text",C++,False,scanned,NONE,BSD-3-Clause,ext/libpqxx-7.7.3/COPYING,high,
ext/libpqxx-7.7.3/test/test71.cxx,100644,1826,6c53a3f1ba6b71b4277111b3496f09b295be7002080f2769f2e02d5544fd4585,"C source, ASCII text",C++,False,scanned,NONE,BSD-3-Clause,ext/libpqxx-7.7.3/COPYING,high,
ext/libpqxx-7.7.3/test/test72.cxx,100644,1377,bc6f32d6627fa8229b189451ea9b8d18308bcf72ac6056d78ff2c2cea5fbe995,"C source, ASCII text",C++,False,scanned,NONE,BSD-3-Clause,ext/libpqxx-7.7.3/COPYING,high,
ext/libpqxx-7.7.3/test/test74.cxx,100644,1921,f67a720842e9e646ddbdfcf89755fe761b7e5b252f257b48688fbf052a3492cf,"C source, ASCII text",C++,False,scanned,NONE,BSD-3-Clause,ext/libpqxx-7.7.3/COPYING,high,
ext/libpqxx-7.7.3/test/test75.cxx,100644,3985,c331dba8e8680bce1d1c6bc98e63dcddd6d9d42adcc10f327280eccc19770b88,"C source, ASCII text",C++,False,scanned,NONE,BSD-3-Clause,ext/libpqxx-7.7.3/COPYING,high,
ext/libpqxx-7.7.3/test/test76.cxx,100644,1771,a7a3748a56ee3d505f66f63066ef5a9216592c787531cebabaf2690bcd4b3e81,"C source, ASCII text",C++,False,scanned,NONE,BSD-3-Clause,ext/libpqxx-7.7.3/COPYING,high,
ext/libpqxx-7.7.3/test/test77.cxx,100644,673,17e052969fcac9e082cf9e8b42804d4a64868a5705c625f838b9e370e33b79b1,"C source, ASCII text",C++,False,scanned,NONE,BSD-3-Clause,ext/libpqxx-7.7.3/COPYING,high,
ext/libpqxx-7.7.3/test/test78.cxx,100644,1612,dbd520d247988830414a46f11f6dcf2baf7c9eb22096341f003c694fcf69a3ed,"C++ source, ASCII text",C++,False,scanned,NONE,BSD-3-Clause,ext/libpqxx-7.7.3/COPYING,high,
ext/libpqxx-7.7.3/test/test79.cxx,100644,1706,85d0e195fe2c5899a3223ab00c4990c85c1663067139950fb38a6163c4383bfb,"C++ source, ASCII text",C++,False,scanned,NONE,BSD-3-Clause,ext/libpqxx-7.7.3/COPYING,high,
ext/libpqxx-7.7.3/test/test82.cxx,100644,5128,4e2fe380b5feb4189f6323fa3d619a9b5e16620c80c0850626163b13d607ff40,"C source, ASCII text",C++,False,scanned,NONE,BSD-3-Clause,ext/libpqxx-7.7.3/COPYING,high,
ext/libpqxx-7.7.3/test/test84.cxx,100644,3152,df2c1a27dabb6a9bc0a7a2ed388e236cf81ae8829cb46e73b03bfc3921026fdb,"C source, ASCII text",C++,False,scanned,NONE,BSD-3-Clause,ext/libpqxx-7.7.3/COPYING,high,
ext/libpqxx-7.7.3/test/test87.cxx,100644,1972,d8a0f7f76fee404b92886548573280fc21a6ff7ec86a644c8d4bbf63c5a05b2f,"C++ source, ASCII text",C++,False,scanned,NONE,BSD-3-Clause,ext/libpqxx-7.7.3/COPYING,high,
ext/libpqxx-7.7.3/test/test88.cxx,100644,2990,b64cb78912cef011b9b69c78b5c8ce4cc34b4ca122ece0cc3d8682de0dff7a77,"C source, ASCII text",C++,False,scanned,NONE,BSD-3-Clause,ext/libpqxx-7.7.3/COPYING,high,
ext/libpqxx-7.7.3/test/test89.cxx,100644,1022,68ec50825d00393c5383b6358e8e987949204d69451460448d7f24244234afa3,"C source, ASCII text",C++,False,scanned,NONE,BSD-3-Clause,ext/libpqxx-7.7.3/COPYING,high,
ext/libpqxx-7.7.3/test/test90.cxx,100644,436,6d80b321c9a40c44339e8b791737a3d71024dfa5d4da8ecd629755b9fbdfc63a,"C source, ASCII text",C++,False,scanned,NONE,BSD-3-Clause,ext/libpqxx-7.7.3/COPYING,high,
ext/libpqxx-7.7.3/test/test_helpers.hxx,100644,13617,0986513194ec836cb83f22d707fb8f8b76d6df8813d19fd406ebe672e1b2e1ab,"C++ source, ASCII text",C++,False,scanned,NONE,BSD-3-Clause,ext/libpqxx-7.7.3/COPYING,high,
ext/libpqxx-7.7.3/test/test_types.hxx,100644,5980,a9e9a525d6a20e35df117bcb6f58f500cefeed3182a48d4f0073fe2cd4938fa8,"C++ source, ASCII text",C++,False,scanned,NONE,BSD-3-Clause,ext/libpqxx-7.7.3/COPYING,high,
ext/libpqxx-7.7.3/test/unit/CMakeLists.txt,100644,697,9de7493a5fec82705bc23f86d411b5357a013939ff6fd84db2a990939f116556,ASCII text,,False,scanned,NONE,BSD-3-Clause,ext/libpqxx-7.7.3/COPYING,high,
ext/libpqxx-7.7.3/test/unit/test_array.cxx,100644,17184,a84858e9b6c17df76faf80c2907ea97890f0bef0563ae8692986f4690c86c5e2,"C++ source, ASCII text",C++,False,scanned,NONE,BSD-3-Clause,ext/libpqxx-7.7.3/COPYING,high,
ext/libpqxx-7.7.3/test/unit/test_binarystring.cxx,100644,7997,2abd75cd0483edf4484695b3f516ad8446435a4896d1319f852be5c7abca4cf0,"C source, ASCII text",C++,False,scanned,NONE,BSD-3-Clause,ext/libpqxx-7.7.3/COPYING,high,
ext/libpqxx-7.7.3/test/unit/test_blob.cxx,100644,18214,a0f9555b29388c56c4b998756f607a02d89804309ef33b876e559d9b22078eaa,"C source, ASCII text",C++,False,scanned,NONE,BSD-3-Clause,ext/libpqxx-7.7.3/COPYING,high,
ext/libpqxx-7.7.3/test/unit/test_cancel_query.cxx,100644,553,8f6cee8bedaf179efb2499f520b372117305751295b7771e9e31ea00a7395664,"C source, ASCII text",C++,False,scanned,NONE,BSD-3-Clause,ext/libpqxx-7.7.3/COPYING,high,
ext/libpqxx-7.7.3/test/unit/test_column.cxx,100644,1936,1e60b7ac6ed10d7f6eaf5bd841225b32d595b93f761cba66186ce2354f241560,"C source, ASCII text",C++,False,scanned,NONE,BSD-3-Clause,ext/libpqxx-7.7.3/COPYING,high,
ext/libpqxx-7.7.3/test/unit/test_composite.cxx,100644,2882,15e5adcf2c4f83ffc93f3039b7cbbf6d6100de5698eaf33c49b09fb9a083fade,"C source, ASCII text",C++,False,scanned,NONE,BSD-3-Clause,ext/libpqxx-7.7.3/COPYING,high,
ext/libpqxx-7.7.3/test/unit/test_connection.cxx,100644,6213,59b642a1f20b3d44621b70d097e05b9b4f0ba28b6441c19d5d3e23985667135b,"C source, ASCII text",C++,False,scanned,NONE,BSD-3-Clause,ext/libpqxx-7.7.3/COPYING,high,
ext/libpqxx-7.7.3/test/unit/test_cursor.cxx,100644,1480,190bdb91a9c350c318de48295ecd4108bcf098a59f6d2428ed7fba3f7f595e9d,"C source, ASCII text",C++,False,scanned,NONE,BSD-3-Clause,ext/libpqxx-7.7.3/COPYING,high,
ext/libpqxx-7.7.3/test/unit/test_encodings.cxx,100644,3178,91173d54e17bce7943029e98579ce8c7017de3cc78d02c5facea3e8da06fe7f1,"C source, ASCII text",C++,False,scanned,NONE,BSD-3-Clause,ext/libpqxx-7.7.3/COPYING,high,
ext/libpqxx-7.7.3/test/unit/test_error_verbosity.cxx,100644,907,efe3bf334b59ef72c8a51ba5706ffa3baf511daae52402ab9b742a97f56490d8,"C source, ASCII text",C++,False,scanned,NONE,BSD-3-Clause,ext/libpqxx-7.7.3/COPYING,high,
ext/libpqxx-7.7.3/test/unit/test_errorhandler.cxx,100644,7031,1d59dfb5280e0fff50e68ec889cbecd6a87c8dc70c78d151d1ac4808e78f9feb,"C++ source, ASCII text",C++,False,scanned,NONE,BSD-3-Clause,ext/libpqxx-7.7.3/COPYING,high,
ext/libpqxx-7.7.3/test/unit/test_escape.cxx,100644,6921,13fa73bfa48f3458044758b26ae8448a11144e19e3cb03f0deb3b9589982c468,"C++ source, ASCII text",C++,False,scanned,NONE,BSD-3-Clause,ext/libpqxx-7.7.3/COPYING,high,
ext/libpqxx-7.7.3/test/unit/test_exceptions.cxx,100644,994,aeff498cd90ed220874657a785e7f42e205d47d5120859291d893d593ae8f35e,"C source, ASCII text",C++,False,scanned,NONE,BSD-3-Clause,ext/libpqxx-7.7.3/COPYING,high,
ext/libpqxx-7.7.3/test/unit/test_field.cxx,100644,1804,89a880f78661e7c4f63e34c99d2e3c49494a94d0d1bd0378e09b4bcb6af2467e,"C source, ASCII text",C++,False,scanned,NONE,BSD-3-Clause,ext/libpqxx-7.7.3/COPYING,high,
ext/libpqxx-7.7.3/test/unit/test_float.cxx,100644,5905,1b5abeb0e85073e767bf62fcac38bbde9bccf476df6b6cf6b9594a170d3b4794,"C source, ASCII text",C++,False,scanned,NONE,BSD-3-Clause,ext/libpqxx-7.7.3/COPYING,high,
ext/libpqxx-7.7.3/test/unit/test_largeobject.cxx,100644,1855,6b103a506cdb181e961c35edccc7d73fdcf22dbaca786d291781dbb50bfd1a58,"C source, ASCII text",C++,False,scanned,NONE,BSD-3-Clause,ext/libpqxx-7.7.3/COPYING,high,
ext/libpqxx-7.7.3/test/unit/test_nonblocking_connect.cxx,100644,521,cbb4f403a723f457e2c012ff6ec5fa0aa3b4d2246385b18f210d78756a4c2df1,"C source, ASCII text",C++,False,scanned,NONE,BSD-3-Clause,ext/libpqxx-7.7.3/COPYING,high,
ext/libpqxx-7.7.3/test/unit/test_notification.cxx,100644,1995,a21277df3318146531c66d4ab82997cbf2e339f68e3b6142af37fff9c697291b,"C++ source, ASCII text",C++,False,scanned,NONE,BSD-3-Clause,ext/libpqxx-7.7.3/COPYING,high,
ext/libpqxx-7.7.3/test/unit/test_pipeline.cxx,100644,2064,b1fcc517842e96d40cd1d7f134b810b53ae6c69a30632fa9cc7ea511b7d28b83,"C source, ASCII text",C++,False,scanned,NONE,BSD-3-Clause,ext/libpqxx-7.7.3/COPYING,high,
ext/libpqxx-7.7.3/test/unit/test_prepared_statement.cxx,100644,10723,36ad86df1276ca8c37d115aad190534fe86da58bbb0840daa4c60791aa9bb2c4,"C++ source, ASCII text",C++,False,scanned,NONE,BSD-3-Clause,ext/libpqxx-7.7.3/COPYING,high,
ext/libpqxx-7.7.3/test/unit/test_range.cxx,100644,20247,cdce6113f810c0b11dd2a775a999dbe2b8a51a83dd991197868eaca71785e01e,"C source, ASCII text",C++,False,scanned,NONE,BSD-3-Clause,ext/libpqxx-7.7.3/COPYING,high,
ext/libpqxx-7.7.3/test/unit/test_read_transaction.cxx,100644,490,ecdd75567783a64795756da530980c4280abad3a55efdd464f2cf060d4cdb7b7,"C source, ASCII text",C++,False,scanned,NONE,BSD-3-Clause,ext/libpqxx-7.7.3/COPYING,high,
ext/libpqxx-7.7.3/test/unit/test_result_iteration.cxx,100644,4030,1db4e2ff321b079c98c35a5864a8c9e8fa24a64b8b52ad862144075f19621647,"C source, ASCII text",C++,False,scanned,NONE,BSD-3-Clause,ext/libpqxx-7.7.3/COPYING,high,
ext/libpqxx-7.7.3/test/unit/test_result_slicing.cxx,100644,5213,05e0b523b8227d4e7b1a331f5638d290f9aba8a9bb0a2e22c3f4c7be3ba08c33,"C++ source, ASCII text",C++,False,scanned,NONE,BSD-3-Clause,ext/libpqxx-7.7.3/COPYING,high,
ext/libpqxx-7.7.3/test/unit/test_row.cxx,100644,2817,042d78ef007be962487bd0af43c5c614ae3785882749570e095bd45b38b890b7,"C source, ASCII text",C++,False,scanned,NONE,BSD-3-Clause,ext/libpqxx-7.7.3/COPYING,high,
ext/libpqxx-7.7.3/test/unit/test_separated_list.cxx,100644,787,089b085566139b29d835746bbc9e723251028a94af247e290a35219063243701,"C source, ASCII text",C++,False,scanned,NONE,BSD-3-Clause,ext/libpqxx-7.7.3/COPYING,high,
ext/libpqxx-7.7.3/test/unit/test_simultaneous_transactions.cxx,100644,405,10f7c4c18c87a25cfee03fcf5827ba798ff40297522eddc5d91281c9426cc65d,"C source, ASCII text",C++,False,scanned,NONE,BSD-3-Clause,ext/libpqxx-7.7.3/COPYING,high,
ext/libpqxx-7.7.3/test/unit/test_sql_cursor.cxx,100644,11065,13e2f37abc3e1fd178ecbe41783c3da8eeff5be97be7165ac3ad34cc4965582d,"C source, ASCII text",C++,False,scanned,NONE,BSD-3-Clause,ext/libpqxx-7.7.3/COPYING,high,
ext/libpqxx-7.7.3/test/unit/test_stateless_cursor.cxx,100644,3179,2d9ade2799f25faf61c9829d0df7b459f4db79447e7b8940a6685acf5ec0e8b9,"C source, ASCII text",C++,False,scanned,NONE,BSD-3-Clause,ext/libpqxx-7.7.3/COPYING,high,
ext/libpqxx-7.7.3/test/unit/test_strconv.cxx,100644,4274,bbe468ebea7c2690c642fa229c033203a3a3268aeb083a0651045febfc1bab49,"C++ source, ASCII text",C++,False,scanned,NONE,BSD-3-Clause,ext/libpqxx-7.7.3/COPYING,high,
ext/libpqxx-7.7.3/test/unit/test_stream_from.cxx,100644,11192,e750c42cb77796dda15872b363ea2848a51070dadd17b8b6bce9416b8a49f4b5,"C++ source, ASCII text",C++,False,scanned,NONE,BSD-3-Clause,ext/libpqxx-7.7.3/COPYING,high,
ext/libpqxx-7.7.3/test/unit/test_stream_to.cxx,100644,13506,685dfe1b0810d5a74198c6753bdf89693a2a4b6841f255287ee4cbea8a638cc2,"C++ source, ASCII text",C++,False,scanned,NONE,BSD-3-Clause,ext/libpqxx-7.7.3/COPYING,high,
ext/libpqxx-7.7.3/test/unit/test_string_conversion.cxx,100644,5618,732159188452504936b83a9d0e3722c6f075a8895a90b81ca82a4fd42a7abb8d,"C++ source, ASCII text",C++,False,scanned,NONE,BSD-3-Clause,ext/libpqxx-7.7.3/COPYING,high,
ext/libpqxx-7.7.3/test/unit/test_subtransaction.cxx,100644,1607,7831ff0ff6bbd95aecd42fd73cd5aa7e3e0b5b9f7d7cccca976eb89bd37e0fb5,"C source, ASCII text",C++,False,scanned,NONE,BSD-3-Clause,ext/libpqxx-7.7.3/COPYING,high,
ext/libpqxx-7.7.3/test/unit/test_test_helpers.cxx,100644,6433,456db7f53019241cba84ed8d3e9dc47837f7b3d68e76088d24c619fc390cae41,"C source, ASCII text",C++,False,scanned,NONE,BSD-3-Clause,ext/libpqxx-7.7.3/COPYING,high,
ext/libpqxx-7.7.3/test/unit/test_thread_safety_model.cxx,100644,515,470f978325508d3802598802e2f8fdb16eaa87f04585304f6ace5be3364e1a09,"C source, ASCII text",C++,False,scanned,NONE,BSD-3-Clause,ext/libpqxx-7.7.3/COPYING,high,
ext/libpqxx-7.7.3/test/unit/test_time.cxx,100644,2369,b29f06b9355ebfb602a45df81b1be2fb5a149e19024730296b03c2f9386832fd,"C++ source, ASCII text",C++,False,scanned,NONE,BSD-3-Clause,ext/libpqxx-7.7.3/COPYING,high,
ext/libpqxx-7.7.3/test/unit/test_transaction.cxx,100644,2329,7f22143cf82c576ff20885411475c2da2fa06cd564a7259f460a11ac97033827,"C source, ASCII text",C++,False,scanned,NONE,BSD-3-Clause,ext/libpqxx-7.7.3/COPYING,high,
ext/libpqxx-7.7.3/test/unit/test_transaction_base.cxx,100644,3043,5f80c05bf006d611c4449fc565825114f93ecd0526c077c3c2158ba13ed33bb2,"C source, ASCII text",C++,False,scanned,NONE,BSD-3-Clause,ext/libpqxx-7.7.3/COPYING,high,
ext/libpqxx-7.7.3/test/unit/test_transaction_focus.cxx,100644,1399,535f5d613210fbe293a65b03efefee08fc0c23449ef42faf705d7689c9b5b067,"C source, ASCII text",C++,False,scanned,NONE,BSD-3-Clause,ext/libpqxx-7.7.3/COPYING,high,
ext/libpqxx-7.7.3/test/unit/test_transactor.cxx,100644,3538,91b554aa1422262908ea040127408ff11db05b2b9352cf337129c1bbf9fcc09f,"C source, ASCII text",C++,False,scanned,NONE,BSD-3-Clause,ext/libpqxx-7.7.3/COPYING,high,
ext/libpqxx-7.7.3/test/unit/test_type_name.cxx,100644,574,efc31a2d7753683bbde3abce4fc560d217d47583d33ba982a32036dc9149d0f3,"C source, ASCII text",C++,False,scanned,NONE,BSD-3-Clause,ext/libpqxx-7.7.3/COPYING,high,
ext/libpqxx-7.7.3/test/unit/test_zview.cxx,100644,265,e90f497d6d5d8f59c75883bdfc62a5a8b3ea8bcae0e6695b6b673784ca430435,"C source, ASCII text",C++,False,scanned,NONE,BSD-3-Clause,ext/libpqxx-7.7.3/COPYING,high,
ext/libpqxx-7.7.3/tools/Makefile.am,100644,608,50172df653f81973ce81d389cf069fa0631ffb3b033b445b1b02194d17ec353f,ASCII text,,False,scanned,NONE,BSD-3-Clause,ext/libpqxx-7.7.3/COPYING,high,
ext/libpqxx-7.7.3/tools/Makefile.in,100644,19705,0b207561ac511ff6f0c9e4f73b43238cf4301912f4c5988d62369c6a44ade641,"makefile script, ASCII text",,False,scanned,FSFULLRWD,BSD-3-Clause,ext/libpqxx-7.7.3/COPYING,high,
ext/libpqxx-7.7.3/tools/deprecations,100755,143,ec623a412d6ac505c2f5b6638b47c31b8137fc045d5391a9bc4fc9b47d35c097,"POSIX shell script, ASCII text executable",Bash,False,scanned,NONE,BSD-3-Clause,ext/libpqxx-7.7.3/COPYING,high,
ext/libpqxx-7.7.3/tools/extract_version,100755,1324,baa66f0762afb8bbf94ed7088370430658830c7d3fdaa92329c127869967144b,"POSIX shell script, ASCII text executable",Bash,False,scanned,NONE,BSD-3-Clause,ext/libpqxx-7.7.3/COPYING,high,
ext/libpqxx-7.7.3/tools/format,100755,535,6cce9f20480f1facbe164f70ad86b6e3bdacb2fd4680740f4e627fedb7bcb53f,"Bourne-Again shell script, ASCII text executable",Bash,False,scanned,NONE,BSD-3-Clause,ext/libpqxx-7.7.3/COPYING,high,
ext/libpqxx-7.7.3/tools/lint,100755,4879,e1041024e7618af197a6beb01fa9dc883b80867cbdb12945cc87a8d06cb53331,"Bourne-Again shell script, ASCII text executable",Bash,False,scanned,NONE,BSD-3-Clause,ext/libpqxx-7.7.3/COPYING,high,
ext/libpqxx-7.7.3/tools/m4esc.py,100755,1655,63f3c8ffb3f223e1997caad73cffc70e5124a4e92be7fbcb402efe32d6ed5266,"Python script, ASCII text executable",Python,False,scanned,NONE,BSD-3-Clause,ext/libpqxx-7.7.3/COPYING,high,
ext/libpqxx-7.7.3/tools/pqxxthreadsafety.cxx,100644,193,470bffd2405ae1a1318a6d7e1ef483e47e46192b189504575426e0514fee033b,"C source, ASCII text",C++,False,scanned,NONE,BSD-3-Clause,ext/libpqxx-7.7.3/COPYING,high,
ext/libpqxx-7.7.3/tools/rmlo.cxx,100644,719,e40c6b0282fd8ad2377072035f9e5f935c1c8534aeff3631fd178e430f4fd2dd,"C source, ASCII text",C++,False,scanned,NONE,BSD-3-Clause,ext/libpqxx-7.7.3/COPYING,high,
ext/libpqxx-7.7.3/tools/splitconfig,100755,8057,73271a8cf4abfb30dac979197211171e01f39c96af98cb8b6d2bf6c6814c3129,"Python script, ASCII text executable",Python,False,scanned,NONE,BSD-3-Clause,ext/libpqxx-7.7.3/COPYING,high,
ext/libpqxx-7.7.3/tools/template2mak.py,100755,5442,29818dce1f81afca19fec3930d159ab6d5c010336c74505b51c3b6ac32167bfb,"Python script, ASCII text executable",Python,False,scanned,NONE,BSD-3-Clause,ext/libpqxx-7.7.3/COPYING,high,
ext/libpqxx-7.7.3/tools/test_all.py,100755,18402,d027bd88651901f67acf792d7b69ff7dce803e495a590de1532cdf6f3aec0657,"Python script, ASCII text executable",Python,False,scanned,NONE,BSD-3-Clause,ext/libpqxx-7.7.3/COPYING,high,
ext/libpqxx-7.7.3/tools/todo,100755,594,ae45835e2348e0f81a1fcf42a264db98c5e6534a4b5340cac92dbaa3f9f43fe4,"Bourne-Again shell script, ASCII text executable",Bash,False,scanned,NONE,BSD-3-Clause,ext/libpqxx-7.7.3/COPYING,high,
ext/libpqxx-7.7.3/tools/update-copyright,100755,998,0aad73c4cc57f4db575352dec8d29433a897f18bf317e2037ab0898ebb63ef48,"Bourne-Again shell script, ASCII text executable",Bash,False,scanned,NONE,BSD-3-Clause,ext/libpqxx-7.7.3/COPYING,high,
ext/miniupnpc/Changelog.txt,100644,16910,5431e42b557737b65cbd0a19ea6d7960f08285128b0cde8bf8178f22327c5315,UTF-8 Unicode text,,False,scanned,NONE,BSD-3-Clause,ext/miniupnpc/LICENSE,high,
ext/miniupnpc/LICENSE,100644,1480,e2df21b3d4b1a84a0ac31d808a3ff330fdf3602e0839a526d3df2fcfba287ac4,ASCII text,,False,scanned,BSD-3-Clause,BSD-3-Clause,ext/miniupnpc/LICENSE,high,
ext/miniupnpc/README,100644,2001,d34b1cf464eff22aa6e07a3822b6fb7f44a8eb72104ce04609d2346e61061171,ASCII text,Haxe,False,scanned,NONE,BSD-3-Clause,ext/miniupnpc/LICENSE,high,
ext/miniupnpc/VERSION,100644,4,d526eb4e878a23ef26ae190031b4efd2d58ed66789ac049ea3dbaf74c9df7402,ASCII text,,False,scanned,NONE,BSD-3-Clause,ext/miniupnpc/LICENSE,high,
ext/miniupnpc/codelength.h,100644,1557,068de5440732ca6f61d42a4082c54fb2ba2d8ddf8d6b302d42194f30cf9776e7,"C source, ASCII text",C,False,scanned,NONE,BSD-3-Clause,ext/miniupnpc/LICENSE,high,
ext/miniupnpc/connecthostport.c,100644,6840,a425c45b1363e924915a338c31484c34319c543c343e70c360d980aac13fa726,"C source, ASCII text",C,False,scanned,NONE,BSD-3-Clause,ext/miniupnpc/LICENSE,high,
ext/miniupnpc/connecthostport.h,100644,591,9ab2513ebc64a9efcd416274a1254626a92ff8f753978a823857a416375e70fe,"C source, ASCII text",C,False,scanned,NONE,BSD-3-Clause,ext/miniupnpc/LICENSE,high,
ext/miniupnpc/igd_desc_parse.c,100644,4622,ae6538fb6148006571f2ea147fb1fd46304ae90e52a9d50fc64be33e19620aed,"C source, ASCII text",C,False,scanned,NONE,BSD-3-Clause,ext/miniupnpc/LICENSE,high,
ext/miniupnpc/igd_desc_parse.h,100644,1629,5eeadc320738830150088228385754491e9c672da0c06dc621442eb53488e428,"C source, ASCII text",C,False,scanned,NONE,BSD-3-Clause,ext/miniupnpc/LICENSE,high,
ext/miniupnpc/listdevices.c,100644,3267,323ed628947c364e12243985f310aa84a6f1805b32b3857df16bdec9aa79f85e,"C source, ASCII text",C,False,scanned,NONE,BSD-3-Clause,ext/miniupnpc/LICENSE,high,
ext/miniupnpc/minisoap.c,100644,3913,aa2226bfe258d7da13a3ca0ba150f4f6dffff345d0fe4830590d3d9ee710e3bc,"C source, ASCII text",C,False,scanned,NONE,BSD-3-Clause,ext/miniupnpc/LICENSE,high,
ext/miniupnpc/minisoap.h,100644,498,3685cba4a45e51b1c58e61ac14b25c03e83675a66bd30f7703dabadcdeb3747b,"C source, ASCII text",C,False,scanned,NONE,BSD-3-Clause,ext/miniupnpc/LICENSE,high,
ext/miniupnpc/minissdpc.c,100644,24940,209543d8926135e83e773f3ecf78e2591b7105cff47fd087a9a29a078b04ad25,"C source, ASCII text",C,False,scanned,NONE,BSD-3-Clause,ext/miniupnpc/LICENSE,high,
ext/miniupnpc/minissdpc.h,100644,1635,c42825f8990577c6ac3820bd2d425292b5f3a838a3afaaeb5a74b7c6e4fe41d2,"C source, ASCII text",C,False,scanned,NONE,BSD-3-Clause,ext/miniupnpc/LICENSE,high,
ext/miniupnpc/miniupnpc.c,100644,20669,af32f598b34516da02b84b77f61d755b67a98e59b638d7ec1b0158ec4758f2d4,"C source, ASCII text",C,False,scanned,NONE,BSD-3-Clause,ext/miniupnpc/LICENSE,high,
ext/miniupnpc/miniupnpc.def,100644,983,bc85f9bd13c753194cb103d92d88bdd0ccca7a542c68a5e1bf16aa78153fca32,ASCII text,,False,scanned,NONE,BSD-3-Clause,ext/miniupnpc/LICENSE,high,
ext/miniupnpc/miniupnpc.h,100644,5075,962595e6fa6b8c457354590cb57c8b10f84e2b0a1f125211983bbed8db86d178,"C source, ASCII text",C,False,scanned,NONE,BSD-3-Clause,ext/miniupnpc/LICENSE,high,
ext/miniupnpc/miniupnpc_declspec.h,100644,560,ee290933cb801017eb67c6aeb9e49d84b6ec3ae273eb4b6d614cb835c152b008,"C source, ASCII text",C,False,scanned,NONE,BSD-3-Clause,ext/miniupnpc/LICENSE,high,
ext/miniupnpc/miniupnpcmodule.c,100644,20297,5a9c649eae7d88fe5bf57f22104da099d4d6ed3e868d5691cd72ed51a46da0a6,"C source, ASCII text",C,False,scanned,NONE,BSD-3-Clause,ext/miniupnpc/LICENSE,high,
ext/miniupnpc/miniupnpcstrings.h.in,100644,693,bd0b4160dc0726b324f8e1a66572db0d1d8f671701b7c75b971855f25c6b115f,"C source, ASCII text",,False,scanned,NONE,BSD-3-Clause,ext/miniupnpc/LICENSE,high,
ext/miniupnpc/miniupnpctypes.h,100644,610,cea68efc61d0799c0347e32ceda3492301cc18962221db0ac61e61ad236fc62d,"C source, ASCII text",C,False,scanned,NONE,BSD-3-Clause,ext/miniupnpc/LICENSE,high,
ext/miniupnpc/miniwget.c,100644,17070,7ac0bbfe04b4406b925e00c7ec812f143f51491e39e484f7b431d1e1931a5c73,"C source, ASCII text",C,False,scanned,NONE,BSD-3-Clause,ext/miniupnpc/LICENSE,high,
ext/miniupnpc/miniwget.h,100644,771,61a83e1e753ef443399fe71c2ada16d91dd8e6a5b8a2ae745bc71936374f7936,"C source, ASCII text",C,False,scanned,NONE,BSD-3-Clause,ext/miniupnpc/LICENSE,high,
ext/miniupnpc/minixml.c,100644,5786,fe0b42ddbd873cd21ea25aabc3000d90b37f671c338b8e662141758b498392c4,"C source, ASCII text",C,False,scanned,BSD-3-Clause,BSD-3-Clause,ext/miniupnpc/LICENSE,high,
ext/miniupnpc/minixml.h,100644,1179,c9e2299e90b77c027f089ff24ced3fe2bf37b3e1d4346041d3c395bbae9bb794,"C source, ASCII text",C,False,scanned,NONE,BSD-3-Clause,ext/miniupnpc/LICENSE,high,
ext/miniupnpc/minixmlvalid.c,100644,3630,83b015efff5ac428b0aed05a361e9727b7e2ddbd156f91b375f78be5c428bd9f,"C source, ASCII text",C,False,scanned,NONE,BSD-3-Clause,ext/miniupnpc/LICENSE,high,
ext/miniupnpc/portlistingparse.c,100644,3811,5bef6d05beaee12bcc13e87c3af7b8315ca23cb2bbe471efdd689273a02efe19,"C source, ASCII text",C,False,scanned,NONE,BSD-3-Clause,ext/miniupnpc/LICENSE,high,
ext/miniupnpc/portlistingparse.h,100644,1830,89f03534cb192834dbe475f244175402b48c391185f1450352be67197a2a92f5,"C source, ASCII text",C,False,scanned,NONE,BSD-3-Clause,ext/miniupnpc/LICENSE,high,
ext/miniupnpc/receivedata.c,100644,3160,701ca0576ace5800ab5ca62628fbe3ad112150a17388f86dd45e1e6a2d62852d,"C source, ASCII text",C,False,scanned,NONE,BSD-3-Clause,ext/miniupnpc/LICENSE,high,
ext/miniupnpc/receivedata.h,100644,712,fc302c09f3975d74e99a535deee9a45130da34691e30ac988503e8d5dff2567c,"C source, ASCII text",C,False,scanned,NONE,BSD-3-Clause,ext/miniupnpc/LICENSE,high,
ext/miniupnpc/updateminiupnpcstrings.sh,100755,1488,3f954783e6f1b8ab9029b04372a31f0da2dfa6341de520dfa36ca58384ceb9a4,"POSIX shell script, UTF-8 Unicode text executable",Bash,False,scanned,NONE,BSD-3-Clause,ext/miniupnpc/LICENSE,high,
ext/miniupnpc/upnpc.c,100644,27381,90257c61f8dcd85af8498f87887493cff9742e2b9285c26d37540162fcb1309a,"C source, ASCII text",C,False,scanned,NONE,BSD-3-Clause,ext/miniupnpc/LICENSE,high,
ext/miniupnpc/upnpcommands.c,100644,35408,4817a2adcd8004da0c6390175f0cf7cd948881347090ddf4d35cfd02ed9eada1,"C source, ASCII text",C,False,scanned,NONE,BSD-3-Clause,ext/miniupnpc/LICENSE,high,
ext/miniupnpc/upnpcommands.h,100644,13600,3e819fb7a5a79cd9cd9a22c2b587fe38c7df354ba0710c045a170e585f029d15,"C source, ASCII text",C,False,scanned,NONE,BSD-3-Clause,ext/miniupnpc/LICENSE,high,
ext/miniupnpc/upnpdev.c,100644,569,0f479ceeb9dd2023ba004bd862fea39cf596b2904794944e9e96c3f9e7b560e0,"C source, ASCII text",C,False,scanned,NONE,BSD-3-Clause,ext/miniupnpc/LICENSE,high,
ext/miniupnpc/upnpdev.h,100644,725,fa403957aebf90dfec5115645b5ed2809af89fecff16ced7d925c44c01fab62c,"C source, ASCII text",C,False,scanned,NONE,BSD-3-Clause,ext/miniupnpc/LICENSE,high,
ext/miniupnpc/upnperrors.c,100644,2144,f038efb1bb0ce0386c31a22f4709cdecb1ae9044efe380f19f29709d23a0838d,"C source, ASCII text",C,False,scanned,NONE,BSD-3-Clause,ext/miniupnpc/LICENSE,high,
ext/miniupnpc/upnperrors.h,100644,624,b92a26c295cfdfc60abb75a9272680e330ae0f92bb483c66fe99b79dc95d7967,"C source, ASCII text",C,False,scanned,NONE,BSD-3-Clause,ext/miniupnpc/LICENSE,high,
ext/miniupnpc/upnpreplyparse.c,100644,4498,f4e37073af3d23db4832f69018347c8f004f778e2aec6a683ceda8ce0ce8496a,"C source, ASCII text",C,False,scanned,NONE,BSD-3-Clause,ext/miniupnpc/LICENSE,high,
ext/miniupnpc/upnpreplyparse.h,100644,1361,0bb470bcfef95b2228209ac7e428604378501750b153f5934ba5b12de92eb187,"C source, ASCII text",C,False,scanned,NONE,BSD-3-Clause,ext/miniupnpc/LICENSE,high,
ext/miniupnpc/wingenminiupnpcstrings.c,100644,2749,d1782e59d36ba53076e19b15f5445b6346616462bcf483c26450adbe25b1f9c3,"C source, ASCII text",C,False,scanned,NONE,BSD-3-Clause,ext/miniupnpc/LICENSE,high,
ext/misc/linux-old-glibc-compat.c,100644,274,0b4150f428e42fc93b40028943cb5c922383af7ab960a9db5b0dbe45a3f1a342,"C source, ASCII text",C,False,scanned,NONE,NOASSERTION,no applicable license located for this ext/ subtree,review,
ext/nlohmann/LICENSE.MIT,100644,1076,6a6115fc4a7239a135f2dce8d33f94cb8a936b8f608ac0f6699fbac278b0dd5b,ASCII text,,False,scanned,MIT,MIT,ext/nlohmann/LICENSE.MIT,high,
ext/nlohmann/README.md,100644,62315,b058e31acff96049699666367b237d026a9ec148563183787df1aa89b394b1a9,"C source, UTF-8 Unicode text, with very long lines",,False,scanned,MIT,MIT,ext/nlohmann/LICENSE.MIT,high,
ext/nlohmann/json.hpp,100644,978532,059743e48b37e41579ee3a92e82e984bfa0d2a9a2b20b175d04db8089f46f047,"C++ source, ASCII text, with very long lines",C++,False,scanned,MIT AND CC0-1.0 AND Apache-2.0,MIT,ext/nlohmann/LICENSE.MIT,high,
ext/prometheus-cpp-lite-1.0/.gitignore,100644,13,34ebf66941308d998f53f990d93cb9e6ed2564290469178f6dc1b463449a3fa8,unscanned Git metadata,,False,scope-only,NONE,MIT,ext/prometheus-cpp-lite-1.0/LICENSE,high,
ext/prometheus-cpp-lite-1.0/3rdpatry/http-client-lite/CMakeLists.txt,100644,1215,3092c802cbe5743eb9e943fec2217541ce40b879b5f4b7ae66d64e88aa981b6f,ASCII text,,False,scanned,MIT,MIT,ext/prometheus-cpp-lite-1.0/LICENSE,high,
ext/prometheus-cpp-lite-1.0/3rdpatry/http-client-lite/LICENSE,100644,1110,fe9ac669772ef84ca7d76c476261c83c0f3c95ff0a94d616c505048c664386d8,ASCII text,,False,scanned,MIT,MIT,ext/prometheus-cpp-lite-1.0/LICENSE,high,
ext/prometheus-cpp-lite-1.0/3rdpatry/http-client-lite/README.md,100644,807,774e5f79389df8e806b03673bca97932dac9d7a6ab2bb70669fb2db5dac3bd33,"C source, ASCII text",,False,scanned,MIT,MIT,ext/prometheus-cpp-lite-1.0/LICENSE,high,
ext/prometheus-cpp-lite-1.0/3rdpatry/http-client-lite/examples/CMakeLists.txt,100644,229,682119ee55bd42d16deff21246ae181473f8859e224dae91562e1b1c6de6b2fc,ASCII text,,False,scanned,NONE,MIT,ext/prometheus-cpp-lite-1.0/LICENSE,high,
ext/prometheus-cpp-lite-1.0/3rdpatry/http-client-lite/examples/simple_request.cpp,100644,1035,eb1dfb29d97ba62b5f0702b852cddd4e4c8ba39edc703183529aebcb58603245,"C source, ASCII text",C++,False,scanned,NONE,MIT,ext/prometheus-cpp-lite-1.0/LICENSE,high,
ext/prometheus-cpp-lite-1.0/3rdpatry/http-client-lite/include/jdl/httpclientlite.h,100644,8730,6cf8460ef69a5762705ea3b6a588507c593fa1e9c14f60d292c2b6536a4eb1dc,"C++ source, ASCII text",C,False,scanned,MIT,MIT,ext/prometheus-cpp-lite-1.0/LICENSE,high,
ext/prometheus-cpp-lite-1.0/CMakeLists.txt,100644,784,7a8a579bf20615290f4e9213ded86f647dcbf2add8d1695a0b66588ac53a5503,ASCII text,,False,scanned,NONE,MIT,ext/prometheus-cpp-lite-1.0/LICENSE,high,
ext/prometheus-cpp-lite-1.0/LICENSE,100644,1082,5cf0bf33df0a90d55ab967c08f58e5cf8414d4b33edf9b806583c2f392d1bf9a,ASCII text,,False,scanned,MIT,MIT,ext/prometheus-cpp-lite-1.0/LICENSE,high,
ext/prometheus-cpp-lite-1.0/README.md,100644,7549,8dab65c4139863841d29c2750cd59bc690cd1a6a9c044bd151aff443dea436f9,"C++ source, ASCII text",,False,scanned,NONE,MIT,ext/prometheus-cpp-lite-1.0/LICENSE,high,
ext/prometheus-cpp-lite-1.0/core/CMakeLists.txt,100644,811,f0b3ca9963361c9b4618c198185d5d078b121607e68090efbc298323e888aab6,ASCII text,,False,scanned,NONE,MIT,ext/prometheus-cpp-lite-1.0/LICENSE,high,
ext/prometheus-cpp-lite-1.0/core/include/prometheus/atomic_floating.h,100644,1585,8f9196979ed58bfb369d4a3fea5b4b8ae6f341a4011d0f2ffd14efe91992325a,"C++ source, ASCII text",C,False,scanned,NONE,MIT,ext/prometheus-cpp-lite-1.0/LICENSE,high,
ext/prometheus-cpp-lite-1.0/core/include/prometheus/benchmark.h,100644,1654,ab770e9db8c65de11a6b735d001757d606a4c7c8b4f94af4b274b0ee6e39df69,"C++ source, ASCII text",C,False,scanned,NONE,MIT,ext/prometheus-cpp-lite-1.0/LICENSE,high,
ext/prometheus-cpp-lite-1.0/core/include/prometheus/builder.h,100644,704,7f3565aec5e58bbcc6b06197a8e5b24545bb26c6f93813a430cd4b1135dee1b9,"C++ source, ASCII text",C,False,scanned,NONE,MIT,ext/prometheus-cpp-lite-1.0/LICENSE,high,
ext/prometheus-cpp-lite-1.0/core/include/prometheus/ckms_quantiles.h,100644,4407,ef17f8a3b12577fb5fd2228b844f6dc4130fa0c5fcd7b4bde1d096dd37579b70,"C++ source, ASCII text",C,False,scanned,NONE,MIT,ext/prometheus-cpp-lite-1.0/LICENSE,high,
ext/prometheus-cpp-lite-1.0/core/include/prometheus/client_metric.h,100644,1644,e53fa6d19c1798d56ae1bdf2db917485900e98173702f6808a08257f9fe10a26,"C++ source, ISO-8859 text",C,False,scanned,NONE,MIT,ext/prometheus-cpp-lite-1.0/LICENSE,high,
ext/prometheus-cpp-lite-1.0/core/include/prometheus/collectable.h,100644,590,d412ef56eca13f418f52bec8741c48071fc2f56f398aa16851f5c2fca9042c47,"C++ source, ASCII text",C,False,scanned,NONE,MIT,ext/prometheus-cpp-lite-1.0/LICENSE,high,
ext/prometheus-cpp-lite-1.0/core/include/prometheus/counter.h,100644,3268,06ee05c3c82c2f7ccbd75ebcf692c50eb26a9e4e37b9a0095cce439d6ff15f6c,"C++ source, ASCII text",C,False,scanned,NONE,MIT,ext/prometheus-cpp-lite-1.0/LICENSE,high,
ext/prometheus-cpp-lite-1.0/core/include/prometheus/family.h,100644,13735,f53a554eacb2bf1cdce20cc80d5edd9e18d29368f36c647ce11ffbac519682dd,"C++ source, ASCII text",C,False,scanned,NONE,MIT,ext/prometheus-cpp-lite-1.0/LICENSE,high,
ext/prometheus-cpp-lite-1.0/core/include/prometheus/gateway.h,100644,5434,a306d4b204f053e9f05bd2c99c74bef2e84f8f967cecc936139887eca81a6796,"C++ source, ASCII text",C,False,scanned,NONE,MIT,ext/prometheus-cpp-lite-1.0/LICENSE,high,
ext/prometheus-cpp-lite-1.0/core/include/prometheus/gauge.h,100644,4105,e2e0f7384e1574515e14675c36cbc53ff421d62795634b94d0a31a72678cdd9d,"C++ source, ASCII text",C,False,scanned,NONE,MIT,ext/prometheus-cpp-lite-1.0/LICENSE,high,
ext/prometheus-cpp-lite-1.0/core/include/prometheus/hash.h,100644,1690,8b1fb6b2001747398f6cb33e970cfc95b78787411fce6c1e272614980a8ffdd3,"C++ source, UTF-8 Unicode text",C,False,scanned,NONE,MIT,ext/prometheus-cpp-lite-1.0/LICENSE,high,
ext/prometheus-cpp-lite-1.0/core/include/prometheus/histogram.h,100644,6085,47aa7c09e01202b62b0d3bc3ac5070a99f58be54eee8c063acdf3a1bdd52b9c1,"C++ source, ASCII text",C,False,scanned,NONE,MIT,ext/prometheus-cpp-lite-1.0/LICENSE,high,
ext/prometheus-cpp-lite-1.0/core/include/prometheus/metric.h,100644,415,9f71fbcf8139792f92e12ceea7759fc6c2997204e943773869789402f551bdb5,"C++ source, ASCII text",C,False,scanned,NONE,MIT,ext/prometheus-cpp-lite-1.0/LICENSE,high,
ext/prometheus-cpp-lite-1.0/core/include/prometheus/metric_family.h,100644,337,e5ad81cbfa011c101a9469a1f88d76aa9b5dd71581554dac1daaac8c81d3c9ee,"C++ source, ASCII text",C,False,scanned,NONE,MIT,ext/prometheus-cpp-lite-1.0/LICENSE,high,
ext/prometheus-cpp-lite-1.0/core/include/prometheus/push_to_server.h,100644,2102,ba5da52e792869918f030beb93c8c572af2d5e7481d78a297b35f89321dda7f3,"C++ source, ASCII text",C,False,scanned,NONE,MIT,ext/prometheus-cpp-lite-1.0/LICENSE,high,
ext/prometheus-cpp-lite-1.0/core/include/prometheus/registry.h,100644,4574,dde28cfd2a97fa4dd492d39e06a2bec95a2afaa14b71a2a2fe0f8dda8f497458,"C++ source, ASCII text",C,False,scanned,NONE,MIT,ext/prometheus-cpp-lite-1.0/LICENSE,high,
ext/prometheus-cpp-lite-1.0/core/include/prometheus/save_to_file.h,100644,2278,e0c6893937acdd341c416d2c97aed53750f2d223131ec4326adcfe94c08cc6d1,"C++ source, ASCII text",C,False,scanned,NONE,MIT,ext/prometheus-cpp-lite-1.0/LICENSE,high,
ext/prometheus-cpp-lite-1.0/core/include/prometheus/summary.h,100644,6030,b69b8783efb93e485f39a4f9ca53deefb3fc2b3d4d3868690d4a1f84bb0cf568,"C++ source, ASCII text",C,False,scanned,NONE,MIT,ext/prometheus-cpp-lite-1.0/LICENSE,high,
ext/prometheus-cpp-lite-1.0/core/include/prometheus/text_serializer.h,100644,6218,59377ac6738465873bfa825352999a902becb4eaf2869c9a5196d97f52649db8,"C++ source, ASCII text",C,False,scanned,NONE,MIT,ext/prometheus-cpp-lite-1.0/LICENSE,high,
ext/prometheus-cpp-lite-1.0/core/include/prometheus/time_window_quantiles.h,100644,1783,1431a6720ee42c4c6a9109d1c5281edfa45bedac9c79bf361ed16752654eda4f,"C++ source, ASCII text",C,False,scanned,NONE,MIT,ext/prometheus-cpp-lite-1.0/LICENSE,high,
ext/prometheus-cpp-lite-1.0/examples/CMakeLists.txt,100644,1638,fbcfbbf1e829b929269a929680549a4f49b16f4ca2af90ba55e12b2431248436,ASCII text,,False,scanned,NONE,MIT,ext/prometheus-cpp-lite-1.0/LICENSE,high,
ext/prometheus-cpp-lite-1.0/examples/gateway_example.cpp,100644,1775,ed1a5e58d864b8bd8ea3d826c35c233259b43e4890c8a1dfeb7495cbb68fe06a,"C source, ASCII text",C++,False,scanned,NONE,MIT,ext/prometheus-cpp-lite-1.0/LICENSE,high,
ext/prometheus-cpp-lite-1.0/examples/modern_example.cpp,100644,2610,8292a7433cec72a019f442db9c9b19d6cd71e2f010b2c98781f77f70c38f422c,"C source, ASCII text",C++,False,scanned,NONE,MIT,ext/prometheus-cpp-lite-1.0/LICENSE,high,
ext/prometheus-cpp-lite-1.0/examples/original_example.cpp,100644,2644,96b9c7c7bc54d2698b7112f7c90cb91cef69aef2a083b978c04ab58d41c2ae18,"C source, ASCII text",C++,False,scanned,NONE,MIT,ext/prometheus-cpp-lite-1.0/LICENSE,high,
ext/prometheus-cpp-lite-1.0/examples/push_to_server_example.cpp,100644,1312,aac20f570e2d0f10975e1553681a197bd3f3b7e3cec9b7d9cd8f681adb56b89e,"C source, ASCII text",C++,False,scanned,NONE,MIT,ext/prometheus-cpp-lite-1.0/LICENSE,high,
ext/prometheus-cpp-lite-1.0/examples/save_to_file_example.cpp,100644,1232,95bb8ef2f6aefa69047835b172199d26fe6aae1f98774b96b273a7f0a71640f5,"C source, ASCII text",C++,False,scanned,NONE,MIT,ext/prometheus-cpp-lite-1.0/LICENSE,high,
ext/prometheus-cpp-lite-1.0/examples/simpleapi_example.cpp,100644,772,5d520d8c4d67fcb7e5633bc14d2348cc8e97710c47ab3ec0b68c567b93abb20a,"C source, ASCII text",C++,False,scanned,NONE,MIT,ext/prometheus-cpp-lite-1.0/LICENSE,high,
ext/prometheus-cpp-lite-1.0/examples/simpleapi_use_in_class_example.cpp,100644,1453,4c0e5604aa42ae4c114065a57c26d0831d9c1806bfc1eafc43de31377cd54860,"C++ source, ASCII text",C++,False,scanned,NONE,MIT,ext/prometheus-cpp-lite-1.0/LICENSE,high,
ext/prometheus-cpp-lite-1.0/examples/use_benchmark_in_class_example.cpp,100644,1285,6bb9a22524e8435f89d261de1a3aaf942d3250250975283eacc7adcd3b0b14a6,"C++ source, ASCII text",C++,False,scanned,NONE,MIT,ext/prometheus-cpp-lite-1.0/LICENSE,high,
ext/prometheus-cpp-lite-1.0/examples/use_counters_in_class_example.cpp,100644,2223,5a1862720a0c6456ed7c529e112f3aec51118510fb1cc894e8350b69d87743ab,"C++ source, ASCII text",C++,False,scanned,NONE,MIT,ext/prometheus-cpp-lite-1.0/LICENSE,high,
ext/prometheus-cpp-lite-1.0/examples/use_gauge_in_class_example.cpp,100644,2255,2f065788899a142df10822c1b5c87294cfecee71fce8be3d4be761d1a8a58118,"C++ source, ASCII text",C++,False,scanned,NONE,MIT,ext/prometheus-cpp-lite-1.0/LICENSE,high,
ext/prometheus-cpp-lite-1.0/simpleapi/CMakeLists.txt,100644,422,1e5b1caf5abe5fa09e3e9865f9b511b236425da2cdefebed7beb51198bcaa723,ASCII text,,False,scanned,NONE,MIT,ext/prometheus-cpp-lite-1.0/LICENSE,high,
ext/prometheus-cpp-lite-1.0/simpleapi/include/prometheus/simpleapi.h,100644,4705,4a0a1a04781b7b767c97e122db3ad2dc1081aa6c9c8861ec9a6a41d23045b9a5,"C++ source, ASCII text",C,False,scanned,NONE,MIT,ext/prometheus-cpp-lite-1.0/LICENSE,high,
ext/prometheus-cpp-lite-1.0/simpleapi/src/simpleapi.cpp,100644,332,197039c39e49254899f23b17bb97a9b7219fa0e82ac1cd370a16de9d1e8e52ae,"C++ source, ASCII text",C++,False,scanned,NONE,MIT,ext/prometheus-cpp-lite-1.0/LICENSE,high,
ext/redis-plus-plus-1.1.1/.gitignore,100644,270,3ba2020da55f76620d61950cb88f0d6cc0d5852eae7b2c03f8487a64c87da959,unscanned Git metadata,,False,scope-only,NONE,Apache-2.0,ext/redis-plus-plus-1.1.1/LICENSE,high,
ext/redis-plus-plus-1.1.1/CMakeLists.txt,100644,1531,2441f61b650386b4e64d5e55e42b74d51cb452516d7d41eaeb9842efbd2f7063,ASCII text,,False,scanned,NONE,Apache-2.0,ext/redis-plus-plus-1.1.1/LICENSE,high,
ext/redis-plus-plus-1.1.1/LICENSE,100644,11357,c71d239df91726fc519c6eb72d318ec65820627232b2f796219e87dcf35d0ab4,ASCII text,,False,scanned,Apache-2.0,Apache-2.0,ext/redis-plus-plus-1.1.1/LICENSE,high,
ext/redis-plus-plus-1.1.1/README.md,100644,77626,90b3dc8857b27b3aef9ed85392d53176ba3e26dffdaa8d69ffb01a87c19e7ee5,"ASCII text, with very long lines",,False,scanned,NONE,Apache-2.0,ext/redis-plus-plus-1.1.1/LICENSE,high,
ext/redis-plus-plus-1.1.1/install/centos8/include/sw/redis++/command.h,100644,67776,e6a492c8eafca902195ac51dafa1cf2e83ecdbb662292c3baa13a92834c4dd15,"C++ source, ASCII text",C,False,scanned,Apache-2.0,Apache-2.0,ext/redis-plus-plus-1.1.1/LICENSE,high,
ext/redis-plus-plus-1.1.1/install/centos8/include/sw/redis++/command_args.h,100644,5011,0efa53f100369be76c8e920fbb82aee4c0daf54191798892ac9fed841fa55389,"C++ source, ASCII text",C,False,scanned,Apache-2.0,Apache-2.0,ext/redis-plus-plus-1.1.1/LICENSE,high,
ext/redis-plus-plus-1.1.1/install/centos8/include/sw/redis++/command_options.h,100644,3882,6b36b5a8f03ecfdbc39912ad874c02d5965d0107f03ae6e53e4df658c5760b5e,"C++ source, ASCII text",C,False,scanned,Apache-2.0,Apache-2.0,ext/redis-plus-plus-1.1.1/LICENSE,high,
ext/redis-plus-plus-1.1.1/install/centos8/include/sw/redis++/connection.h,100644,4637,7330fc447f88d8f411949ed046aeed0ef60492c56d003aa06088ebe235ae81ae,"C++ source, ASCII text",C,False,scanned,Apache-2.0,Apache-2.0,ext/redis-plus-plus-1.1.1/LICENSE,high,
ext/redis-plus-plus-1.1.1/install/centos8/include/sw/redis++/connection_pool.h,100644,3210,218955e32799418ac9be19f1710dea2fcf810981887dd652c60ab2ea15cdce0e,"C++ source, ASCII text",C,False,scanned,Apache-2.0,Apache-2.0,ext/redis-plus-plus-1.1.1/LICENSE,high,
ext/redis-plus-plus-1.1.1/install/centos8/include/sw/redis++/errors.h,100644,4050,37925cd077533909d8226afe28089c7688bb75a66d1473edd979f9e5b41a13cf,"C++ source, ASCII text",C,False,scanned,Apache-2.0,Apache-2.0,ext/redis-plus-plus-1.1.1/LICENSE,high,
ext/redis-plus-plus-1.1.1/install/centos8/include/sw/redis++/pipeline.h,100644,1455,a6d6604057a31c44b682879872818a04e0df1f495af381daf09e6794d74b21a3,"C++ source, ASCII text",C,False,scanned,Apache-2.0,Apache-2.0,ext/redis-plus-plus-1.1.1/LICENSE,high,
ext/redis-plus-plus-1.1.1/install/centos8/include/sw/redis++/queued_redis.h,100644,62851,baa95cb573dd022f40b5ef092a52bcac248c3bcbcd149c542e39a42de36a38d0,"C++ source, ASCII text",C,False,scanned,Apache-2.0,Apache-2.0,ext/redis-plus-plus-1.1.1/LICENSE,high,
ext/redis-plus-plus-1.1.1/install/centos8/include/sw/redis++/queued_redis.hpp,100644,5314,c7d4f986b16d29e8a7c42423c248185c137313dcce3332b04ef6a12b781c695a,"C++ source, ASCII text",C++,False,scanned,Apache-2.0,Apache-2.0,ext/redis-plus-plus-1.1.1/LICENSE,high,
ext/redis-plus-plus-1.1.1/install/centos8/include/sw/redis++/redis++.h,100644,975,97670a1cde0b6a40b3056048ce19cd71a83cdcf1d9ae672e7915ddab4db01d5e,"C source, ASCII text",C,False,scanned,Apache-2.0,Apache-2.0,ext/redis-plus-plus-1.1.1/LICENSE,high,
ext/redis-plus-plus-1.1.1/install/centos8/include/sw/redis++/redis.h,100644,54632,825e5b4243447a6212dfe62310ffbfc00747b278c57cb3cda493d3ae9706811d,"C++ source, ASCII text",C,False,scanned,Apache-2.0,Apache-2.0,ext/redis-plus-plus-1.1.1/LICENSE,high,
ext/redis-plus-plus-1.1.1/install/centos8/include/sw/redis++/redis.hpp,100644,43014,a16e621eed0fbc8ed81d1cf68ef4ae3d930bcb7b66d7b21579adeab9cb9585ec,"C++ source, ASCII text",C++,False,scanned,Apache-2.0,Apache-2.0,ext/redis-plus-plus-1.1.1/LICENSE,high,
ext/redis-plus-plus-1.1.1/install/centos8/include/sw/redis++/redis_cluster.h,100644,50978,0127034526a772ec6b88454178e277d59fcbc50132d95234bcb38e0fdbeb6531,"C++ source, ASCII text",C,False,scanned,Apache-2.0,Apache-2.0,ext/redis-plus-plus-1.1.1/LICENSE,high,
ext/redis-plus-plus-1.1.1/install/centos8/include/sw/redis++/redis_cluster.hpp,100644,47989,0ecf00c878bb6b341f9ed99f05c9ddfaabea411346318f14b141ba55a26f644b,"C++ source, ASCII text",C++,False,scanned,Apache-2.0,Apache-2.0,ext/redis-plus-plus-1.1.1/LICENSE,high,
ext/redis-plus-plus-1.1.1/install/centos8/include/sw/redis++/reply.h,100644,9815,2e7966f53dd8b6e2b42ee86f69078f4302a7a6084bb82fe20fed985d7553fe73,"C++ source, ASCII text",C,False,scanned,Apache-2.0,Apache-2.0,ext/redis-plus-plus-1.1.1/LICENSE,high,
ext/redis-plus-plus-1.1.1/install/centos8/include/sw/redis++/sentinel.h,100644,3621,17e310f39a54b7f78c84f7bf753f0964f31402ff52fdbcdd007279e6a752fb8f,"C++ source, ASCII text",C,False,scanned,Apache-2.0,Apache-2.0,ext/redis-plus-plus-1.1.1/LICENSE,high,
ext/redis-plus-plus-1.1.1/install/centos8/include/sw/redis++/shards.h,100644,2937,140cb4ef7e2a7c3f9c222d9b218894e03ab822c7264d4f666ea70afbeb7b6c09,"C++ source, ASCII text",C,False,scanned,Apache-2.0,Apache-2.0,ext/redis-plus-plus-1.1.1/LICENSE,high,
ext/redis-plus-plus-1.1.1/install/centos8/include/sw/redis++/shards_pool.h,100644,3558,164295c889e31cdb5b4d67bd269f7172609b87242d0aaa7704ee6e96350912c4,"C++ source, ASCII text",C,False,scanned,Apache-2.0,Apache-2.0,ext/redis-plus-plus-1.1.1/LICENSE,high,
ext/redis-plus-plus-1.1.1/install/centos8/include/sw/redis++/subscriber.h,100644,6851,0035ee53b9d6f9af0c28774b71bd8cfb95782138bdb5f0a24954cdc742f4c154,"C++ source, ASCII text",C,False,scanned,Apache-2.0,Apache-2.0,ext/redis-plus-plus-1.1.1/LICENSE,high,
ext/redis-plus-plus-1.1.1/install/centos8/include/sw/redis++/transaction.h,100644,2079,1ee695650069c33fbfc8c53536b5a004d8cf7e29f6e7f080e57ab5f0cf718b1f,"C++ source, ASCII text",C,False,scanned,Apache-2.0,Apache-2.0,ext/redis-plus-plus-1.1.1/LICENSE,high,
ext/redis-plus-plus-1.1.1/install/centos8/include/sw/redis++/utils.h,100644,7895,3e0e9c9615e6de6af18f97f0f4eb2fabc03c92247a0d4d6a5ca40c2cb1f0b5bc,"C++ source, ASCII text",C,False,scanned,Apache-2.0,Apache-2.0,ext/redis-plus-plus-1.1.1/LICENSE,high,
ext/redis-plus-plus-1.1.1/install/centos8/lib/libredis++.a,100644,1168436,f3e6550b897233c17f19b718f684e5bcf9e7fc07a2cb8de63df3179bdedf77f8,current ar archive,,True,scanned,NONE,Apache-2.0,ext/redis-plus-plus-1.1.1/LICENSE,high,
ext/redis-plus-plus-1.1.1/install/macos/include/sw/redis++/command.h,100644,67776,e6a492c8eafca902195ac51dafa1cf2e83ecdbb662292c3baa13a92834c4dd15,"C++ source, ASCII text",C,False,scanned,Apache-2.0,Apache-2.0,ext/redis-plus-plus-1.1.1/LICENSE,high,
ext/redis-plus-plus-1.1.1/install/macos/include/sw/redis++/command_args.h,100644,5011,0efa53f100369be76c8e920fbb82aee4c0daf54191798892ac9fed841fa55389,"C++ source, ASCII text",C,False,scanned,Apache-2.0,Apache-2.0,ext/redis-plus-plus-1.1.1/LICENSE,high,
ext/redis-plus-plus-1.1.1/install/macos/include/sw/redis++/command_options.h,100644,3882,6b36b5a8f03ecfdbc39912ad874c02d5965d0107f03ae6e53e4df658c5760b5e,"C++ source, ASCII text",C,False,scanned,Apache-2.0,Apache-2.0,ext/redis-plus-plus-1.1.1/LICENSE,high,
ext/redis-plus-plus-1.1.1/install/macos/include/sw/redis++/connection.h,100644,4637,7330fc447f88d8f411949ed046aeed0ef60492c56d003aa06088ebe235ae81ae,"C++ source, ASCII text",C,False,scanned,Apache-2.0,Apache-2.0,ext/redis-plus-plus-1.1.1/LICENSE,high,
ext/redis-plus-plus-1.1.1/install/macos/include/sw/redis++/connection_pool.h,100644,3210,218955e32799418ac9be19f1710dea2fcf810981887dd652c60ab2ea15cdce0e,"C++ source, ASCII text",C,False,scanned,Apache-2.0,Apache-2.0,ext/redis-plus-plus-1.1.1/LICENSE,high,
ext/redis-plus-plus-1.1.1/install/macos/include/sw/redis++/errors.h,100644,4050,37925cd077533909d8226afe28089c7688bb75a66d1473edd979f9e5b41a13cf,"C++ source, ASCII text",C,False,scanned,Apache-2.0,Apache-2.0,ext/redis-plus-plus-1.1.1/LICENSE,high,
ext/redis-plus-plus-1.1.1/install/macos/include/sw/redis++/pipeline.h,100644,1455,a6d6604057a31c44b682879872818a04e0df1f495af381daf09e6794d74b21a3,"C++ source, ASCII text",C,False,scanned,Apache-2.0,Apache-2.0,ext/redis-plus-plus-1.1.1/LICENSE,high,
ext/redis-plus-plus-1.1.1/install/macos/include/sw/redis++/queued_redis.h,100644,62851,baa95cb573dd022f40b5ef092a52bcac248c3bcbcd149c542e39a42de36a38d0,"C++ source, ASCII text",C,False,scanned,Apache-2.0,Apache-2.0,ext/redis-plus-plus-1.1.1/LICENSE,high,
ext/redis-plus-plus-1.1.1/install/macos/include/sw/redis++/queued_redis.hpp,100644,5314,c7d4f986b16d29e8a7c42423c248185c137313dcce3332b04ef6a12b781c695a,"C++ source, ASCII text",C++,False,scanned,Apache-2.0,Apache-2.0,ext/redis-plus-plus-1.1.1/LICENSE,high,
ext/redis-plus-plus-1.1.1/install/macos/include/sw/redis++/redis++.h,100644,975,97670a1cde0b6a40b3056048ce19cd71a83cdcf1d9ae672e7915ddab4db01d5e,"C source, ASCII text",C,False,scanned,Apache-2.0,Apache-2.0,ext/redis-plus-plus-1.1.1/LICENSE,high,
ext/redis-plus-plus-1.1.1/install/macos/include/sw/redis++/redis.h,100644,54632,825e5b4243447a6212dfe62310ffbfc00747b278c57cb3cda493d3ae9706811d,"C++ source, ASCII text",C,False,scanned,Apache-2.0,Apache-2.0,ext/redis-plus-plus-1.1.1/LICENSE,high,
ext/redis-plus-plus-1.1.1/install/macos/include/sw/redis++/redis.hpp,100644,43014,a16e621eed0fbc8ed81d1cf68ef4ae3d930bcb7b66d7b21579adeab9cb9585ec,"C++ source, ASCII text",C++,False,scanned,Apache-2.0,Apache-2.0,ext/redis-plus-plus-1.1.1/LICENSE,high,
ext/redis-plus-plus-1.1.1/install/macos/include/sw/redis++/redis_cluster.h,100644,50978,0127034526a772ec6b88454178e277d59fcbc50132d95234bcb38e0fdbeb6531,"C++ source, ASCII text",C,False,scanned,Apache-2.0,Apache-2.0,ext/redis-plus-plus-1.1.1/LICENSE,high,
ext/redis-plus-plus-1.1.1/install/macos/include/sw/redis++/redis_cluster.hpp,100644,47989,0ecf00c878bb6b341f9ed99f05c9ddfaabea411346318f14b141ba55a26f644b,"C++ source, ASCII text",C++,False,scanned,Apache-2.0,Apache-2.0,ext/redis-plus-plus-1.1.1/LICENSE,high,
ext/redis-plus-plus-1.1.1/install/macos/include/sw/redis++/reply.h,100644,9815,2e7966f53dd8b6e2b42ee86f69078f4302a7a6084bb82fe20fed985d7553fe73,"C++ source, ASCII text",C,False,scanned,Apache-2.0,Apache-2.0,ext/redis-plus-plus-1.1.1/LICENSE,high,
ext/redis-plus-plus-1.1.1/install/macos/include/sw/redis++/sentinel.h,100644,3621,17e310f39a54b7f78c84f7bf753f0964f31402ff52fdbcdd007279e6a752fb8f,"C++ source, ASCII text",C,False,scanned,Apache-2.0,Apache-2.0,ext/redis-plus-plus-1.1.1/LICENSE,high,
ext/redis-plus-plus-1.1.1/install/macos/include/sw/redis++/shards.h,100644,2937,140cb4ef7e2a7c3f9c222d9b218894e03ab822c7264d4f666ea70afbeb7b6c09,"C++ source, ASCII text",C,False,scanned,Apache-2.0,Apache-2.0,ext/redis-plus-plus-1.1.1/LICENSE,high,
ext/redis-plus-plus-1.1.1/install/macos/include/sw/redis++/shards_pool.h,100644,3558,164295c889e31cdb5b4d67bd269f7172609b87242d0aaa7704ee6e96350912c4,"C++ source, ASCII text",C,False,scanned,Apache-2.0,Apache-2.0,ext/redis-plus-plus-1.1.1/LICENSE,high,
ext/redis-plus-plus-1.1.1/install/macos/include/sw/redis++/subscriber.h,100644,6851,0035ee53b9d6f9af0c28774b71bd8cfb95782138bdb5f0a24954cdc742f4c154,"C++ source, ASCII text",C,False,scanned,Apache-2.0,Apache-2.0,ext/redis-plus-plus-1.1.1/LICENSE,high,
ext/redis-plus-plus-1.1.1/install/macos/include/sw/redis++/transaction.h,100644,2079,1ee695650069c33fbfc8c53536b5a004d8cf7e29f6e7f080e57ab5f0cf718b1f,"C++ source, ASCII text",C,False,scanned,Apache-2.0,Apache-2.0,ext/redis-plus-plus-1.1.1/LICENSE,high,
ext/redis-plus-plus-1.1.1/install/macos/include/sw/redis++/utils.h,100644,7895,3e0e9c9615e6de6af18f97f0f4eb2fabc03c92247a0d4d6a5ca40c2cb1f0b5bc,"C++ source, ASCII text",C,False,scanned,Apache-2.0,Apache-2.0,ext/redis-plus-plus-1.1.1/LICENSE,high,
ext/redis-plus-plus-1.1.1/install/macos/lib/libredis++.a,100644,17578472,3af235780736bc0a471b28367ad1e3ae705fe1768ca849c45500c994100a45dd,Mach-O universal binary with 2 architectures: [x86_64:current ar archive] [arm64],,True,scanned,NONE,Apache-2.0,ext/redis-plus-plus-1.1.1/LICENSE,high,
ext/redis-plus-plus-1.1.1/src/sw/redis++/command.cpp,100644,9242,8b68c30e6d5c9caf0c8fb27d0be07aa466d1bbc925c902a62d755e0998a9af62,"C++ source, ASCII text",C++,False,scanned,Apache-2.0,Apache-2.0,ext/redis-plus-plus-1.1.1/LICENSE,high,
ext/redis-plus-plus-1.1.1/src/sw/redis++/command.h,100644,67776,e6a492c8eafca902195ac51dafa1cf2e83ecdbb662292c3baa13a92834c4dd15,"C++ source, ASCII text",C,False,scanned,Apache-2.0,Apache-2.0,ext/redis-plus-plus-1.1.1/LICENSE,high,
ext/redis-plus-plus-1.1.1/src/sw/redis++/command_args.h,100644,5011,0efa53f100369be76c8e920fbb82aee4c0daf54191798892ac9fed841fa55389,"C++ source, ASCII text",C,False,scanned,Apache-2.0,Apache-2.0,ext/redis-plus-plus-1.1.1/LICENSE,high,
ext/redis-plus-plus-1.1.1/src/sw/redis++/command_options.cpp,100644,4979,49f6c5c4dcd46481bcde8d2eb8e62ff1d53395cf8c26b2d1362e2beb0f57ea26,"C++ source, ASCII text",C++,False,scanned,Apache-2.0,Apache-2.0,ext/redis-plus-plus-1.1.1/LICENSE,high,
ext/redis-plus-plus-1.1.1/src/sw/redis++/command_options.h,100644,3882,6b36b5a8f03ecfdbc39912ad874c02d5965d0107f03ae6e53e4df658c5760b5e,"C++ source, ASCII text",C,False,scanned,Apache-2.0,Apache-2.0,ext/redis-plus-plus-1.1.1/LICENSE,high,
ext/redis-plus-plus-1.1.1/src/sw/redis++/connection.cpp,100644,7688,4ebaeaa0759a9eb800998e7f148cc7c9842f674294db1e2130c29741218eb1cc,"C++ source, ASCII text",C++,False,scanned,Apache-2.0,Apache-2.0,ext/redis-plus-plus-1.1.1/LICENSE,high,
ext/redis-plus-plus-1.1.1/src/sw/redis++/connection.h,100644,4637,7330fc447f88d8f411949ed046aeed0ef60492c56d003aa06088ebe235ae81ae,"C++ source, ASCII text",C,False,scanned,Apache-2.0,Apache-2.0,ext/redis-plus-plus-1.1.1/LICENSE,high,
ext/redis-plus-plus-1.1.1/src/sw/redis++/connection_pool.cpp,100644,7110,ba441ecf610a40f1bfd148e81f62bb79d781203b890b43eafa6231a890df6e43,"C++ source, ASCII text",C++,False,scanned,Apache-2.0,Apache-2.0,ext/redis-plus-plus-1.1.1/LICENSE,high,
ext/redis-plus-plus-1.1.1/src/sw/redis++/connection_pool.h,100644,3210,218955e32799418ac9be19f1710dea2fcf810981887dd652c60ab2ea15cdce0e,"C++ source, ASCII text",C,False,scanned,Apache-2.0,Apache-2.0,ext/redis-plus-plus-1.1.1/LICENSE,high,
ext/redis-plus-plus-1.1.1/src/sw/redis++/crc16.cpp,100644,4517,bc2bc31b2ebe686859cf73098aa1a46ce77f7d7de35362ad623ef64ba127d828,"C++ source, ASCII text",C++,False,scanned,BSD-3-Clause,BSD-3-Clause,direct per-file terms override package default,medium,
ext/redis-plus-plus-1.1.1/src/sw/redis++/errors.cpp,100644,3302,6d3c72dcd8537742e88628471636a5334336aa8f739a2273607df6c5935b4d9e,"C++ source, ASCII text",C++,False,scanned,Apache-2.0,Apache-2.0,ext/redis-plus-plus-1.1.1/LICENSE,high,
ext/redis-plus-plus-1.1.1/src/sw/redis++/errors.h,100644,4050,37925cd077533909d8226afe28089c7688bb75a66d1473edd979f9e5b41a13cf,"C++ source, ASCII text",C,False,scanned,Apache-2.0,Apache-2.0,ext/redis-plus-plus-1.1.1/LICENSE,high,
ext/redis-plus-plus-1.1.1/src/sw/redis++/pipeline.cpp,100644,1044,402b0077c571a77a05c8f6307604d90c2863ca5f2ce7e968f1d3df86327241c0,"C++ source, ASCII text",C++,False,scanned,Apache-2.0,Apache-2.0,ext/redis-plus-plus-1.1.1/LICENSE,high,
ext/redis-plus-plus-1.1.1/src/sw/redis++/pipeline.h,100644,1455,a6d6604057a31c44b682879872818a04e0df1f495af381daf09e6794d74b21a3,"C++ source, ASCII text",C,False,scanned,Apache-2.0,Apache-2.0,ext/redis-plus-plus-1.1.1/LICENSE,high,
ext/redis-plus-plus-1.1.1/src/sw/redis++/queued_redis.h,100644,62851,baa95cb573dd022f40b5ef092a52bcac248c3bcbcd149c542e39a42de36a38d0,"C++ source, ASCII text",C,False,scanned,Apache-2.0,Apache-2.0,ext/redis-plus-plus-1.1.1/LICENSE,high,
ext/redis-plus-plus-1.1.1/src/sw/redis++/queued_redis.hpp,100644,5314,c7d4f986b16d29e8a7c42423c248185c137313dcce3332b04ef6a12b781c695a,"C++ source, ASCII text",C++,False,scanned,Apache-2.0,Apache-2.0,ext/redis-plus-plus-1.1.1/LICENSE,high,
ext/redis-plus-plus-1.1.1/src/sw/redis++/redis++.h,100644,975,97670a1cde0b6a40b3056048ce19cd71a83cdcf1d9ae672e7915ddab4db01d5e,"C source, ASCII text",C,False,scanned,Apache-2.0,Apache-2.0,ext/redis-plus-plus-1.1.1/LICENSE,high,
ext/redis-plus-plus-1.1.1/src/sw/redis++/redis.cpp,100644,25058,558264e46b9dd83a19e300417eeee3cca26b50020eebd6d091402fd3a0d1b741,"C++ source, ASCII text",C++,False,scanned,Apache-2.0,Apache-2.0,ext/redis-plus-plus-1.1.1/LICENSE,high,
ext/redis-plus-plus-1.1.1/src/sw/redis++/redis.h,100644,54632,825e5b4243447a6212dfe62310ffbfc00747b278c57cb3cda493d3ae9706811d,"C++ source, ASCII text",C,False,scanned,Apache-2.0,Apache-2.0,ext/redis-plus-plus-1.1.1/LICENSE,high,
ext/redis-plus-plus-1.1.1/src/sw/redis++/redis.hpp,100644,43014,a16e621eed0fbc8ed81d1cf68ef4ae3d930bcb7b66d7b21579adeab9cb9585ec,"C++ source, ASCII text",C++,False,scanned,Apache-2.0,Apache-2.0,ext/redis-plus-plus-1.1.1/LICENSE,high,
ext/redis-plus-plus-1.1.1/src/sw/redis++/redis_cluster.cpp,100644,23685,26a57e754a9646dfcd8523c701f05631799b96b8d7df4606901f89e37a32e7d8,"C++ source, ASCII text",C++,False,scanned,Apache-2.0,Apache-2.0,ext/redis-plus-plus-1.1.1/LICENSE,high,
ext/redis-plus-plus-1.1.1/src/sw/redis++/redis_cluster.h,100644,50978,0127034526a772ec6b88454178e277d59fcbc50132d95234bcb38e0fdbeb6531,"C++ source, ASCII text",C,False,scanned,Apache-2.0,Apache-2.0,ext/redis-plus-plus-1.1.1/LICENSE,high,
ext/redis-plus-plus-1.1.1/src/sw/redis++/redis_cluster.hpp,100644,47989,0ecf00c878bb6b341f9ed99f05c9ddfaabea411346318f14b141ba55a26f644b,"C++ source, ASCII text",C++,False,scanned,Apache-2.0,Apache-2.0,ext/redis-plus-plus-1.1.1/LICENSE,high,
ext/redis-plus-plus-1.1.1/src/sw/redis++/reply.cpp,100644,3855,ed87b09d74d1cfb052a7cbfc1d6404b94ac4f4d23c84cab66117e34d1bc2a538,"C++ source, ASCII text",C++,False,scanned,Apache-2.0,Apache-2.0,ext/redis-plus-plus-1.1.1/LICENSE,high,
ext/redis-plus-plus-1.1.1/src/sw/redis++/reply.h,100644,9815,2e7966f53dd8b6e2b42ee86f69078f4302a7a6084bb82fe20fed985d7553fe73,"C++ source, ASCII text",C,False,scanned,Apache-2.0,Apache-2.0,ext/redis-plus-plus-1.1.1/LICENSE,high,
ext/redis-plus-plus-1.1.1/src/sw/redis++/sentinel.cpp,100644,11121,a863199a983e0e00f3dc29e6a3a3a32ebff9f9d9ef30245f8174a1e66fe181a7,"C++ source, ASCII text",C++,False,scanned,Apache-2.0,Apache-2.0,ext/redis-plus-plus-1.1.1/LICENSE,high,
ext/redis-plus-plus-1.1.1/src/sw/redis++/sentinel.h,100644,3621,17e310f39a54b7f78c84f7bf753f0964f31402ff52fdbcdd007279e6a752fb8f,"C++ source, ASCII text",C,False,scanned,Apache-2.0,Apache-2.0,ext/redis-plus-plus-1.1.1/LICENSE,high,
ext/redis-plus-plus-1.1.1/src/sw/redis++/shards.cpp,100644,1650,a05a2a8d60e5ae44451cca9ff660380e66666a7147b2ef4050e940a7f1fed700,"C++ source, ASCII text",C++,False,scanned,Apache-2.0,Apache-2.0,ext/redis-plus-plus-1.1.1/LICENSE,high,
ext/redis-plus-plus-1.1.1/src/sw/redis++/shards.h,100644,2937,140cb4ef7e2a7c3f9c222d9b218894e03ab822c7264d4f666ea70afbeb7b6c09,"C++ source, ASCII text",C,False,scanned,Apache-2.0,Apache-2.0,ext/redis-plus-plus-1.1.1/LICENSE,high,
ext/redis-plus-plus-1.1.1/src/sw/redis++/shards_pool.cpp,100644,9034,becb9bb7923d0fdce2d00250d2140312b0e4ca04652d839b0e082531b6704244,"C++ source, ASCII text",C++,False,scanned,Apache-2.0,Apache-2.0,ext/redis-plus-plus-1.1.1/LICENSE,high,
ext/redis-plus-plus-1.1.1/src/sw/redis++/shards_pool.h,100644,3558,164295c889e31cdb5b4d67bd269f7172609b87242d0aaa7704ee6e96350912c4,"C++ source, ASCII text",C,False,scanned,Apache-2.0,Apache-2.0,ext/redis-plus-plus-1.1.1/LICENSE,high,
ext/redis-plus-plus-1.1.1/src/sw/redis++/subscriber.cpp,100644,5802,0fa6c7bce2763816f6e75e803133e3fb2d79dbc463d86334a5ad5edb8dfa9c2b,"C++ source, ASCII text",C++,False,scanned,Apache-2.0,Apache-2.0,ext/redis-plus-plus-1.1.1/LICENSE,high,
ext/redis-plus-plus-1.1.1/src/sw/redis++/subscriber.h,100644,6851,0035ee53b9d6f9af0c28774b71bd8cfb95782138bdb5f0a24954cdc742f4c154,"C++ source, ASCII text",C,False,scanned,Apache-2.0,Apache-2.0,ext/redis-plus-plus-1.1.1/LICENSE,high,
ext/redis-plus-plus-1.1.1/src/sw/redis++/transaction.cpp,100644,3338,834d2595e3ffaead10dc2522ada7d6370ed050594868719b21ac456945dfa850,"C++ source, ASCII text",C++,False,scanned,Apache-2.0,Apache-2.0,ext/redis-plus-plus-1.1.1/LICENSE,high,
ext/redis-plus-plus-1.1.1/src/sw/redis++/transaction.h,100644,2079,1ee695650069c33fbfc8c53536b5a004d8cf7e29f6e7f080e57ab5f0cf718b1f,"C++ source, ASCII text",C,False,scanned,Apache-2.0,Apache-2.0,ext/redis-plus-plus-1.1.1/LICENSE,high,
ext/redis-plus-plus-1.1.1/src/sw/redis++/utils.h,100644,7895,3e0e9c9615e6de6af18f97f0f4eb2fabc03c92247a0d4d6a5ca40c2cb1f0b5bc,"C++ source, ASCII text",C,False,scanned,Apache-2.0,Apache-2.0,ext/redis-plus-plus-1.1.1/LICENSE,high,
ext/redis-plus-plus-1.1.1/test/CMakeLists.txt,100644,1038,5bedfaeab0218b26f8be03b49e348a5cc5768922799c69db56b4c142bd8dec00,ASCII text,,False,scanned,NONE,Apache-2.0,ext/redis-plus-plus-1.1.1/LICENSE,high,
ext/redis-plus-plus-1.1.1/test/src/sw/redis++/benchmark_test.h,100644,1966,40fe0df44d687f958a4e19aadaaab5e3b3e906e29940cba650bb00c19e9c683b,"C++ source, ASCII text",C,False,scanned,Apache-2.0,Apache-2.0,ext/redis-plus-plus-1.1.1/LICENSE,high,
ext/redis-plus-plus-1.1.1/test/src/sw/redis++/benchmark_test.hpp,100644,5638,af190fa00abb2b40445e20c4f9981c330149be4f0537b02155d006330a077491,"C++ source, ASCII text",C++,False,scanned,Apache-2.0,Apache-2.0,ext/redis-plus-plus-1.1.1/LICENSE,high,
ext/redis-plus-plus-1.1.1/test/src/sw/redis++/connection_cmds_test.h,100644,1282,cabab7879578c974361119a27f197b33f7ba77bc6ec4e4b5056d38df9956e1d3,"C++ source, ASCII text",C,False,scanned,Apache-2.0,Apache-2.0,ext/redis-plus-plus-1.1.1/LICENSE,high,
ext/redis-plus-plus-1.1.1/test/src/sw/redis++/connection_cmds_test.hpp,100644,1539,b9a029e45af881652f0ad1a4644d3753dade0a71d612f91022e4588adb06b54c,"C++ source, ASCII text",C++,False,scanned,Apache-2.0,Apache-2.0,ext/redis-plus-plus-1.1.1/LICENSE,high,
ext/redis-plus-plus-1.1.1/test/src/sw/redis++/geo_cmds_test.h,100644,1210,c02f8539ff9ccf36d17dff493ccd003e55c71be63edac4f1d0dc9b7f00aeb025,"C++ source, ASCII text",C,False,scanned,Apache-2.0,Apache-2.0,ext/redis-plus-plus-1.1.1/LICENSE,high,
ext/redis-plus-plus-1.1.1/test/src/sw/redis++/geo_cmds_test.hpp,100644,5445,856a6c1b582c88ea2d537e49a2cf4663ab0b4821596f22365ff0dd03d95ef4c1,"C++ source, ASCII text",C++,False,scanned,Apache-2.0,Apache-2.0,ext/redis-plus-plus-1.1.1/LICENSE,high,
ext/redis-plus-plus-1.1.1/test/src/sw/redis++/hash_cmds_test.h,100644,1322,5a75a5f6a13ad0c115a796c1cd7834a4f376979936e5cef6c7bf55c63ca88a76,"C++ source, ASCII text",C,False,scanned,Apache-2.0,Apache-2.0,ext/redis-plus-plus-1.1.1/LICENSE,high,
ext/redis-plus-plus-1.1.1/test/src/sw/redis++/hash_cmds_test.hpp,100644,5697,3ac75f26404d03b0ba6f805432a3642a9080e662fad692f892ce72fb472ed641,"C++ source, ASCII text",C++,False,scanned,Apache-2.0,Apache-2.0,ext/redis-plus-plus-1.1.1/LICENSE,high,
ext/redis-plus-plus-1.1.1/test/src/sw/redis++/hyperloglog_cmds_test.h,100644,1258,dab197eeaad3e9be6ccb030dfe50bb6977ca4d2d89d3d8e25d4407bcb9cd273c,"C++ source, ASCII text",C,False,scanned,Apache-2.0,Apache-2.0,ext/redis-plus-plus-1.1.1/LICENSE,high,
ext/redis-plus-plus-1.1.1/test/src/sw/redis++/hyperloglog_cmds_test.hpp,100644,2072,195bbe9273dfdafd323e9b43b3ccac4457e221bf3fd6501b9d9b5963ac030f19,"C++ source, ASCII text",C++,False,scanned,Apache-2.0,Apache-2.0,ext/redis-plus-plus-1.1.1/LICENSE,high,
ext/redis-plus-plus-1.1.1/test/src/sw/redis++/keys_cmds_test.h,100644,1345,1d077e67f83b759e157a100c3931fc97f549dd0dbb1e7bf82c511d704370d80a,"C++ source, ASCII text",C,False,scanned,Apache-2.0,Apache-2.0,ext/redis-plus-plus-1.1.1/LICENSE,high,
ext/redis-plus-plus-1.1.1/test/src/sw/redis++/keys_cmds_test.hpp,100644,5269,7d311c49d040a57fea8f90d24016646110af7402fc2015686f1cbb12bb50829b,"C++ source, ASCII text",C++,False,scanned,Apache-2.0,Apache-2.0,ext/redis-plus-plus-1.1.1/LICENSE,high,
ext/redis-plus-plus-1.1.1/test/src/sw/redis++/list_cmds_test.h,100644,1324,7fa31a6052cd5b4d7504ec221e5c0f80cd8e5a10571bdb6d3e6333dbacd41898,"C++ source, ASCII text",C,False,scanned,Apache-2.0,Apache-2.0,ext/redis-plus-plus-1.1.1/LICENSE,high,
ext/redis-plus-plus-1.1.1/test/src/sw/redis++/list_cmds_test.hpp,100644,4824,d02aabca45f836ab29ca1a3290d6c493f5bd879ecdc9a818f36e2c90aad4c1ba,"C++ source, ASCII text",C++,False,scanned,Apache-2.0,Apache-2.0,ext/redis-plus-plus-1.1.1/LICENSE,high,
ext/redis-plus-plus-1.1.1/test/src/sw/redis++/pipeline_transaction_test.h,100644,1557,136623bd8cc21059a2f1604edbf4d72515182b85752141d378fc47e0e14b9bcd,"C++ source, ASCII text",C,False,scanned,Apache-2.0,Apache-2.0,ext/redis-plus-plus-1.1.1/LICENSE,high,
ext/redis-plus-plus-1.1.1/test/src/sw/redis++/pipeline_transaction_test.hpp,100644,5428,5ea752356c81f02086507648549f11805d71ad4d923e0a529f888b9d34500c37,"C++ source, ASCII text",C++,False,scanned,Apache-2.0,Apache-2.0,ext/redis-plus-plus-1.1.1/LICENSE,high,
ext/redis-plus-plus-1.1.1/test/src/sw/redis++/pubsub_test.h,100644,1295,a01dda3ed0097d43dd10df25e1e51879b8ead447f504fb8d24c3751a156b9980,"C++ source, ASCII text",C,False,scanned,Apache-2.0,Apache-2.0,ext/redis-plus-plus-1.1.1/LICENSE,high,
ext/redis-plus-plus-1.1.1/test/src/sw/redis++/pubsub_test.hpp,100644,8697,2d372e01282b761f247966f301c2ee9e20323534e0d784295a11ccd18e9c503f,"C++ source, ASCII text",C++,False,scanned,Apache-2.0,Apache-2.0,ext/redis-plus-plus-1.1.1/LICENSE,high,
ext/redis-plus-plus-1.1.1/test/src/sw/redis++/sanity_test.h,100644,1863,a3e0e375c43dea031a31152f537d0f541a4d801034cb7bf427549061188cc4ac,"C++ source, ASCII text",C,False,scanned,Apache-2.0,Apache-2.0,ext/redis-plus-plus-1.1.1/LICENSE,high,
ext/redis-plus-plus-1.1.1/test/src/sw/redis++/sanity_test.hpp,100644,10497,698ea49d6f1efdd345d13303f72de04f285390f7e266f457c7f55ca038bf12ab,"C++ source, ASCII text",C++,False,scanned,Apache-2.0,Apache-2.0,ext/redis-plus-plus-1.1.1/LICENSE,high,
ext/redis-plus-plus-1.1.1/test/src/sw/redis++/script_cmds_test.h,100644,1261,6fbc4bbb730adca30fb834b17bc975e06438dd43e2f6f3293e3ddbd7332dd5b3,"C++ source, ASCII text",C,False,scanned,Apache-2.0,Apache-2.0,ext/redis-plus-plus-1.1.1/LICENSE,high,
ext/redis-plus-plus-1.1.1/test/src/sw/redis++/script_cmds_test.hpp,100644,3327,7124bd8ac998a63056890cc7a6b68f1abe98e0785cb8ec71813fa7bcf9c5bca5,"C++ source, ASCII text",C++,False,scanned,Apache-2.0,Apache-2.0,ext/redis-plus-plus-1.1.1/LICENSE,high,
ext/redis-plus-plus-1.1.1/test/src/sw/redis++/set_cmds_test.h,100644,1287,4f985f87a8aa5bb5f8936865890cfcec2e8fde29e3237e2ef32fe162548a912c,"C++ source, ASCII text",C,False,scanned,Apache-2.0,Apache-2.0,ext/redis-plus-plus-1.1.1/LICENSE,high,
ext/redis-plus-plus-1.1.1/test/src/sw/redis++/set_cmds_test.hpp,100644,6104,c096843b7307022cf50c31293620955d29983ce2ff395f50fb4874c126970d80,"C++ source, ASCII text",C++,False,scanned,Apache-2.0,Apache-2.0,ext/redis-plus-plus-1.1.1/LICENSE,high,
ext/redis-plus-plus-1.1.1/test/src/sw/redis++/stream_cmds_test.h,100644,1450,b7aa584ceefed6882953ba76cb234f6828bcebc659073b6a852ee28d085b223c,"C++ source, ASCII text",C,False,scanned,Apache-2.0,Apache-2.0,ext/redis-plus-plus-1.1.1/LICENSE,high,
ext/redis-plus-plus-1.1.1/test/src/sw/redis++/stream_cmds_test.hpp,100644,7216,bf4c2522dce5d086c725bbdb497babe8bbeb3ee745121faee6e3e1bde82cc4d7,"C++ source, ASCII text",C++,False,scanned,Apache-2.0,Apache-2.0,ext/redis-plus-plus-1.1.1/LICENSE,high,
ext/redis-plus-plus-1.1.1/test/src/sw/redis++/string_cmds_test.h,100644,1354,b242b2be734496a77df65015f65599044bc9d08b7bc5399999741f7fcd14a98f,"C++ source, ASCII text",C,False,scanned,Apache-2.0,Apache-2.0,ext/redis-plus-plus-1.1.1/LICENSE,high,
ext/redis-plus-plus-1.1.1/test/src/sw/redis++/string_cmds_test.hpp,100644,8851,fba2600211cd8252e1e48f648d859e9d990ecfe5e90996c81edf1d12c27d4738,"C++ source, ASCII text",C++,False,scanned,Apache-2.0,Apache-2.0,ext/redis-plus-plus-1.1.1/LICENSE,high,
ext/redis-plus-plus-1.1.1/test/src/sw/redis++/test_main.cpp,100644,9616,008e23baf0fd7d27f74c69fbf105ae6e6dd24df6cd811e160b67213e1676531d,"C++ source, ASCII text",C++,False,scanned,Apache-2.0,Apache-2.0,ext/redis-plus-plus-1.1.1/LICENSE,high,
ext/redis-plus-plus-1.1.1/test/src/sw/redis++/threads_test.h,100644,1317,6f0ec91dbbc2fd44ecbb9f97237f83c56687e83acceaddcbed80089112409c05,"C++ source, ASCII text",C,False,scanned,Apache-2.0,Apache-2.0,ext/redis-plus-plus-1.1.1/LICENSE,high,
ext/redis-plus-plus-1.1.1/test/src/sw/redis++/threads_test.hpp,100644,5082,7ddd1c1d04d7f5fe03537ac4173cd2871fe0e641c6d9eeab645a69acbdb8ce87,"C++ source, ASCII text",C++,False,scanned,Apache-2.0,Apache-2.0,ext/redis-plus-plus-1.1.1/LICENSE,high,
ext/redis-plus-plus-1.1.1/test/src/sw/redis++/utils.h,100644,2707,64ef782a3d47151d03420b551480db704aac23eea169f17b9008a4b296884a6e,"C++ source, ASCII text",C,False,scanned,Apache-2.0,Apache-2.0,ext/redis-plus-plus-1.1.1/LICENSE,high,
ext/redis-plus-plus-1.1.1/test/src/sw/redis++/zset_cmds_test.h,100644,1392,ea61e97051191f6f92f7d20b56198c4d60f109dd42a08ff397a69ff1a9fbef98,"C++ source, ASCII text",C,False,scanned,Apache-2.0,Apache-2.0,ext/redis-plus-plus-1.1.1/LICENSE,high,
ext/redis-plus-plus-1.1.1/test/src/sw/redis++/zset_cmds_test.hpp,100644,12304,6f6905842e869e81921eebba70f1ed640202e45de1a73c4fd92788de00d19ac4,"C++ source, ASCII text",C++,False,scanned,Apache-2.0,Apache-2.0,ext/redis-plus-plus-1.1.1/LICENSE,high,
ext/redis-plus-plus-1.3.3/.github/ISSUE_TEMPLATE/bug_report.md,100644,580,d70ebfef43698b0471101ec788faa31d64f3ae7cfba5eba6d3b909559413a013,ASCII text,,False,scanned,NONE,Apache-2.0,ext/redis-plus-plus-1.3.3/LICENSE,high,
ext/redis-plus-plus-1.3.3/.github/ISSUE_TEMPLATE/feature_request.md,100644,604,90854c21f259e993651f98d7a25827573c76320e2253246f063ffbad19d4045a,ASCII text,,False,scanned,NONE,Apache-2.0,ext/redis-plus-plus-1.3.3/LICENSE,high,
ext/redis-plus-plus-1.3.3/.github/ISSUE_TEMPLATE/question.md,100644,1159,b631c79572c98f8e114f8a175614877fd4f143b9be6d2011a11d41549939442e,"ASCII text, with very long lines",,False,scanned,NONE,Apache-2.0,ext/redis-plus-plus-1.3.3/LICENSE,high,
ext/redis-plus-plus-1.3.3/.gitignore,100644,270,3ba2020da55f76620d61950cb88f0d6cc0d5852eae7b2c03f8487a64c87da959,unscanned Git metadata,,False,scope-only,NONE,Apache-2.0,ext/redis-plus-plus-1.3.3/LICENSE,high,
ext/redis-plus-plus-1.3.3/.travis.yml,100644,781,77158c3468fe1e7d48e8e10eec69460c8399e78d1aec08e6ec98a8d7a655179f,ASCII text,,False,scanned,NONE,Apache-2.0,ext/redis-plus-plus-1.3.3/LICENSE,high,
ext/redis-plus-plus-1.3.3/CMakeLists.txt,100644,12775,f83d777cf5e20e07bc5b4295134fd51b95554d00197624e0cbd5bf759e81f845,ASCII text,,False,scanned,NONE,Apache-2.0,ext/redis-plus-plus-1.3.3/LICENSE,high,
ext/redis-plus-plus-1.3.3/LICENSE,100644,11357,c71d239df91726fc519c6eb72d318ec65820627232b2f796219e87dcf35d0ab4,ASCII text,,False,scanned,Apache-2.0,Apache-2.0,ext/redis-plus-plus-1.3.3/LICENSE,high,
ext/redis-plus-plus-1.3.3/README.md,100644,119370,8e226a2b55f75eb1cde6e1c51573fa41039db8bb7f41f92386516b88ec198ea7,"ASCII text, with very long lines",,False,scanned,NONE,Apache-2.0,ext/redis-plus-plus-1.3.3/LICENSE,high,
ext/redis-plus-plus-1.3.3/cmake/redis++-config.cmake.in,100644,353,699e132d41f188190833a1a43b31c49768e9b030d610df86d4acaee048a7e81d,ASCII text,,False,scanned,NONE,Apache-2.0,ext/redis-plus-plus-1.3.3/LICENSE,high,
ext/redis-plus-plus-1.3.3/cmake/redis++.pc.in,100644,493,c976ab7cacb6ffb8188310a0051a7423e010cee06761060d29dba82d39199c73,ASCII text,,False,scanned,NONE,Apache-2.0,ext/redis-plus-plus-1.3.3/LICENSE,high,
ext/redis-plus-plus-1.3.3/install/ubuntu22.04/amd64/include/sw/redis++/cmd_formatter.h,100644,22917,03af26ae90550456d42d5d81d783c541464e9762924318c95ea1d35f4d72a4ad,"C++ source, ASCII text",C,False,scanned,Apache-2.0,Apache-2.0,ext/redis-plus-plus-1.3.3/LICENSE,high,
ext/redis-plus-plus-1.3.3/install/ubuntu22.04/amd64/include/sw/redis++/command.h,100644,68910,5e57e8bdf46d34f6528f6e718b81a20c60008ad88594a0472e2645d8a48c61f7,"C++ source, ASCII text",C,False,scanned,Apache-2.0,Apache-2.0,ext/redis-plus-plus-1.3.3/LICENSE,high,
ext/redis-plus-plus-1.3.3/install/ubuntu22.04/amd64/include/sw/redis++/command_args.h,100644,5011,0efa53f100369be76c8e920fbb82aee4c0daf54191798892ac9fed841fa55389,"C++ source, ASCII text",C,False,scanned,Apache-2.0,Apache-2.0,ext/redis-plus-plus-1.3.3/LICENSE,high,
ext/redis-plus-plus-1.3.3/install/ubuntu22.04/amd64/include/sw/redis++/command_options.h,100644,3882,6b36b5a8f03ecfdbc39912ad874c02d5965d0107f03ae6e53e4df658c5760b5e,"C++ source, ASCII text",C,False,scanned,Apache-2.0,Apache-2.0,ext/redis-plus-plus-1.3.3/LICENSE,high,
ext/redis-plus-plus-1.3.3/install/ubuntu22.04/amd64/include/sw/redis++/connection.h,100644,6053,8af808655382ed95609f9d519018754563ac3e2b612597e4bd4fae654e572df2,"C++ source, ASCII text",C,False,scanned,Apache-2.0,Apache-2.0,ext/redis-plus-plus-1.3.3/LICENSE,high,
ext/redis-plus-plus-1.3.3/install/ubuntu22.04/amd64/include/sw/redis++/connection_pool.h,100644,5176,5ea8833e77de7314f10587121051e0441378bbab5db2269455bd30db5b8b2375,"C++ source, ASCII text",C,False,scanned,Apache-2.0,Apache-2.0,ext/redis-plus-plus-1.3.3/LICENSE,high,
ext/redis-plus-plus-1.3.3/install/ubuntu22.04/amd64/include/sw/redis++/cxx_utils.h,100644,1246,72a5de220d11f1383f18b9bda5913948de7598fbb54bd3cd59c02a9212d50468,"C++ source, ASCII text",C,False,scanned,Apache-2.0,Apache-2.0,ext/redis-plus-plus-1.3.3/LICENSE,high,
ext/redis-plus-plus-1.3.3/install/ubuntu22.04/amd64/include/sw/redis++/errors.h,100644,4327,f7e013c7eb660bd65e1f5e1d83aa531a8b537ab89f2d0af65a368eb586adeddc,"C++ source, ASCII text",C,False,scanned,Apache-2.0,Apache-2.0,ext/redis-plus-plus-1.3.3/LICENSE,high,
ext/redis-plus-plus-1.3.3/install/ubuntu22.04/amd64/include/sw/redis++/pipeline.h,100644,1455,a6d6604057a31c44b682879872818a04e0df1f495af381daf09e6794d74b21a3,"C++ source, ASCII text",C,False,scanned,Apache-2.0,Apache-2.0,ext/redis-plus-plus-1.3.3/LICENSE,high,
ext/redis-plus-plus-1.3.3/install/ubuntu22.04/amd64/include/sw/redis++/queued_redis.h,100644,67712,521db472830cf24b4cd46bd4c59e9f20d61791285f4e76ab39cab7ac82981a8b,"C++ source, ASCII text",C,False,scanned,Apache-2.0,Apache-2.0,ext/redis-plus-plus-1.3.3/LICENSE,high,
ext/redis-plus-plus-1.3.3/install/ubuntu22.04/amd64/include/sw/redis++/queued_redis.hpp,100644,7220,87eb9f65b32bf5c17faf0df2e975f36ff1a9efab003d1bd1ce778f7d30cd852c,"C++ source, ASCII text",C++,False,scanned,Apache-2.0,Apache-2.0,ext/redis-plus-plus-1.3.3/LICENSE,high,
ext/redis-plus-plus-1.3.3/install/ubuntu22.04/amd64/include/sw/redis++/redis++.h,100644,975,97670a1cde0b6a40b3056048ce19cd71a83cdcf1d9ae672e7915ddab4db01d5e,"C source, ASCII text",C,False,scanned,Apache-2.0,Apache-2.0,ext/redis-plus-plus-1.3.3/LICENSE,high,
ext/redis-plus-plus-1.3.3/install/ubuntu22.04/amd64/include/sw/redis++/redis.h,100644,167862,d4035959fa44dda6ad2e3c43d2b50ce106ba54a894fc79d79a0e0d6b03e30fcc,"C++ source, ASCII text",C,False,scanned,Apache-2.0,Apache-2.0,ext/redis-plus-plus-1.3.3/LICENSE,high,
ext/redis-plus-plus-1.3.3/install/ubuntu22.04/amd64/include/sw/redis++/redis.hpp,100644,43636,fad4d6567a13cafbcdeac092f23c4fabea1e74cb19edd6d89a11b22e53fd9232,"C++ source, ASCII text",C++,False,scanned,Apache-2.0,Apache-2.0,ext/redis-plus-plus-1.3.3/LICENSE,high,
ext/redis-plus-plus-1.3.3/install/ubuntu22.04/amd64/include/sw/redis++/redis_cluster.h,100644,52678,d2713cf02dacbe45fe8b0a6e3ff71d05c716a5af4025ecb1a851ffc4c7d528a3,"C++ source, ASCII text",C,False,scanned,Apache-2.0,Apache-2.0,ext/redis-plus-plus-1.3.3/LICENSE,high,
ext/redis-plus-plus-1.3.3/install/ubuntu22.04/amd64/include/sw/redis++/redis_cluster.hpp,100644,49049,a9e9ca89a853e64dba387ee5d2e69e271636043f134595535e5521d7319c1036,"C++ source, ASCII text",C++,False,scanned,Apache-2.0,Apache-2.0,ext/redis-plus-plus-1.3.3/LICENSE,high,
ext/redis-plus-plus-1.3.3/install/ubuntu22.04/amd64/include/sw/redis++/reply.h,100644,11652,86d1664594497f8a09e828c89b116f7f4ced4582bd71bed1507570a44165416e,"C++ source, ASCII text",C,False,scanned,Apache-2.0,Apache-2.0,ext/redis-plus-plus-1.3.3/LICENSE,high,
ext/redis-plus-plus-1.3.3/install/ubuntu22.04/amd64/include/sw/redis++/sentinel.h,100644,3673,2bb0ad82a05984faa9a7d8a79f70abccd133c30dd262756ada8848082fa696fd,"C++ source, ASCII text",C,False,scanned,Apache-2.0,Apache-2.0,ext/redis-plus-plus-1.3.3/LICENSE,high,
ext/redis-plus-plus-1.3.3/install/ubuntu22.04/amd64/include/sw/redis++/shards.h,100644,2964,29def77e9945b0008cd68f4705880d195cd48ca92b75fa349932b2a3c412b087,"C++ source, ASCII text",C,False,scanned,Apache-2.0,Apache-2.0,ext/redis-plus-plus-1.3.3/LICENSE,high,
ext/redis-plus-plus-1.3.3/install/ubuntu22.04/amd64/include/sw/redis++/shards_pool.h,100644,3084,76ae77c660f9baa930d72a6fc0011260de1bba280296ea3ce8d97bab3da14744,"C++ source, ASCII text",C,False,scanned,Apache-2.0,Apache-2.0,ext/redis-plus-plus-1.3.3/LICENSE,high,
ext/redis-plus-plus-1.3.3/install/ubuntu22.04/amd64/include/sw/redis++/subscriber.h,100644,6851,0035ee53b9d6f9af0c28774b71bd8cfb95782138bdb5f0a24954cdc742f4c154,"C++ source, ASCII text",C,False,scanned,Apache-2.0,Apache-2.0,ext/redis-plus-plus-1.3.3/LICENSE,high,
ext/redis-plus-plus-1.3.3/install/ubuntu22.04/amd64/include/sw/redis++/tls.h,100644,1200,24d88bcb0237301c7ed327e5145b6ae6114f87ec05ac60e2649ebea6c234241b,"C++ source, ASCII text",C,False,scanned,Apache-2.0,Apache-2.0,ext/redis-plus-plus-1.3.3/LICENSE,high,
ext/redis-plus-plus-1.3.3/install/ubuntu22.04/amd64/include/sw/redis++/transaction.h,100644,2079,1ee695650069c33fbfc8c53536b5a004d8cf7e29f6e7f080e57ab5f0cf718b1f,"C++ source, ASCII text",C,False,scanned,Apache-2.0,Apache-2.0,ext/redis-plus-plus-1.3.3/LICENSE,high,
ext/redis-plus-plus-1.3.3/install/ubuntu22.04/amd64/include/sw/redis++/utils.h,100644,6229,3cf68a6dbdd71bd97802d590930782f00a9ba25bf29bf2dced0bb1281b596042,"C++ source, ASCII text",C,False,scanned,Apache-2.0,Apache-2.0,ext/redis-plus-plus-1.3.3/LICENSE,high,
ext/redis-plus-plus-1.3.3/install/ubuntu22.04/amd64/lib/libredis++.a,100644,1399538,391d45e7cff3f9942dff4ef5c4ca7d4499fb2f6eeee4016ed9ba22e0ae99a61f,current ar archive,,True,scanned,NONE,Apache-2.0,ext/redis-plus-plus-1.3.3/LICENSE,high,
ext/redis-plus-plus-1.3.3/install/ubuntu22.04/amd64/lib/pkgconfig/redis++.pc,100644,514,9f46f127a554a6cc5cc1318e3d83e40ae2cd20ebce3caf95aead18ef621b2931,ASCII text,,False,scanned,NONE,Apache-2.0,ext/redis-plus-plus-1.3.3/LICENSE,high,
ext/redis-plus-plus-1.3.3/install/ubuntu22.04/amd64/share/cmake/redis++/redis++-config-version.cmake,100644,1977,6ff72b94adfc7a647c9bcaf8bc2e5af51d3e9c79abd5fc0bda3279afd5d64459,ASCII text,CMake,False,scanned,NONE,Apache-2.0,ext/redis-plus-plus-1.3.3/LICENSE,high,
ext/redis-plus-plus-1.3.3/install/ubuntu22.04/amd64/share/cmake/redis++/redis++-config.cmake,100644,1201,8c556e4c95f0de39b56fbafc040bdcac22234ba35490a232ccac8227cd65a8c1,ASCII text,CMake,False,scanned,NONE,Apache-2.0,ext/redis-plus-plus-1.3.3/LICENSE,high,
ext/redis-plus-plus-1.3.3/install/ubuntu22.04/amd64/share/cmake/redis++/redis++-targets-release.cmake,100644,878,49300caaee29a2eb9106e728328031c64d2b906a8528d1e4bb375b3a1e6ef140,ASCII text,CMake,False,scanned,NONE,Apache-2.0,ext/redis-plus-plus-1.3.3/LICENSE,high,
ext/redis-plus-plus-1.3.3/install/ubuntu22.04/amd64/share/cmake/redis++/redis++-targets.cmake,100644,3322,840a6431a2ef7989f7dddf5b63dd0ad140d7ce99872105c1ac47d355e6b55712,ASCII text,CMake,False,scanned,NONE,Apache-2.0,ext/redis-plus-plus-1.3.3/LICENSE,high,
ext/redis-plus-plus-1.3.3/install/ubuntu22.04/arm64/include/sw/redis++/cmd_formatter.h,100644,22917,03af26ae90550456d42d5d81d783c541464e9762924318c95ea1d35f4d72a4ad,"C++ source, ASCII text",C,False,scanned,Apache-2.0,Apache-2.0,ext/redis-plus-plus-1.3.3/LICENSE,high,
ext/redis-plus-plus-1.3.3/install/ubuntu22.04/arm64/include/sw/redis++/command.h,100644,68910,5e57e8bdf46d34f6528f6e718b81a20c60008ad88594a0472e2645d8a48c61f7,"C++ source, ASCII text",C,False,scanned,Apache-2.0,Apache-2.0,ext/redis-plus-plus-1.3.3/LICENSE,high,
ext/redis-plus-plus-1.3.3/install/ubuntu22.04/arm64/include/sw/redis++/command_args.h,100644,5011,0efa53f100369be76c8e920fbb82aee4c0daf54191798892ac9fed841fa55389,"C++ source, ASCII text",C,False,scanned,Apache-2.0,Apache-2.0,ext/redis-plus-plus-1.3.3/LICENSE,high,
ext/redis-plus-plus-1.3.3/install/ubuntu22.04/arm64/include/sw/redis++/command_options.h,100644,3882,6b36b5a8f03ecfdbc39912ad874c02d5965d0107f03ae6e53e4df658c5760b5e,"C++ source, ASCII text",C,False,scanned,Apache-2.0,Apache-2.0,ext/redis-plus-plus-1.3.3/LICENSE,high,
ext/redis-plus-plus-1.3.3/install/ubuntu22.04/arm64/include/sw/redis++/connection.h,100644,6053,8af808655382ed95609f9d519018754563ac3e2b612597e4bd4fae654e572df2,"C++ source, ASCII text",C,False,scanned,Apache-2.0,Apache-2.0,ext/redis-plus-plus-1.3.3/LICENSE,high,
ext/redis-plus-plus-1.3.3/install/ubuntu22.04/arm64/include/sw/redis++/connection_pool.h,100644,5176,5ea8833e77de7314f10587121051e0441378bbab5db2269455bd30db5b8b2375,"C++ source, ASCII text",C,False,scanned,Apache-2.0,Apache-2.0,ext/redis-plus-plus-1.3.3/LICENSE,high,
ext/redis-plus-plus-1.3.3/install/ubuntu22.04/arm64/include/sw/redis++/cxx_utils.h,100644,1246,72a5de220d11f1383f18b9bda5913948de7598fbb54bd3cd59c02a9212d50468,"C++ source, ASCII text",C,False,scanned,Apache-2.0,Apache-2.0,ext/redis-plus-plus-1.3.3/LICENSE,high,
ext/redis-plus-plus-1.3.3/install/ubuntu22.04/arm64/include/sw/redis++/errors.h,100644,4327,f7e013c7eb660bd65e1f5e1d83aa531a8b537ab89f2d0af65a368eb586adeddc,"C++ source, ASCII text",C,False,scanned,Apache-2.0,Apache-2.0,ext/redis-plus-plus-1.3.3/LICENSE,high,
ext/redis-plus-plus-1.3.3/install/ubuntu22.04/arm64/include/sw/redis++/pipeline.h,100644,1455,a6d6604057a31c44b682879872818a04e0df1f495af381daf09e6794d74b21a3,"C++ source, ASCII text",C,False,scanned,Apache-2.0,Apache-2.0,ext/redis-plus-plus-1.3.3/LICENSE,high,
ext/redis-plus-plus-1.3.3/install/ubuntu22.04/arm64/include/sw/redis++/queued_redis.h,100644,67712,521db472830cf24b4cd46bd4c59e9f20d61791285f4e76ab39cab7ac82981a8b,"C++ source, ASCII text",C,False,scanned,Apache-2.0,Apache-2.0,ext/redis-plus-plus-1.3.3/LICENSE,high,
ext/redis-plus-plus-1.3.3/install/ubuntu22.04/arm64/include/sw/redis++/queued_redis.hpp,100644,7220,87eb9f65b32bf5c17faf0df2e975f36ff1a9efab003d1bd1ce778f7d30cd852c,"C++ source, ASCII text",C++,False,scanned,Apache-2.0,Apache-2.0,ext/redis-plus-plus-1.3.3/LICENSE,high,
ext/redis-plus-plus-1.3.3/install/ubuntu22.04/arm64/include/sw/redis++/redis++.h,100644,975,97670a1cde0b6a40b3056048ce19cd71a83cdcf1d9ae672e7915ddab4db01d5e,"C source, ASCII text",C,False,scanned,Apache-2.0,Apache-2.0,ext/redis-plus-plus-1.3.3/LICENSE,high,
ext/redis-plus-plus-1.3.3/install/ubuntu22.04/arm64/include/sw/redis++/redis.h,100644,167862,d4035959fa44dda6ad2e3c43d2b50ce106ba54a894fc79d79a0e0d6b03e30fcc,"C++ source, ASCII text",C,False,scanned,Apache-2.0,Apache-2.0,ext/redis-plus-plus-1.3.3/LICENSE,high,
ext/redis-plus-plus-1.3.3/install/ubuntu22.04/arm64/include/sw/redis++/redis.hpp,100644,43636,fad4d6567a13cafbcdeac092f23c4fabea1e74cb19edd6d89a11b22e53fd9232,"C++ source, ASCII text",C++,False,scanned,Apache-2.0,Apache-2.0,ext/redis-plus-plus-1.3.3/LICENSE,high,
ext/redis-plus-plus-1.3.3/install/ubuntu22.04/arm64/include/sw/redis++/redis_cluster.h,100644,52678,d2713cf02dacbe45fe8b0a6e3ff71d05c716a5af4025ecb1a851ffc4c7d528a3,"C++ source, ASCII text",C,False,scanned,Apache-2.0,Apache-2.0,ext/redis-plus-plus-1.3.3/LICENSE,high,
ext/redis-plus-plus-1.3.3/install/ubuntu22.04/arm64/include/sw/redis++/redis_cluster.hpp,100644,49049,a9e9ca89a853e64dba387ee5d2e69e271636043f134595535e5521d7319c1036,"C++ source, ASCII text",C++,False,scanned,Apache-2.0,Apache-2.0,ext/redis-plus-plus-1.3.3/LICENSE,high,
ext/redis-plus-plus-1.3.3/install/ubuntu22.04/arm64/include/sw/redis++/reply.h,100644,11652,86d1664594497f8a09e828c89b116f7f4ced4582bd71bed1507570a44165416e,"C++ source, ASCII text",C,False,scanned,Apache-2.0,Apache-2.0,ext/redis-plus-plus-1.3.3/LICENSE,high,
ext/redis-plus-plus-1.3.3/install/ubuntu22.04/arm64/include/sw/redis++/sentinel.h,100644,3673,2bb0ad82a05984faa9a7d8a79f70abccd133c30dd262756ada8848082fa696fd,"C++ source, ASCII text",C,False,scanned,Apache-2.0,Apache-2.0,ext/redis-plus-plus-1.3.3/LICENSE,high,
ext/redis-plus-plus-1.3.3/install/ubuntu22.04/arm64/include/sw/redis++/shards.h,100644,2964,29def77e9945b0008cd68f4705880d195cd48ca92b75fa349932b2a3c412b087,"C++ source, ASCII text",C,False,scanned,Apache-2.0,Apache-2.0,ext/redis-plus-plus-1.3.3/LICENSE,high,
ext/redis-plus-plus-1.3.3/install/ubuntu22.04/arm64/include/sw/redis++/shards_pool.h,100644,3084,76ae77c660f9baa930d72a6fc0011260de1bba280296ea3ce8d97bab3da14744,"C++ source, ASCII text",C,False,scanned,Apache-2.0,Apache-2.0,ext/redis-plus-plus-1.3.3/LICENSE,high,
ext/redis-plus-plus-1.3.3/install/ubuntu22.04/arm64/include/sw/redis++/subscriber.h,100644,6851,0035ee53b9d6f9af0c28774b71bd8cfb95782138bdb5f0a24954cdc742f4c154,"C++ source, ASCII text",C,False,scanned,Apache-2.0,Apache-2.0,ext/redis-plus-plus-1.3.3/LICENSE,high,
ext/redis-plus-plus-1.3.3/install/ubuntu22.04/arm64/include/sw/redis++/tls.h,100644,1200,24d88bcb0237301c7ed327e5145b6ae6114f87ec05ac60e2649ebea6c234241b,"C++ source, ASCII text",C,False,scanned,Apache-2.0,Apache-2.0,ext/redis-plus-plus-1.3.3/LICENSE,high,
ext/redis-plus-plus-1.3.3/install/ubuntu22.04/arm64/include/sw/redis++/transaction.h,100644,2079,1ee695650069c33fbfc8c53536b5a004d8cf7e29f6e7f080e57ab5f0cf718b1f,"C++ source, ASCII text",C,False,scanned,Apache-2.0,Apache-2.0,ext/redis-plus-plus-1.3.3/LICENSE,high,
ext/redis-plus-plus-1.3.3/install/ubuntu22.04/arm64/include/sw/redis++/utils.h,100644,6229,3cf68a6dbdd71bd97802d590930782f00a9ba25bf29bf2dced0bb1281b596042,"C++ source, ASCII text",C,False,scanned,Apache-2.0,Apache-2.0,ext/redis-plus-plus-1.3.3/LICENSE,high,
ext/redis-plus-plus-1.3.3/install/ubuntu22.04/arm64/lib/libredis++.a,100644,1453850,5ee1b35b2597ff34cc10ab2dbc9692da9f3065e33ab796587f8972075b0dbcc7,current ar archive,,True,scanned,NONE,Apache-2.0,ext/redis-plus-plus-1.3.3/LICENSE,high,
ext/redis-plus-plus-1.3.3/install/ubuntu22.04/arm64/lib/pkgconfig/redis++.pc,100644,520,95c6656fe04fd6b248e32ce040863d499f76b18eb15bbc879a87c57b47ddfe6c,ASCII text,,False,scanned,NONE,Apache-2.0,ext/redis-plus-plus-1.3.3/LICENSE,high,
ext/redis-plus-plus-1.3.3/install/ubuntu22.04/arm64/share/cmake/redis++/redis++-config-version.cmake,100644,1977,6ff72b94adfc7a647c9bcaf8bc2e5af51d3e9c79abd5fc0bda3279afd5d64459,ASCII text,CMake,False,scanned,NONE,Apache-2.0,ext/redis-plus-plus-1.3.3/LICENSE,high,
ext/redis-plus-plus-1.3.3/install/ubuntu22.04/arm64/share/cmake/redis++/redis++-config.cmake,100644,1201,8c556e4c95f0de39b56fbafc040bdcac22234ba35490a232ccac8227cd65a8c1,ASCII text,CMake,False,scanned,NONE,Apache-2.0,ext/redis-plus-plus-1.3.3/LICENSE,high,
ext/redis-plus-plus-1.3.3/install/ubuntu22.04/arm64/share/cmake/redis++/redis++-targets-release.cmake,100644,878,49300caaee29a2eb9106e728328031c64d2b906a8528d1e4bb375b3a1e6ef140,ASCII text,CMake,False,scanned,NONE,Apache-2.0,ext/redis-plus-plus-1.3.3/LICENSE,high,
ext/redis-plus-plus-1.3.3/install/ubuntu22.04/arm64/share/cmake/redis++/redis++-targets.cmake,100644,3322,840a6431a2ef7989f7dddf5b63dd0ad140d7ce99872105c1ac47d355e6b55712,ASCII text,CMake,False,scanned,NONE,Apache-2.0,ext/redis-plus-plus-1.3.3/LICENSE,high,
ext/redis-plus-plus-1.3.3/src/sw/redis++/async_connection.cpp,100644,10621,81ad3b0fd07b1af68017bf7a8e1fb719186ea4b38d5abc19a3eb567bda003627,"C++ source, ASCII text",C++,False,scanned,Apache-2.0,Apache-2.0,ext/redis-plus-plus-1.3.3/LICENSE,high,
ext/redis-plus-plus-1.3.3/src/sw/redis++/async_connection.h,100644,14115,4b805650838c78eea1cc48a95fd649a875ad644efed2b0b0196a2bd53bfd6d1a,"C++ source, ASCII text",C,False,scanned,Apache-2.0,Apache-2.0,ext/redis-plus-plus-1.3.3/LICENSE,high,
ext/redis-plus-plus-1.3.3/src/sw/redis++/async_connection_pool.cpp,100644,10566,700e5ebe7af53472779ea7ee9e6e2abe19d204f2914254a0eeffafb1a640b0b3,"C++ source, ASCII text",C++,False,scanned,Apache-2.0,Apache-2.0,ext/redis-plus-plus-1.3.3/LICENSE,high,
ext/redis-plus-plus-1.3.3/src/sw/redis++/async_connection_pool.h,100644,5157,84e4bc579ca921cf07543528403e39ce6ae94b2f850bb835bf28165e3d74db62,"C++ source, ASCII text",C,False,scanned,Apache-2.0,Apache-2.0,ext/redis-plus-plus-1.3.3/LICENSE,high,
ext/redis-plus-plus-1.3.3/src/sw/redis++/async_redis++.h,100644,957,793dafcbd8e97458123158d46c366d7e279476b1bcd1652c549fc94070a27737,"C source, ASCII text",C,False,scanned,Apache-2.0,Apache-2.0,ext/redis-plus-plus-1.3.3/LICENSE,high,
ext/redis-plus-plus-1.3.3/src/sw/redis++/async_redis.cpp,100644,1747,3781d39639e459b526e9f21b76f0a2423f887bc995d675cedd54f9939f9766ee,"C++ source, ASCII text",C++,False,scanned,Apache-2.0,Apache-2.0,ext/redis-plus-plus-1.3.3/LICENSE,high,
ext/redis-plus-plus-1.3.3/src/sw/redis++/async_redis.h,100644,27947,2742e2f8b5c384ac598b3da046cfe95593bd079c7666c6eda9ad7a8860a33963,"C++ source, ASCII text",C,False,scanned,Apache-2.0,Apache-2.0,ext/redis-plus-plus-1.3.3/LICENSE,high,
ext/redis-plus-plus-1.3.3/src/sw/redis++/async_redis_cluster.cpp,100644,1166,a834efc762f47ad2b35a4d157575a38e6c30b4c13b4ceec05e9eb4bffd7afccd,"C++ source, ASCII text",C++,False,scanned,Apache-2.0,Apache-2.0,ext/redis-plus-plus-1.3.3/LICENSE,high,
ext/redis-plus-plus-1.3.3/src/sw/redis++/async_redis_cluster.h,100644,29718,feb7548c2ed01ed665dcd50090ad8fb4949303596611ca6290d6b5fe112cf0ce,"C++ source, ASCII text",C,False,scanned,Apache-2.0,Apache-2.0,ext/redis-plus-plus-1.3.3/LICENSE,high,
ext/redis-plus-plus-1.3.3/src/sw/redis++/async_sentinel.cpp,100644,2946,b2620fe658efd6a1bd25de6c3925424ab966714dfb9ca5e59d8a795d5fdbe0d3,"C++ source, ASCII text",C++,False,scanned,Apache-2.0,Apache-2.0,ext/redis-plus-plus-1.3.3/LICENSE,high,
ext/redis-plus-plus-1.3.3/src/sw/redis++/async_sentinel.h,100644,2171,ad97ce28a0e8f88599b42d6287c84dedaec6ce9684321aeafeec3d6d4c7b013e,"C++ source, ASCII text",C,False,scanned,Apache-2.0,Apache-2.0,ext/redis-plus-plus-1.3.3/LICENSE,high,
ext/redis-plus-plus-1.3.3/src/sw/redis++/async_shards_pool.cpp,100644,10383,992d2d06c38b4f74a1458c10fcee2d8f49e3685e801204635e7bf336499f4b22,"C++ source, ASCII text",C++,False,scanned,Apache-2.0,Apache-2.0,ext/redis-plus-plus-1.3.3/LICENSE,high,
ext/redis-plus-plus-1.3.3/src/sw/redis++/async_shards_pool.h,100644,3245,2fdc40268f36eb2a06091655a78172ef9f59342a64dcadd1e28eb1e6a126452b,"C++ source, ASCII text",C,False,scanned,Apache-2.0,Apache-2.0,ext/redis-plus-plus-1.3.3/LICENSE,high,
ext/redis-plus-plus-1.3.3/src/sw/redis++/cmd_formatter.h,100644,22917,03af26ae90550456d42d5d81d783c541464e9762924318c95ea1d35f4d72a4ad,"C++ source, ASCII text",C,False,scanned,Apache-2.0,Apache-2.0,ext/redis-plus-plus-1.3.3/LICENSE,high,
ext/redis-plus-plus-1.3.3/src/sw/redis++/command.cpp,100644,9242,8b68c30e6d5c9caf0c8fb27d0be07aa466d1bbc925c902a62d755e0998a9af62,"C++ source, ASCII text",C++,False,scanned,Apache-2.0,Apache-2.0,ext/redis-plus-plus-1.3.3/LICENSE,high,
ext/redis-plus-plus-1.3.3/src/sw/redis++/command.h,100644,68910,5e57e8bdf46d34f6528f6e718b81a20c60008ad88594a0472e2645d8a48c61f7,"C++ source, ASCII text",C,False,scanned,Apache-2.0,Apache-2.0,ext/redis-plus-plus-1.3.3/LICENSE,high,
ext/redis-plus-plus-1.3.3/src/sw/redis++/command_args.h,100644,5011,0efa53f100369be76c8e920fbb82aee4c0daf54191798892ac9fed841fa55389,"C++ source, ASCII text",C,False,scanned,Apache-2.0,Apache-2.0,ext/redis-plus-plus-1.3.3/LICENSE,high,
ext/redis-plus-plus-1.3.3/src/sw/redis++/command_options.cpp,100644,4979,49f6c5c4dcd46481bcde8d2eb8e62ff1d53395cf8c26b2d1362e2beb0f57ea26,"C++ source, ASCII text",C++,False,scanned,Apache-2.0,Apache-2.0,ext/redis-plus-plus-1.3.3/LICENSE,high,
ext/redis-plus-plus-1.3.3/src/sw/redis++/command_options.h,100644,3882,6b36b5a8f03ecfdbc39912ad874c02d5965d0107f03ae6e53e4df658c5760b5e,"C++ source, ASCII text",C,False,scanned,Apache-2.0,Apache-2.0,ext/redis-plus-plus-1.3.3/LICENSE,high,
ext/redis-plus-plus-1.3.3/src/sw/redis++/connection.cpp,100644,13083,42c8bf0b74007d837208fc1f080320561ef99ced1f037e599737aac8675d7c21,"C++ source, ASCII text",C++,False,scanned,Apache-2.0,Apache-2.0,ext/redis-plus-plus-1.3.3/LICENSE,high,
ext/redis-plus-plus-1.3.3/src/sw/redis++/connection.h,100644,6053,8af808655382ed95609f9d519018754563ac3e2b612597e4bd4fae654e572df2,"C++ source, ASCII text",C,False,scanned,Apache-2.0,Apache-2.0,ext/redis-plus-plus-1.3.3/LICENSE,high,
ext/redis-plus-plus-1.3.3/src/sw/redis++/connection_pool.cpp,100644,7859,af8ac55ea362bfea6a35916fe70d9826e1670c4c09e14bd6bc44640ba3d5ef14,"C++ source, ASCII text",C++,False,scanned,Apache-2.0,Apache-2.0,ext/redis-plus-plus-1.3.3/LICENSE,high,
ext/redis-plus-plus-1.3.3/src/sw/redis++/connection_pool.h,100644,5176,5ea8833e77de7314f10587121051e0441378bbab5db2269455bd30db5b8b2375,"C++ source, ASCII text",C,False,scanned,Apache-2.0,Apache-2.0,ext/redis-plus-plus-1.3.3/LICENSE,high,
ext/redis-plus-plus-1.3.3/src/sw/redis++/crc16.cpp,100644,4517,bc2bc31b2ebe686859cf73098aa1a46ce77f7d7de35362ad623ef64ba127d828,"C++ source, ASCII text",C++,False,scanned,BSD-3-Clause,BSD-3-Clause,direct per-file terms override package default,medium,
ext/redis-plus-plus-1.3.3/src/sw/redis++/cxx11/cxx_utils.h,100644,2760,b38a4c3d1e1f16f4563f874b7ea496a867ec44a4e7f6591e93faa15922d43e3e,"C++ source, ASCII text",C,False,scanned,Apache-2.0,Apache-2.0,ext/redis-plus-plus-1.3.3/LICENSE,high,
ext/redis-plus-plus-1.3.3/src/sw/redis++/cxx17/cxx_utils.h,100644,1246,72a5de220d11f1383f18b9bda5913948de7598fbb54bd3cd59c02a9212d50468,"C++ source, ASCII text",C,False,scanned,Apache-2.0,Apache-2.0,ext/redis-plus-plus-1.3.3/LICENSE,high,
ext/redis-plus-plus-1.3.3/src/sw/redis++/errors.cpp,100644,3448,93bee3d073e438d57199e91e694540c8e73fb6de34d437911cc17bcc437affa3,"C++ source, ASCII text",C++,False,scanned,Apache-2.0,Apache-2.0,ext/redis-plus-plus-1.3.3/LICENSE,high,
ext/redis-plus-plus-1.3.3/src/sw/redis++/errors.h,100644,4327,f7e013c7eb660bd65e1f5e1d83aa531a8b537ab89f2d0af65a368eb586adeddc,"C++ source, ASCII text",C,False,scanned,Apache-2.0,Apache-2.0,ext/redis-plus-plus-1.3.3/LICENSE,high,
ext/redis-plus-plus-1.3.3/src/sw/redis++/event_loop.cpp,100644,7599,7e92de6d5f60bc91a651dd45481df9d08a10d166758616800dc0d998ebe56765,"C++ source, ASCII text",C++,False,scanned,Apache-2.0,Apache-2.0,ext/redis-plus-plus-1.3.3/LICENSE,high,
ext/redis-plus-plus-1.3.3/src/sw/redis++/event_loop.h,100644,3390,d39c40477a72f5c6f93d5147afc61d2814d060514fa16b6483fc8a49af4e0a43,"C++ source, ASCII text",C,False,scanned,Apache-2.0,Apache-2.0,ext/redis-plus-plus-1.3.3/LICENSE,high,
ext/redis-plus-plus-1.3.3/src/sw/redis++/future/boost/async_utils.h,100644,1153,3db1939ef910d49416e0976c28ec752fcfe736af281e718d15d576856143de88,"C++ source, ASCII text",C,False,scanned,Apache-2.0,Apache-2.0,ext/redis-plus-plus-1.3.3/LICENSE,high,
ext/redis-plus-plus-1.3.3/src/sw/redis++/future/std/async_utils.h,100644,1044,2368d760702579d386b6eb33ec5ef71e604980035434e6bd8f140af5b6670a9c,"C++ source, ASCII text",C,False,scanned,Apache-2.0,Apache-2.0,ext/redis-plus-plus-1.3.3/LICENSE,high,
ext/redis-plus-plus-1.3.3/src/sw/redis++/no_tls/tls.h,100644,1200,24d88bcb0237301c7ed327e5145b6ae6114f87ec05ac60e2649ebea6c234241b,"C++ source, ASCII text",C,False,scanned,Apache-2.0,Apache-2.0,ext/redis-plus-plus-1.3.3/LICENSE,high,
ext/redis-plus-plus-1.3.3/src/sw/redis++/pipeline.cpp,100644,1049,fc3565c78499a0ce61307cab5d3c5ef2580953361881c401118bae87759f0ab1,"C++ source, ASCII text",C++,False,scanned,Apache-2.0,Apache-2.0,ext/redis-plus-plus-1.3.3/LICENSE,high,
ext/redis-plus-plus-1.3.3/src/sw/redis++/pipeline.h,100644,1455,a6d6604057a31c44b682879872818a04e0df1f495af381daf09e6794d74b21a3,"C++ source, ASCII text",C,False,scanned,Apache-2.0,Apache-2.0,ext/redis-plus-plus-1.3.3/LICENSE,high,
ext/redis-plus-plus-1.3.3/src/sw/redis++/queued_redis.h,100644,67712,521db472830cf24b4cd46bd4c59e9f20d61791285f4e76ab39cab7ac82981a8b,"C++ source, ASCII text",C,False,scanned,Apache-2.0,Apache-2.0,ext/redis-plus-plus-1.3.3/LICENSE,high,
ext/redis-plus-plus-1.3.3/src/sw/redis++/queued_redis.hpp,100644,7220,87eb9f65b32bf5c17faf0df2e975f36ff1a9efab003d1bd1ce778f7d30cd852c,"C++ source, ASCII text",C++,False,scanned,Apache-2.0,Apache-2.0,ext/redis-plus-plus-1.3.3/LICENSE,high,
ext/redis-plus-plus-1.3.3/src/sw/redis++/redis++.h,100644,975,97670a1cde0b6a40b3056048ce19cd71a83cdcf1d9ae672e7915ddab4db01d5e,"C source, ASCII text",C,False,scanned,Apache-2.0,Apache-2.0,ext/redis-plus-plus-1.3.3/LICENSE,high,
ext/redis-plus-plus-1.3.3/src/sw/redis++/redis.cpp,100644,26441,554ea4475eef2d61c8e373dd7182442658099a6fa34667f31d0f2deb3be3e95a,"C++ source, ASCII text",C++,False,scanned,Apache-2.0,Apache-2.0,ext/redis-plus-plus-1.3.3/LICENSE,high,
ext/redis-plus-plus-1.3.3/src/sw/redis++/redis.h,100644,167862,d4035959fa44dda6ad2e3c43d2b50ce106ba54a894fc79d79a0e0d6b03e30fcc,"C++ source, ASCII text",C,False,scanned,Apache-2.0,Apache-2.0,ext/redis-plus-plus-1.3.3/LICENSE,high,
ext/redis-plus-plus-1.3.3/src/sw/redis++/redis.hpp,100644,43636,fad4d6567a13cafbcdeac092f23c4fabea1e74cb19edd6d89a11b22e53fd9232,"C++ source, ASCII text",C++,False,scanned,Apache-2.0,Apache-2.0,ext/redis-plus-plus-1.3.3/LICENSE,high,
ext/redis-plus-plus-1.3.3/src/sw/redis++/redis_cluster.cpp,100644,24673,9dafbdd5998fde24b1067a93578ea9705cd7a0397ccf5fded419326b5c5f7e2b,"C++ source, ASCII text",C++,False,scanned,Apache-2.0,Apache-2.0,ext/redis-plus-plus-1.3.3/LICENSE,high,
ext/redis-plus-plus-1.3.3/src/sw/redis++/redis_cluster.h,100644,52678,d2713cf02dacbe45fe8b0a6e3ff71d05c716a5af4025ecb1a851ffc4c7d528a3,"C++ source, ASCII text",C,False,scanned,Apache-2.0,Apache-2.0,ext/redis-plus-plus-1.3.3/LICENSE,high,
ext/redis-plus-plus-1.3.3/src/sw/redis++/redis_cluster.hpp,100644,49049,a9e9ca89a853e64dba387ee5d2e69e271636043f134595535e5521d7319c1036,"C++ source, ASCII text",C++,False,scanned,Apache-2.0,Apache-2.0,ext/redis-plus-plus-1.3.3/LICENSE,high,
ext/redis-plus-plus-1.3.3/src/sw/redis++/reply.cpp,100644,4103,735cd05b3e93744708647c3dbd6bd1d2d8071e057b5a960db0e7d5c08ad2f287,"C++ source, ASCII text",C++,False,scanned,Apache-2.0,Apache-2.0,ext/redis-plus-plus-1.3.3/LICENSE,high,
ext/redis-plus-plus-1.3.3/src/sw/redis++/reply.h,100644,11652,86d1664594497f8a09e828c89b116f7f4ced4582bd71bed1507570a44165416e,"C++ source, ASCII text",C,False,scanned,Apache-2.0,Apache-2.0,ext/redis-plus-plus-1.3.3/LICENSE,high,
ext/redis-plus-plus-1.3.3/src/sw/redis++/sentinel.cpp,100644,11149,9f4111ab36b3e0333f24b20597b29748b2858eab8b580ab1b0d61b9b3750c05f,"C++ source, ASCII text",C++,False,scanned,Apache-2.0,Apache-2.0,ext/redis-plus-plus-1.3.3/LICENSE,high,
ext/redis-plus-plus-1.3.3/src/sw/redis++/sentinel.h,100644,3673,2bb0ad82a05984faa9a7d8a79f70abccd133c30dd262756ada8848082fa696fd,"C++ source, ASCII text",C,False,scanned,Apache-2.0,Apache-2.0,ext/redis-plus-plus-1.3.3/LICENSE,high,
ext/redis-plus-plus-1.3.3/src/sw/redis++/shards.cpp,100644,1817,78a2b906ff2f7722f32e221b6d9112714439273c468520c0a3bf8028f8ae5ce8,"C++ source, ASCII text",C++,False,scanned,Apache-2.0,Apache-2.0,ext/redis-plus-plus-1.3.3/LICENSE,high,
ext/redis-plus-plus-1.3.3/src/sw/redis++/shards.h,100644,2964,29def77e9945b0008cd68f4705880d195cd48ca92b75fa349932b2a3c412b087,"C++ source, ASCII text",C,False,scanned,Apache-2.0,Apache-2.0,ext/redis-plus-plus-1.3.3/LICENSE,high,
ext/redis-plus-plus-1.3.3/src/sw/redis++/shards_pool.cpp,100644,10258,fd11d189602ca8eac07c0c87ccc94cfe6d8155f2701552f70477016f56ef79ea,"C++ source, ASCII text",C++,False,scanned,Apache-2.0,Apache-2.0,ext/redis-plus-plus-1.3.3/LICENSE,high,
ext/redis-plus-plus-1.3.3/src/sw/redis++/shards_pool.h,100644,3084,76ae77c660f9baa930d72a6fc0011260de1bba280296ea3ce8d97bab3da14744,"C++ source, ASCII text",C,False,scanned,Apache-2.0,Apache-2.0,ext/redis-plus-plus-1.3.3/LICENSE,high,
ext/redis-plus-plus-1.3.3/src/sw/redis++/subscriber.cpp,100644,5802,0fa6c7bce2763816f6e75e803133e3fb2d79dbc463d86334a5ad5edb8dfa9c2b,"C++ source, ASCII text",C++,False,scanned,Apache-2.0,Apache-2.0,ext/redis-plus-plus-1.3.3/LICENSE,high,
ext/redis-plus-plus-1.3.3/src/sw/redis++/subscriber.h,100644,6851,0035ee53b9d6f9af0c28774b71bd8cfb95782138bdb5f0a24954cdc742f4c154,"C++ source, ASCII text",C,False,scanned,Apache-2.0,Apache-2.0,ext/redis-plus-plus-1.3.3/LICENSE,high,
ext/redis-plus-plus-1.3.3/src/sw/redis++/tls/tls.cpp,100644,2029,13a7a3d602ac9619df7d9a190986a8dee357dbae6dcdc344531aa663a962b1f3,"C++ source, ASCII text",C++,False,scanned,Apache-2.0,Apache-2.0,ext/redis-plus-plus-1.3.3/LICENSE,high,
ext/redis-plus-plus-1.3.3/src/sw/redis++/tls/tls.h,100644,1806,f8134f42adeb9621ac55658f2d3bb2695c9ce228e8a693bc602c4eb115dcbdab,"C++ source, ASCII text",C,False,scanned,Apache-2.0,Apache-2.0,ext/redis-plus-plus-1.3.3/LICENSE,high,
ext/redis-plus-plus-1.3.3/src/sw/redis++/transaction.cpp,100644,3338,834d2595e3ffaead10dc2522ada7d6370ed050594868719b21ac456945dfa850,"C++ source, ASCII text",C++,False,scanned,Apache-2.0,Apache-2.0,ext/redis-plus-plus-1.3.3/LICENSE,high,
ext/redis-plus-plus-1.3.3/src/sw/redis++/transaction.h,100644,2079,1ee695650069c33fbfc8c53536b5a004d8cf7e29f6e7f080e57ab5f0cf718b1f,"C++ source, ASCII text",C,False,scanned,Apache-2.0,Apache-2.0,ext/redis-plus-plus-1.3.3/LICENSE,high,
ext/redis-plus-plus-1.3.3/src/sw/redis++/utils.h,100644,6229,3cf68a6dbdd71bd97802d590930782f00a9ba25bf29bf2dced0bb1281b596042,"C++ source, ASCII text",C,False,scanned,Apache-2.0,Apache-2.0,ext/redis-plus-plus-1.3.3/LICENSE,high,
ext/redis-plus-plus-1.3.3/test/CMakeLists.txt,100644,1874,6dfe2237f84dd6ebd9e3fcd295cf8efc87341f71bbc378202fb8ba8ea468de69,ASCII text,,False,scanned,NONE,Apache-2.0,ext/redis-plus-plus-1.3.3/LICENSE,high,
ext/redis-plus-plus-1.3.3/test/src/sw/redis++/benchmark_test.h,100644,1966,40fe0df44d687f958a4e19aadaaab5e3b3e906e29940cba650bb00c19e9c683b,"C++ source, ASCII text",C,False,scanned,Apache-2.0,Apache-2.0,ext/redis-plus-plus-1.3.3/LICENSE,high,
ext/redis-plus-plus-1.3.3/test/src/sw/redis++/benchmark_test.hpp,100644,5638,af190fa00abb2b40445e20c4f9981c330149be4f0537b02155d006330a077491,"C++ source, ASCII text",C++,False,scanned,Apache-2.0,Apache-2.0,ext/redis-plus-plus-1.3.3/LICENSE,high,
ext/redis-plus-plus-1.3.3/test/src/sw/redis++/connection_cmds_test.h,100644,1282,cabab7879578c974361119a27f197b33f7ba77bc6ec4e4b5056d38df9956e1d3,"C++ source, ASCII text",C,False,scanned,Apache-2.0,Apache-2.0,ext/redis-plus-plus-1.3.3/LICENSE,high,
ext/redis-plus-plus-1.3.3/test/src/sw/redis++/connection_cmds_test.hpp,100644,1539,b9a029e45af881652f0ad1a4644d3753dade0a71d612f91022e4588adb06b54c,"C++ source, ASCII text",C++,False,scanned,Apache-2.0,Apache-2.0,ext/redis-plus-plus-1.3.3/LICENSE,high,
ext/redis-plus-plus-1.3.3/test/src/sw/redis++/geo_cmds_test.h,100644,1210,c02f8539ff9ccf36d17dff493ccd003e55c71be63edac4f1d0dc9b7f00aeb025,"C++ source, ASCII text",C,False,scanned,Apache-2.0,Apache-2.0,ext/redis-plus-plus-1.3.3/LICENSE,high,
ext/redis-plus-plus-1.3.3/test/src/sw/redis++/geo_cmds_test.hpp,100644,7035,1f9cb8f0033376f76673dcf92b24e20cadb0c0333afc722fc6ab97f815c259cd,"C++ source, ASCII text",C++,False,scanned,Apache-2.0,Apache-2.0,ext/redis-plus-plus-1.3.3/LICENSE,high,
ext/redis-plus-plus-1.3.3/test/src/sw/redis++/hash_cmds_test.h,100644,1322,5a75a5f6a13ad0c115a796c1cd7834a4f376979936e5cef6c7bf55c63ca88a76,"C++ source, ASCII text",C,False,scanned,Apache-2.0,Apache-2.0,ext/redis-plus-plus-1.3.3/LICENSE,high,
ext/redis-plus-plus-1.3.3/test/src/sw/redis++/hash_cmds_test.hpp,100644,6025,9040de4b8f6518748c5b4baf752c54df61f5f0581cb26461a98c55376319d97d,"C++ source, ASCII text",C++,False,scanned,Apache-2.0,Apache-2.0,ext/redis-plus-plus-1.3.3/LICENSE,high,
ext/redis-plus-plus-1.3.3/test/src/sw/redis++/hyperloglog_cmds_test.h,100644,1258,dab197eeaad3e9be6ccb030dfe50bb6977ca4d2d89d3d8e25d4407bcb9cd273c,"C++ source, ASCII text",C,False,scanned,Apache-2.0,Apache-2.0,ext/redis-plus-plus-1.3.3/LICENSE,high,
ext/redis-plus-plus-1.3.3/test/src/sw/redis++/hyperloglog_cmds_test.hpp,100644,2072,195bbe9273dfdafd323e9b43b3ccac4457e221bf3fd6501b9d9b5963ac030f19,"C++ source, ASCII text",C++,False,scanned,Apache-2.0,Apache-2.0,ext/redis-plus-plus-1.3.3/LICENSE,high,
ext/redis-plus-plus-1.3.3/test/src/sw/redis++/keys_cmds_test.h,100644,1345,1d077e67f83b759e157a100c3931fc97f549dd0dbb1e7bf82c511d704370d80a,"C++ source, ASCII text",C,False,scanned,Apache-2.0,Apache-2.0,ext/redis-plus-plus-1.3.3/LICENSE,high,
ext/redis-plus-plus-1.3.3/test/src/sw/redis++/keys_cmds_test.hpp,100644,5269,7d311c49d040a57fea8f90d24016646110af7402fc2015686f1cbb12bb50829b,"C++ source, ASCII text",C++,False,scanned,Apache-2.0,Apache-2.0,ext/redis-plus-plus-1.3.3/LICENSE,high,
ext/redis-plus-plus-1.3.3/test/src/sw/redis++/list_cmds_test.h,100644,1324,7fa31a6052cd5b4d7504ec221e5c0f80cd8e5a10571bdb6d3e6333dbacd41898,"C++ source, ASCII text",C,False,scanned,Apache-2.0,Apache-2.0,ext/redis-plus-plus-1.3.3/LICENSE,high,
ext/redis-plus-plus-1.3.3/test/src/sw/redis++/list_cmds_test.hpp,100644,4824,d02aabca45f836ab29ca1a3290d6c493f5bd879ecdc9a818f36e2c90aad4c1ba,"C++ source, ASCII text",C++,False,scanned,Apache-2.0,Apache-2.0,ext/redis-plus-plus-1.3.3/LICENSE,high,
ext/redis-plus-plus-1.3.3/test/src/sw/redis++/pipeline_transaction_test.h,100644,1723,92f179d855d73b34b0e79ed4c0d6f48d915a5defeecc471180e9577502d7d9c8,"C++ source, ASCII text",C,False,scanned,Apache-2.0,Apache-2.0,ext/redis-plus-plus-1.3.3/LICENSE,high,
ext/redis-plus-plus-1.3.3/test/src/sw/redis++/pipeline_transaction_test.hpp,100644,9235,1c34c5a0f03b7f3656e682a318ecfe0145d04c33e7c16f79e4ecf3bd1b12a9a8,"C++ source, ASCII text",C++,False,scanned,Apache-2.0,Apache-2.0,ext/redis-plus-plus-1.3.3/LICENSE,high,
ext/redis-plus-plus-1.3.3/test/src/sw/redis++/pubsub_test.h,100644,1295,a01dda3ed0097d43dd10df25e1e51879b8ead447f504fb8d24c3751a156b9980,"C++ source, ASCII text",C,False,scanned,Apache-2.0,Apache-2.0,ext/redis-plus-plus-1.3.3/LICENSE,high,
ext/redis-plus-plus-1.3.3/test/src/sw/redis++/pubsub_test.hpp,100644,8697,2d372e01282b761f247966f301c2ee9e20323534e0d784295a11ccd18e9c503f,"C++ source, ASCII text",C++,False,scanned,Apache-2.0,Apache-2.0,ext/redis-plus-plus-1.3.3/LICENSE,high,
ext/redis-plus-plus-1.3.3/test/src/sw/redis++/sanity_test.h,100644,1952,2e3fc58b9887cddee4358271060a30e7d432095da2b4299e98beb64c0f451002,"C++ source, ASCII text",C,False,scanned,Apache-2.0,Apache-2.0,ext/redis-plus-plus-1.3.3/LICENSE,high,
ext/redis-plus-plus-1.3.3/test/src/sw/redis++/sanity_test.hpp,100644,19375,418b02a151936e79175b74cc518e0d63499a1b4c75c727389a33cc8613e9f44b,"C++ source, ASCII text",C++,False,scanned,Apache-2.0,Apache-2.0,ext/redis-plus-plus-1.3.3/LICENSE,high,
ext/redis-plus-plus-1.3.3/test/src/sw/redis++/script_cmds_test.h,100644,1261,6fbc4bbb730adca30fb834b17bc975e06438dd43e2f6f3293e3ddbd7332dd5b3,"C++ source, ASCII text",C,False,scanned,Apache-2.0,Apache-2.0,ext/redis-plus-plus-1.3.3/LICENSE,high,
ext/redis-plus-plus-1.3.3/test/src/sw/redis++/script_cmds_test.hpp,100644,4586,9390be2d8ce847e7ac1f092d42b39848693c54cf50815ff5bd298c20111601d6,"C++ source, ASCII text",C++,False,scanned,Apache-2.0,Apache-2.0,ext/redis-plus-plus-1.3.3/LICENSE,high,
ext/redis-plus-plus-1.3.3/test/src/sw/redis++/set_cmds_test.h,100644,1287,4f985f87a8aa5bb5f8936865890cfcec2e8fde29e3237e2ef32fe162548a912c,"C++ source, ASCII text",C,False,scanned,Apache-2.0,Apache-2.0,ext/redis-plus-plus-1.3.3/LICENSE,high,
ext/redis-plus-plus-1.3.3/test/src/sw/redis++/set_cmds_test.hpp,100644,6104,c096843b7307022cf50c31293620955d29983ce2ff395f50fb4874c126970d80,"C++ source, ASCII text",C++,False,scanned,Apache-2.0,Apache-2.0,ext/redis-plus-plus-1.3.3/LICENSE,high,
ext/redis-plus-plus-1.3.3/test/src/sw/redis++/stream_cmds_test.h,100644,1450,b7aa584ceefed6882953ba76cb234f6828bcebc659073b6a852ee28d085b223c,"C++ source, ASCII text",C,False,scanned,Apache-2.0,Apache-2.0,ext/redis-plus-plus-1.3.3/LICENSE,high,
ext/redis-plus-plus-1.3.3/test/src/sw/redis++/stream_cmds_test.hpp,100644,8466,11aed78dda2f04509bf3cc32ee6e4c5df69337beb832ba99bf62124337ba8a82,"C++ source, ASCII text",C++,False,scanned,Apache-2.0,Apache-2.0,ext/redis-plus-plus-1.3.3/LICENSE,high,
ext/redis-plus-plus-1.3.3/test/src/sw/redis++/string_cmds_test.h,100644,1354,b242b2be734496a77df65015f65599044bc9d08b7bc5399999741f7fcd14a98f,"C++ source, ASCII text",C,False,scanned,Apache-2.0,Apache-2.0,ext/redis-plus-plus-1.3.3/LICENSE,high,
ext/redis-plus-plus-1.3.3/test/src/sw/redis++/string_cmds_test.hpp,100644,8853,6a4ee009570d4d7d5e51dca45a79a26dfca172fe1e61157458adf07fa6f24871,"C++ source, ASCII text",C++,False,scanned,Apache-2.0,Apache-2.0,ext/redis-plus-plus-1.3.3/LICENSE,high,
ext/redis-plus-plus-1.3.3/test/src/sw/redis++/test_main.cpp,100644,12408,ef321513872f32de9e9391993d801c782a680bf87eb34ad86fc14968f28abd3b,"C++ source, ASCII text",C++,False,scanned,Apache-2.0,Apache-2.0,ext/redis-plus-plus-1.3.3/LICENSE,high,
ext/redis-plus-plus-1.3.3/test/src/sw/redis++/threads_test.h,100644,1317,6f0ec91dbbc2fd44ecbb9f97237f83c56687e83acceaddcbed80089112409c05,"C++ source, ASCII text",C,False,scanned,Apache-2.0,Apache-2.0,ext/redis-plus-plus-1.3.3/LICENSE,high,
ext/redis-plus-plus-1.3.3/test/src/sw/redis++/threads_test.hpp,100644,5082,7ddd1c1d04d7f5fe03537ac4173cd2871fe0e641c6d9eeab645a69acbdb8ce87,"C++ source, ASCII text",C++,False,scanned,Apache-2.0,Apache-2.0,ext/redis-plus-plus-1.3.3/LICENSE,high,
ext/redis-plus-plus-1.3.3/test/src/sw/redis++/utils.h,100644,2911,1a56eeb351e26740e43759a6edf9767c030d73c0cf9be0bdc5cfc703326cd822,"C++ source, ASCII text",C,False,scanned,Apache-2.0,Apache-2.0,ext/redis-plus-plus-1.3.3/LICENSE,high,
ext/redis-plus-plus-1.3.3/test/src/sw/redis++/zset_cmds_test.h,100644,1392,ea61e97051191f6f92f7d20b56198c4d60f109dd42a08ff397a69ff1a9fbef98,"C++ source, ASCII text",C,False,scanned,Apache-2.0,Apache-2.0,ext/redis-plus-plus-1.3.3/LICENSE,high,
ext/redis-plus-plus-1.3.3/test/src/sw/redis++/zset_cmds_test.hpp,100644,15224,6901786662cad20e51baab7c62fa1cb1afb4c22cb2c6b5c4cb050bc6519f5a8c,"C++ source, ASCII text",C++,False,scanned,Apache-2.0,Apache-2.0,ext/redis-plus-plus-1.3.3/LICENSE,high,
ext/x64-salsa2012-asm/README.md,100644,573,7c957cd19bb76a74f9b640ef5ecfa7cb681468979173f4348556ae1f1eba1e73,"ASCII text, with very long lines",,False,scanned,LicenseRef-scancode-public-domain,LicenseRef-Public-Domain,ext/x64-salsa2012-asm/README.md,high,
ext/x64-salsa2012-asm/salsa2012.h,100644,340,1a7bd6cbc123972a553d7af60bff8c7751ab72450870a20ff9042444eb7cc6a8,"C source, ASCII text",C,False,scanned,NONE,LicenseRef-Public-Domain,ext/x64-salsa2012-asm/README.md,high,
ext/x64-salsa2012-asm/salsa2012.s,100644,123051,787bf4e080323bfb84ce8cc48dd47b1d2dae134d9f14a79d74c7972f754c3394,"assembler source, ASCII text",GAS,False,scanned,NONE,LicenseRef-Public-Domain,ext/x64-salsa2012-asm/README.md,high,
include/README.md,100644,211,a745411a44f77c4133bedb751c59f47acdfd1a83f3e66efbf434006cde2cfc5a,ASCII text,,False,scanned,NONE,Apache-2.0 (effective 2026-01-01; formerly BUSL-1.1),root LICENSE.txt and COPYING,high,
include/ZeroTierDebug.h,100644,2711,4e3d9d5ccec3940d5735d5322465c8a99a4e2ada709e270dc45a481f48b3d3e0,"C source, ASCII text",C,False,scanned,Apache-2.0,Apache-2.0 (effective 2026-01-01; formerly BUSL-1.1),root LICENSE.txt and COPYING,high,
include/ZeroTierOne.h,100644,58572,abb8a9fb15d1ee568e5411233078e940711d8dec6768ce22b7baabdf73d5d58c,"C source, ASCII text",C,False,scanned,Apache-2.0,Apache-2.0 (effective 2026-01-01; formerly BUSL-1.1),root LICENSE.txt and COPYING,high,
java/CMakeLists.txt,100644,2186,796ac4be723eac5de53609acddd95fcc1459207b68aeaa057de36653ca81ec52,ASCII text,,False,scanned,NONE,Apache-2.0 (effective 2026-01-01; formerly BUSL-1.1),root LICENSE.txt and COPYING,high,
java/README.md,100644,345,b2ac35d382359a0e1030eb14ae5102c6044ca0a7efaf2fa03ab4b55006c4e613,ASCII text,,False,scanned,NONE,Apache-2.0 (effective 2026-01-01; formerly BUSL-1.1),root LICENSE.txt and COPYING,high,
java/build.xml,100644,4659,d8136cfbc90629bf7fc6ffce6763383ac514424180ca9022e168dedda538a1cf,"exported SGML document, ASCII text",,False,scanned,NONE,Apache-2.0 (effective 2026-01-01; formerly BUSL-1.1),root LICENSE.txt and COPYING,high,
java/jni/ZT_jnicache.cpp,100644,11618,50af1fb5fd6a94c056a73123cea01a93ace2e02d56d380df07996e354293fa25,"C source, ASCII text, with very long lines",C++,False,scanned,NONE,Apache-2.0 (effective 2026-01-01; formerly BUSL-1.1),root LICENSE.txt and COPYING,high,
java/jni/ZT_jnicache.h,100644,2847,ad6e3b5f21a2d7a2c08c58ff541479f6dbda2b67a4ff561217c40dc25ed9911c,"C source, ASCII text",C,False,scanned,NONE,Apache-2.0 (effective 2026-01-01; formerly BUSL-1.1),root LICENSE.txt and COPYING,high,
java/jni/ZT_jniutils.cpp,100644,18482,be47f19c4c90e09e57a446d834924c5c7930cf161de2ca12f16da9e4396df690,"C source, ASCII text",C++,False,scanned,GPL-3.0-or-later,GPL-3.0-or-later,direct ScanCode detection,high,
java/jni/ZT_jniutils.h,100644,5617,4df0576498fd6e2e7fb3a4d3d2aa962a609cc69a2a5cc75239897392982e1753,"C++ source, ASCII text",C,False,scanned,GPL-3.0-or-later,GPL-3.0-or-later,direct ScanCode detection,high,
java/jni/com_zerotierone_sdk_Node.cpp,100644,42528,b8ce06c1121bc05c4524649d13cb5abac44ec6bc69fbc1ce05e7420c85b7f89e,"C source, ASCII text, with very long lines",C++,False,scanned,GPL-3.0-or-later AND GPL-3.0-only,GPL-3.0-or-later AND GPL-3.0-only,direct ScanCode detection,high,
java/jni/com_zerotierone_sdk_Node.h,100644,4216,088f2e08a9e519fa01e459b278ea0ef177a099cf40d9adb8e08cb5849734aa33,"C source, ASCII text, with very long lines",C,False,scanned,NONE,Apache-2.0 (effective 2026-01-01; formerly BUSL-1.1),root LICENSE.txt and COPYING,high,
java/src/com/zerotier/sdk/DataStoreGetListener.java,100644,2184,28d32b23e08da97488a9bb3724ad1c8917320b235c30cb4241091813b76d6fdb,ASCII text,Java,False,scanned,GPL-3.0-or-later AND GPL-3.0-only,GPL-3.0-or-later AND GPL-3.0-only,direct ScanCode detection,high,
java/src/com/zerotier/sdk/DataStorePutListener.java,100644,2098,c587a45aa2fdc6757627b064a3bfb12d5b70d75ca1f19da6ef994e2cdb26c449,ASCII text,Java,False,scanned,GPL-3.0-or-later AND GPL-3.0-only,GPL-3.0-or-later AND GPL-3.0-only,direct ScanCode detection,high,
java/src/com/zerotier/sdk/Event.java,100644,5239,d33206f041781148423660d64b05bdddad626696d6a85b6e67230f8737de3be1,ASCII text,Java,False,scanned,GPL-3.0-or-later AND GPL-3.0-only,GPL-3.0-or-later AND GPL-3.0-only,direct ScanCode detection,high,
java/src/com/zerotier/sdk/EventListener.java,100644,1623,25af865a7ecc07f82772ff8e9562bb1975b2cc3e44d33d615a709715632f4fe7,ASCII text,Java,False,scanned,GPL-3.0-or-later AND GPL-3.0-only,GPL-3.0-or-later AND GPL-3.0-only,direct ScanCode detection,high,
java/src/com/zerotier/sdk/Node.java,100644,16121,5bb860264de417aee57383f6859212533923d1fa2b1c70612672a0af8ac79db5,"Java source, ASCII text",Java,False,scanned,GPL-3.0-or-later AND GPL-3.0-only,GPL-3.0-or-later AND GPL-3.0-only,direct ScanCode detection,high,
java/src/com/zerotier/sdk/NodeStatus.java,100644,2589,96d24062b86b2dd80db9cd046946989605d5b50cd4f01aec4218a03775750d74,"Java source, ASCII text",Java,False,scanned,GPL-3.0-or-later AND GPL-3.0-only,GPL-3.0-or-later AND GPL-3.0-only,direct ScanCode detection,high,
java/src/com/zerotier/sdk/PacketSender.java,100644,1961,c0e6a6e1cf81d7da00666ad8b50f19a7b86e9889327217c5449bd478e3ac4d97,"Java source, ASCII text",Java,False,scanned,GPL-3.0-or-later AND GPL-3.0-only,GPL-3.0-or-later AND GPL-3.0-only,direct ScanCode detection,high,
java/src/com/zerotier/sdk/PathChecker.java,100644,1947,162fbc805d65729584c43350c8d99610174a4e8cdc6547aa799a09edbb75897b,"Java source, ASCII text",Java,False,scanned,NONE,Apache-2.0 (effective 2026-01-01; formerly BUSL-1.1),root LICENSE.txt and COPYING,high,
java/src/com/zerotier/sdk/Peer.java,100644,3089,b3a18eacf0c3be63be37bdb1ae6ff5be459f5c51f0714b6b81111dad5554ebc1,"Java source, ASCII text",Java,False,scanned,GPL-3.0-or-later AND GPL-3.0-only,GPL-3.0-or-later AND GPL-3.0-only,direct ScanCode detection,high,
java/src/com/zerotier/sdk/PeerPhysicalPath.java,100644,2606,35aebecbadb2a1e90a9d27aa869ee57809c8c2134928db2a21d16236a0d28236,"Java source, ASCII text",Java,False,scanned,GPL-3.0-or-later AND GPL-3.0-only,GPL-3.0-or-later AND GPL-3.0-only,direct ScanCode detection,high,
java/src/com/zerotier/sdk/PeerRole.java,100644,1932,087c12a1b1548c3ee4d2da7fd556655cde0103e429610ed3b580e19e2e851d4e,ASCII text,Java,False,scanned,GPL-3.0-or-later AND GPL-3.0-only,GPL-3.0-or-later AND GPL-3.0-only,direct ScanCode detection,high,
java/src/com/zerotier/sdk/ResultCode.java,100644,3157,db20b77a61cff33ffa3c5418e2ca8939be317bfe7e14399f1a258dffab3c814b,ASCII text,Java,False,scanned,GPL-3.0-or-later AND GPL-3.0-only,GPL-3.0-or-later AND GPL-3.0-only,direct ScanCode detection,high,
java/src/com/zerotier/sdk/Version.java,100644,1575,913acda9fdddd865b2353d4d36babff30a0c1fd9b81c5cd9a57eb6843bece3b3,ASCII text,Java,False,scanned,GPL-3.0-or-later AND GPL-3.0-only,GPL-3.0-or-later AND GPL-3.0-only,direct ScanCode detection,high,
java/src/com/zerotier/sdk/VirtualNetworkConfig.java,100644,12273,5a3091e6bf36f43149e6acc1d11f570ff9c9ebd8755ab2827d92d3b4a894a806,"Java source, ASCII text, with very long lines",Java,False,scanned,GPL-3.0-or-later AND GPL-3.0-only,GPL-3.0-or-later AND GPL-3.0-only,direct ScanCode detection,high,
java/src/com/zerotier/sdk/VirtualNetworkConfigListener.java,100644,2480,0cd68b789d4d022509ceec84a66108bc9f59775ebc16800564343479003a73b9,ASCII text,Java,False,scanned,GPL-3.0-or-later AND GPL-3.0-only,GPL-3.0-or-later AND GPL-3.0-only,direct ScanCode detection,high,
java/src/com/zerotier/sdk/VirtualNetworkConfigOperation.java,100644,2477,ab8fefa665f0c6d1a895151e495ce3d24a86489694ac2fc2c76421a4017d1e0f,ASCII text,Java,False,scanned,GPL-3.0-or-later AND GPL-3.0-only,GPL-3.0-or-later AND GPL-3.0-only,direct ScanCode detection,high,
java/src/com/zerotier/sdk/VirtualNetworkDNS.java,100644,1726,9bb1da25f16e387c4c111f29d71c89d3a4f19554a5c268c240af6818a6ba7703,"C source, ASCII text",Java,False,scanned,NONE,Apache-2.0 (effective 2026-01-01; formerly BUSL-1.1),root LICENSE.txt and COPYING,high,
java/src/com/zerotier/sdk/VirtualNetworkFrameListener.java,100644,1707,bac7a63bce6b3509e3de328bf7fa9127df58ec2b79b8293c4a26c8a04bb876fe,ASCII text,Java,False,scanned,GPL-3.0-or-later AND GPL-3.0-only,GPL-3.0-or-later AND GPL-3.0-only,direct ScanCode detection,high,
java/src/com/zerotier/sdk/VirtualNetworkRoute.java,100644,4287,9090204af74f625396796c3545bbee923800857258a731c974f8263e8c8d7222,"Java source, ASCII text",Java,False,scanned,GPL-3.0-or-later AND GPL-3.0-only,GPL-3.0-or-later AND GPL-3.0-only,direct ScanCode detection,high,
java/src/com/zerotier/sdk/VirtualNetworkStatus.java,100644,2870,fed5d4965393ec15871a6369ab5dbba3787847e233674e9ecd79c8cc00b46f6f,ASCII text,Java,False,scanned,GPL-3.0-or-later AND GPL-3.0-only,GPL-3.0-or-later AND GPL-3.0-only,direct ScanCode detection,high,
java/src/com/zerotier/sdk/VirtualNetworkType.java,100644,1956,207ba50b98ce062119349b905e4c2737674d55289df56eb7faec6bc12d16b7cb,ASCII text,Java,False,scanned,GPL-3.0-or-later AND GPL-3.0-only,GPL-3.0-or-later AND GPL-3.0-only,direct ScanCode detection,high,
java/src/com/zerotier/sdk/util/StringUtils.java,100644,1361,47667618e2ea63263f4a49f0bdb68fb0d66e29f70fb023b7298d5e65a6ddc1bf,ASCII text,Java,False,scanned,NONE,Apache-2.0 (effective 2026-01-01; formerly BUSL-1.1),root LICENSE.txt and COPYING,high,
java/test/com/zerotier/sdk/util/StringUtilsTest.java,100644,2309,6685766cc95bfb93fab450b38568b2b71b301a629243c6d821a63e76342a2184,"Java source, ASCII text",Java,False,scanned,NONE,Apache-2.0 (effective 2026-01-01; formerly BUSL-1.1),root LICENSE.txt and COPYING,high,
make-bsd.mk,100644,6428,feacde36371fc5292907216c21dfd2974b9f5be7001f7761df2e150f12b30478,"ASCII text, with very long lines",,False,scanned,NONE,Apache-2.0 (effective 2026-01-01; formerly BUSL-1.1),root LICENSE.txt and COPYING,high,
make-linux.mk,100644,21102,dfe9ecc6da89196c1ff86da32a80796303626b0921e41836dbe4030489a293ff,"ASCII text, with very long lines",,False,scanned,NONE,Apache-2.0 (effective 2026-01-01; formerly BUSL-1.1),root LICENSE.txt and COPYING,high,
make-mac.mk,100644,9560,61bb569992c554d394030e35bda04213d8a1f79778e3c0d3219e0ebef24115e4,"makefile script, ASCII text, with very long lines",,False,scanned,NONE,Apache-2.0 (effective 2026-01-01; formerly BUSL-1.1),root LICENSE.txt and COPYING,high,
make-netbsd.mk,100644,1820,40166974992424caca2f21a3a1ab71c92b7b8776f51e5e5aabcc7f2e0c1463c1,"makefile script, ASCII text",,False,scanned,NONE,Apache-2.0 (effective 2026-01-01; formerly BUSL-1.1),root LICENSE.txt and COPYING,high,
node/AES.cpp,100644,48610,c0cfbae10b83eaae2468c8b60c4270b5ab4e52b53540e214726d837356e7e37e,"C++ source, ASCII text, with very long lines",C++,False,scanned,Apache-2.0,Apache-2.0 (effective 2026-01-01; formerly BUSL-1.1),root LICENSE.txt and COPYING,high,
node/AES.hpp,100644,15516,7b4dec51352cfca451102f4f7713db0d7928ec16ced0c6929530132cf201b0f1,"C++ source, ASCII text",C++,False,scanned,Apache-2.0,Apache-2.0 (effective 2026-01-01; formerly BUSL-1.1),root LICENSE.txt and COPYING,high,
node/AES_aesni.cpp,100644,25672,d98b76a211b5c242114e576816fd3ef434ba4cdfc3397b04a56cf7e6798deb1c,"C++ source, ASCII text, with very long lines",C++,False,scanned,Apache-2.0,Apache-2.0 (effective 2026-01-01; formerly BUSL-1.1),root LICENSE.txt and COPYING,high,
node/AES_armcrypto.cpp,100644,14663,da073ab9a250d6ddff58796c0896e7e1c3981cadcaeb2a4f17c7f48f3ad2a8bd,"C++ source, ASCII text, with very long lines",C++,False,scanned,Apache-2.0,Apache-2.0 (effective 2026-01-01; formerly BUSL-1.1),root LICENSE.txt and COPYING,high,
node/Address.hpp,100644,4690,057f383243b4474095fc33695e8bdf3be9ef54ed3ff9a41085f70df2854bfb0a,"C++ source, ASCII text",C++,False,scanned,Apache-2.0,Apache-2.0 (effective 2026-01-01; formerly BUSL-1.1),root LICENSE.txt and COPYING,high,
node/AtomicCounter.hpp,100644,1234,8390231e818ffd3e700f4e3fee58cf0fead4bb76265031922e5d68dba82f00ea,"C++ source, ASCII text",C++,False,scanned,Apache-2.0,Apache-2.0 (effective 2026-01-01; formerly BUSL-1.1),root LICENSE.txt and COPYING,high,
node/Bond.cpp,100644,72854,f4505e679812cfe4230f114c54dd3ab9a7dc1fa64aeeba4af5cb95a4ab57e879,"C++ source, ASCII text",C++,False,scanned,Apache-2.0,Apache-2.0 (effective 2026-01-01; formerly BUSL-1.1),root LICENSE.txt and COPYING,high,
node/Bond.hpp,100644,42187,a2d11d37569ccf5429e13935025b98ff2a2f8856bd713e7ef698fd6df1d14a1c,"C++ source, ASCII text",C++,False,scanned,Apache-2.0,Apache-2.0 (effective 2026-01-01; formerly BUSL-1.1),root LICENSE.txt and COPYING,high,
node/Buffer.hpp,100644,11141,44bf990930ce6069f4420f354dd2ba57c63777282bca878822336a35a72d677b,"C++ source, ASCII text",C++,False,scanned,Apache-2.0,Apache-2.0 (effective 2026-01-01; formerly BUSL-1.1),root LICENSE.txt and COPYING,high,
node/C25519.cpp,100644,222825,5160338951f9c08dfeac88b4726a61fb58fb46480bd8f04b03a2a3c3c2e71292,"C source, ASCII text",C++,False,scanned,LicenseRef-scancode-public-domain,LicenseRef-scancode-public-domain,direct ScanCode detection,high,
node/C25519.hpp,100644,5438,31b921d5fe27e8935eb823f1d9e8942319b891b9f1fb50e54ea4a34529a35e7f,"C++ source, ASCII text",C++,False,scanned,Apache-2.0,Apache-2.0 (effective 2026-01-01; formerly BUSL-1.1),root LICENSE.txt and COPYING,high,
node/Capability.cpp,100644,1944,d8281581484dda09005ef18c0edb1d61535cb45e45e2f6e5f786750df7d78af3,"C++ source, ASCII text",C++,False,scanned,Apache-2.0,Apache-2.0 (effective 2026-01-01; formerly BUSL-1.1),root LICENSE.txt and COPYING,high,
node/Capability.hpp,100644,16775,bcf9dc4f10007b359808aa721687a0999962b6de8677dbf28c8c4863f5d52922,"C++ source, ASCII text",C++,False,scanned,Apache-2.0,Apache-2.0 (effective 2026-01-01; formerly BUSL-1.1),root LICENSE.txt and COPYING,high,
node/CertificateOfMembership.cpp,100644,4239,307b2fb0d30ad2de8074e46cf0ca573de55a478a8c0c858f233aa49e4437b375,"C++ source, ASCII text",C++,False,scanned,Apache-2.0,Apache-2.0 (effective 2026-01-01; formerly BUSL-1.1),root LICENSE.txt and COPYING,high,
node/CertificateOfMembership.hpp,100644,8712,4dcaab96c228100d7fe2b34da00225f8b4c3bb0d3f8c1e89f5ae75e623ca187b,"C++ source, ASCII text",C++,False,scanned,Apache-2.0,Apache-2.0 (effective 2026-01-01; formerly BUSL-1.1),root LICENSE.txt and COPYING,high,
node/CertificateOfOwnership.cpp,100644,1522,b20f5b169b452d29729129c28e2c655752177ebf79ed8ee7bdcc6d7abf3b6f5f,"C++ source, ASCII text",C++,False,scanned,Apache-2.0,Apache-2.0 (effective 2026-01-01; formerly BUSL-1.1),root LICENSE.txt and COPYING,high,
node/CertificateOfOwnership.hpp,100644,7255,0925baa518068bcca66ee573fb5e180ce7532ac4243d4defc27e641f43406ddb,"C++ source, ASCII text",C++,False,scanned,Apache-2.0,Apache-2.0 (effective 2026-01-01; formerly BUSL-1.1),root LICENSE.txt and COPYING,high,
node/Constants.hpp,100644,22379,fe974fa98eb49c43b3a866cae72739770a28363e503f66b2cb21fb0b69a5161b,"C source, ASCII text, with very long lines",C++,False,scanned,Apache-2.0,Apache-2.0 (effective 2026-01-01; formerly BUSL-1.1),root LICENSE.txt and COPYING,high,
node/Credential.hpp,100644,1069,8cec3004f5e46fd7ed91e1eba40f2d20f45a7f278bf6937aa1b60801247c0050,"C++ source, ASCII text",C++,False,scanned,Apache-2.0,Apache-2.0 (effective 2026-01-01; formerly BUSL-1.1),root LICENSE.txt and COPYING,high,
node/DNS.hpp,100644,1468,4d885e8316d3f669b86569fee874fdb745e4a279edaa2d2185e89439a611e759,"C++ source, ASCII text",C++,False,scanned,Apache-2.0,Apache-2.0 (effective 2026-01-01; formerly BUSL-1.1),root LICENSE.txt and COPYING,high,
node/Dictionary.hpp,100644,10528,4665efb69f3f9e45400c9fcedd6d0f2b30640ab3003c6467b8ab4a7cfc384b9b,"C++ source, ASCII text",C++,False,scanned,Apache-2.0,Apache-2.0 (effective 2026-01-01; formerly BUSL-1.1),root LICENSE.txt and COPYING,high,
node/Hashtable.hpp,100644,8044,20fe0c2c2b4139f692cd1c00a5b2512fc28a63949e50a0818fe17e124a6a8dea,"C++ source, ASCII text",C++,False,scanned,Apache-2.0,Apache-2.0 (effective 2026-01-01; formerly BUSL-1.1),root LICENSE.txt and COPYING,high,
node/Identity.cpp,100644,5988,6be459d7b796e9778b30953d1789e43ba37d8ed7946616dd314776bb9025f6e9,"C++ source, ASCII text",C++,False,scanned,Apache-2.0,Apache-2.0 (effective 2026-01-01; formerly BUSL-1.1),root LICENSE.txt and COPYING,high,
node/Identity.hpp,100644,9174,55f75eec6dbac03004a8ab5ef7cf5b8af0cdaf8477213eaa9a0f0080a6490239,"C++ source, ASCII text",C++,False,scanned,Apache-2.0,Apache-2.0 (effective 2026-01-01; formerly BUSL-1.1),root LICENSE.txt and COPYING,high,
node/IncomingPacket.cpp,100644,57584,ea93e11575988c436095fd713b4779493659ab6e4a4c832bfa53a3c49c1ec2e3,"C++ source, ASCII text",C++,False,scanned,Apache-2.0,Apache-2.0 (effective 2026-01-01; formerly BUSL-1.1),root LICENSE.txt and COPYING,high,
node/IncomingPacket.hpp,100644,5300,051efc6da45bda04aa32d749c24c2969fba872a6705dc740dbde3e83cb3b4565,"C++ source, ASCII text",C++,False,scanned,Apache-2.0,Apache-2.0 (effective 2026-01-01; formerly BUSL-1.1),root LICENSE.txt and COPYING,high,
node/InetAddress.cpp,100644,17721,d948fdec453ea9ebb7a4b1149d31be352e7b7d11d4434602a78a66fa64a81448,"C++ source, ASCII text",C++,False,scanned,Apache-2.0,Apache-2.0 (effective 2026-01-01; formerly BUSL-1.1),root LICENSE.txt and COPYING,high,
node/InetAddress.hpp,100644,21121,7fe8c5eb6d898448d34742e4fba22350a3f13f536bad6694de8584bd413688d4,"C++ source, ASCII text",C++,False,scanned,Apache-2.0,Apache-2.0 (effective 2026-01-01; formerly BUSL-1.1),root LICENSE.txt and COPYING,high,
node/MAC.hpp,100644,6933,fdfd6c71e6d20bf5ca9059d2e7c0d0f36be42e1a6e6bd626e748a900639f506d,"C++ source, ASCII text",C++,False,scanned,Apache-2.0,Apache-2.0 (effective 2026-01-01; formerly BUSL-1.1),root LICENSE.txt and COPYING,high,
node/Membership.cpp,100644,7219,b038264d5ab03a3c5d3a020354802c00e0934737bcbfe95b7d02c0833811e6d8,"C++ source, ASCII text",C++,False,scanned,Apache-2.0,Apache-2.0 (effective 2026-01-01; formerly BUSL-1.1),root LICENSE.txt and COPYING,high,
node/Membership.hpp,100644,9035,a0187258bc0620d63eb0eadea355c3085d573db1aa49ce3eae4f81c7c0c77b8f,"C++ source, ASCII text",C++,False,scanned,Apache-2.0,Apache-2.0 (effective 2026-01-01; formerly BUSL-1.1),root LICENSE.txt and COPYING,high,
node/Metrics.cpp,100644,17110,eced4d12b76cf20635d8e801c758de6ae796df17d624ab192d9e7ca4cddafd28,"C++ source, ASCII text",C++,False,scanned,Apache-2.0,Apache-2.0 (effective 2026-01-01; formerly BUSL-1.1),root LICENSE.txt and COPYING,high,
node/Metrics.hpp,100644,9141,1025d72170e9555cad2ab18099354aeea8381b33ab6019a58c9e2b982007a681,"C++ source, ASCII text",C++,False,scanned,Apache-2.0,Apache-2.0 (effective 2026-01-01; formerly BUSL-1.1),root LICENSE.txt and COPYING,high,
node/MulticastGroup.hpp,100644,3398,d6f727057299037f6e4303c4a84642e2fdd4a0c0a5f3d42dc4eeddc71f4e025a,"C++ source, ASCII text",C++,False,scanned,Apache-2.0,Apache-2.0 (effective 2026-01-01; formerly BUSL-1.1),root LICENSE.txt and COPYING,high,
node/Multicaster.cpp,100644,14301,36ddf1cd6c34c2c2b82c79965564656ca186d178688a7deb267bd5d53cf0bb48,"C++ source, ASCII text",C++,False,scanned,Apache-2.0,Apache-2.0 (effective 2026-01-01; formerly BUSL-1.1),root LICENSE.txt and COPYING,high,
node/Multicaster.hpp,100644,6066,7da50e629c50e4f610d394b0a7b9636aefef2c4a45739e1fd26d58c10e84c336,"C++ source, ASCII text",C++,False,scanned,Apache-2.0,Apache-2.0 (effective 2026-01-01; formerly BUSL-1.1),root LICENSE.txt and COPYING,high,
node/Mutex.hpp,100644,2359,8e78c79d89b7e7b4c27a8cf62933780f9f352c630c0c32b843db6b70eedd4392,"C++ source, ASCII text, with CRLF line terminators",C++,False,scanned,Apache-2.0,Apache-2.0 (effective 2026-01-01; formerly BUSL-1.1),root LICENSE.txt and COPYING,high,
node/Network.cpp,100644,60657,783f058ad4a8f37e659dd30b9c033274577c0717294925d6e852d6eb4eb91860,"C++ source, ASCII text",C++,False,scanned,Apache-2.0,Apache-2.0 (effective 2026-01-01; formerly BUSL-1.1),root LICENSE.txt and COPYING,high,
node/Network.hpp,100644,16195,fe7f7cd6d18e8f81b064a825937623b7e7992e2838802ff9bbec7dc5d02927a7,"C++ source, ASCII text",C++,False,scanned,Apache-2.0,Apache-2.0 (effective 2026-01-01; formerly BUSL-1.1),root LICENSE.txt and COPYING,high,
node/NetworkConfig.cpp,100644,17933,478ac701ecc8ef87c290533bb6083f9e3f8aa6b8c7b2f2be3473b410a9214dee,"C++ source, ASCII text",C++,False,scanned,Apache-2.0,Apache-2.0 (effective 2026-01-01; formerly BUSL-1.1),root LICENSE.txt and COPYING,high,
node/NetworkConfig.hpp,100644,20429,89d825893b8557a033a6555a9a935c031bd700f6578ce10dd9b46024b44c140e,"C++ source, ASCII text",C++,False,scanned,Apache-2.0,Apache-2.0 (effective 2026-01-01; formerly BUSL-1.1),root LICENSE.txt and COPYING,high,
node/NetworkController.hpp,100644,3586,698b9fd86f586444899bf20eab209fddb1ffd491ef2f81652257f4d966f20090,"C++ source, ASCII text",C++,False,scanned,Apache-2.0,Apache-2.0 (effective 2026-01-01; formerly BUSL-1.1),root LICENSE.txt and COPYING,high,
node/Node.cpp,100644,35786,6953c651fcefa8bfa21c2d16b585ceee0f6da524515a5b946699163afe1b7c8e,"C++ source, ASCII text",C++,False,scanned,Apache-2.0,Apache-2.0 (effective 2026-01-01; formerly BUSL-1.1),root LICENSE.txt and COPYING,high,
node/Node.hpp,100644,12114,0324b6e1f54a25130ef5c77aec99f115c16f455a2232fe5f902b7d4b163c3c51,"C++ source, ASCII text",C++,False,scanned,Apache-2.0,Apache-2.0 (effective 2026-01-01; formerly BUSL-1.1),root LICENSE.txt and COPYING,high,
node/OutboundMulticast.cpp,100644,2303,4446487658b6b67304e342a7ba81a0730851c839a0acd22e1c767a4fd940ff33,"C++ source, ASCII text",C++,False,scanned,Apache-2.0,Apache-2.0 (effective 2026-01-01; formerly BUSL-1.1),root LICENSE.txt and COPYING,high,
node/OutboundMulticast.hpp,100644,4244,fb4438fca524ae24e23a8922cb8d1c3c09a30f8d55207dd1d19ab7d8972c938e,"C++ source, ASCII text",C++,False,scanned,Apache-2.0,Apache-2.0 (effective 2026-01-01; formerly BUSL-1.1),root LICENSE.txt and COPYING,high,
node/Packet.cpp,100644,38542,831220fc42cf52c271b5c91cfedbca9284a31e17d1e82a12dfc3ee853c232b49,"C++ source, ASCII text",C++,False,scanned,Apache-2.0 AND BSD-2-Clause,Apache-2.0 AND BSD-2-Clause,direct ScanCode detection,high,
node/Packet.hpp,100644,53529,64282a8b39cf24f57abc270fb79d9223f60a80353df98e95cd6be51a04bd419b,"C source, ASCII text",C++,False,scanned,Apache-2.0,Apache-2.0 (effective 2026-01-01; formerly BUSL-1.1),root LICENSE.txt and COPYING,high,
node/PacketMultiplexer.cpp,100644,3379,d9e08456994e95dc6f5fd1427a21f907095e1c3b6ab0160e3db30c0598cd4d7e,"C++ source, ASCII text",C++,False,scanned,Apache-2.0,Apache-2.0 (effective 2026-01-01; formerly BUSL-1.1),root LICENSE.txt and COPYING,high,
node/PacketMultiplexer.hpp,100644,1626,55d8188a36b7a20c523fdd5ae4f8bc0413ded680ca8eb5c4d14c5f1c34ea9cb3,"C++ source, ASCII text",C++,False,scanned,Apache-2.0,Apache-2.0 (effective 2026-01-01; formerly BUSL-1.1),root LICENSE.txt and COPYING,high,
node/Path.cpp,100644,714,a510d9b7ac56ead7de16caa2f8d5bbd75098649575c2ad8c189b2b91664a17c7,"C++ source, ASCII text",C++,False,scanned,Apache-2.0,Apache-2.0 (effective 2026-01-01; formerly BUSL-1.1),root LICENSE.txt and COPYING,high,
node/Path.hpp,100644,11137,995eb617050b55fa4fcca82456348a15e2d819808bb15e57372d50862bf35cae,"C++ source, ASCII text",C++,False,scanned,Apache-2.0,Apache-2.0 (effective 2026-01-01; formerly BUSL-1.1),root LICENSE.txt and COPYING,high,
node/Peer.cpp,100644,22432,79d932101cfe303bb467310bb52a0b3b1d7e94a6e06027ae3ff09322dcb24612,"C++ source, ASCII text",C++,False,scanned,Apache-2.0,Apache-2.0 (effective 2026-01-01; formerly BUSL-1.1),root LICENSE.txt and COPYING,high,
node/Peer.hpp,100644,19725,fa1f3bff862a4d4aaf2291914e5fdbfc360a2b1c4306a0941fd0d5e745a71e40,"C++ source, ASCII text",C++,False,scanned,Apache-2.0,Apache-2.0 (effective 2026-01-01; formerly BUSL-1.1),root LICENSE.txt and COPYING,high,
node/Poly1305.cpp,100644,15299,22d75620526197fc157251168e6fa4a6a146a1c6933a426708ff91487481538d,"C++ source, ASCII text",C++,False,scanned,NONE,Apache-2.0 (effective 2026-01-01; formerly BUSL-1.1),root LICENSE.txt and COPYING,high,
node/Poly1305.hpp,100644,1360,d0c313cf035f7f7e1c5ba9cb475ed712590731b3ad8f2ee85fbff565b9c030b0,"C++ source, ASCII text",C++,False,scanned,Apache-2.0,Apache-2.0 (effective 2026-01-01; formerly BUSL-1.1),root LICENSE.txt and COPYING,high,
node/README.md,100644,1158,593eef66ea34070ede584b2e469eed0ad493698d9f818088c2ca519f32c5e63e,"ASCII text, with very long lines",,False,scanned,NONE,Apache-2.0 (effective 2026-01-01; formerly BUSL-1.1),root LICENSE.txt and COPYING,high,
node/Revocation.cpp,100644,1076,e8e5f21f1f6911855b0d89cfe666366644be9d70202339b58306ca6ef99e15e4,"C++ source, ASCII text",C++,False,scanned,Apache-2.0,Apache-2.0 (effective 2026-01-01; formerly BUSL-1.1),root LICENSE.txt and COPYING,high,
node/Revocation.hpp,100644,5589,d3255345b2b62679c8f01f7a1f2988231bae44330ced76b50deed66f0aed5694,"C++ source, ASCII text",C++,False,scanned,Apache-2.0,Apache-2.0 (effective 2026-01-01; formerly BUSL-1.1),root LICENSE.txt and COPYING,high,
node/RingBuffer.hpp,100644,7525,144ce93dd889985d12ff0d578f77ad8eb8d6121e405b1ad5a9dcfefb3b2d7cb7,"C++ source, ASCII text",C++,False,scanned,Apache-2.0,Apache-2.0 (effective 2026-01-01; formerly BUSL-1.1),root LICENSE.txt and COPYING,high,
node/RuntimeEnvironment.hpp,100644,2084,c1cd8d29dc5b8723b9f2b06d476ddb28582e68245d28e502bb2982cf1c14e088,"C++ source, ASCII text",C++,False,scanned,Apache-2.0,Apache-2.0 (effective 2026-01-01; formerly BUSL-1.1),root LICENSE.txt and COPYING,high,
node/SHA512.cpp,100644,9194,a6cf6eeabb6e67259fe5b80a4ba9566e3263c14b5ac10b9aac92f4f9d2d60ed0,"C++ source, ASCII text",C++,False,scanned,LicenseRef-scancode-public-domain,LicenseRef-scancode-public-domain,direct ScanCode detection,high,
node/SHA512.hpp,100644,2705,6c501382f88c7d43c776307d159c1bc3c201c0edde06b53c64383c315c200488,"C++ source, ASCII text",C++,False,scanned,Apache-2.0,Apache-2.0 (effective 2026-01-01; formerly BUSL-1.1),root LICENSE.txt and COPYING,high,
node/Salsa20.cpp,100644,55414,21475bf3ddc6b7574f44df9095995ab20a36cc4492cbdb86014c70eb182ba90b,"C++ source, ASCII text",C++,False,scanned,LicenseRef-scancode-public-domain,LicenseRef-scancode-public-domain,direct ScanCode detection,high,
node/Salsa20.hpp,100644,4520,0145eba8f0f5730390609ea1d988678c1e98df3191e571a60ed709123e4cd36c,"C++ source, ASCII text",C++,False,scanned,LicenseRef-scancode-public-domain,LicenseRef-scancode-public-domain,direct ScanCode detection,high,
node/SelfAwareness.cpp,100644,4060,ddc6feca6896b88a6db46614c8b75cc4e4dbb345f4916c4209b24f2dae6e22b5,"C++ source, ASCII text",C++,False,scanned,Apache-2.0,Apache-2.0 (effective 2026-01-01; formerly BUSL-1.1),root LICENSE.txt and COPYING,high,
node/SelfAwareness.hpp,100644,2823,b0c7e0375ee456a7cbc5e28048e8b3a3f827460837941da396787cbeae0eda01,"C++ source, ASCII text",C++,False,scanned,Apache-2.0,Apache-2.0 (effective 2026-01-01; formerly BUSL-1.1),root LICENSE.txt and COPYING,high,
node/SharedPtr.hpp,100644,3004,eb1da17145a6db5b306d15e67118adb90f5db14446545d526596d74058d2a694,"C++ source, ASCII text",C++,False,scanned,Apache-2.0,Apache-2.0 (effective 2026-01-01; formerly BUSL-1.1),root LICENSE.txt and COPYING,high,
node/Switch.cpp,100644,43018,fd19be959ace0b422fde82283e6cb81992621127c8b4efcdf7719494e55a671b,"C++ source, ASCII text",C++,False,scanned,Apache-2.0,Apache-2.0 (effective 2026-01-01; formerly BUSL-1.1),root LICENSE.txt and COPYING,high,
node/Switch.hpp,100644,10880,e07463a6a16ade3bc85035a42181e144105241a6b544e1be49870df056bda56b,"C++ source, ASCII text",C++,False,scanned,Apache-2.0,Apache-2.0 (effective 2026-01-01; formerly BUSL-1.1),root LICENSE.txt and COPYING,high,
node/Tag.cpp,100644,1056,373544339954ff409a94a7bfe84bf42b3ae2724b9b5d9b03fa6d442c5683f827,"C++ source, ASCII text",C++,False,scanned,Apache-2.0,Apache-2.0 (effective 2026-01-01; formerly BUSL-1.1),root LICENSE.txt and COPYING,high,
node/Tag.hpp,100644,6170,8d205c04d523afe1458a9d179e054c641a43cabd42b2505dfd4005fb6506df14,"C++ source, ASCII text",C++,False,scanned,Apache-2.0,Apache-2.0 (effective 2026-01-01; formerly BUSL-1.1),root LICENSE.txt and COPYING,high,
node/Topology.cpp,100644,14646,ec7186a20e657ea07f8c16c6e07fa2257e78d4d12b40185dac9a9f49a816e9fc,"C++ source, ASCII text, with very long lines",C++,False,scanned,Apache-2.0,Apache-2.0 (effective 2026-01-01; formerly BUSL-1.1),root LICENSE.txt and COPYING,high,
node/Topology.hpp,100644,13409,bcd2f2cebbd5cbf91a2e7d6f6f87138771d66a57ac2e7c63d06ced8d3904c799,"C++ source, ASCII text",C++,False,scanned,Apache-2.0,Apache-2.0 (effective 2026-01-01; formerly BUSL-1.1),root LICENSE.txt and COPYING,high,
node/Trace.cpp,100644,22049,64ccab9c5b393b9a43502d15730a1e3441bd0a640cc147af0d63c1af8a3c05b0,"C++ source, ASCII text",C++,False,scanned,Apache-2.0,Apache-2.0 (effective 2026-01-01; formerly BUSL-1.1),root LICENSE.txt and COPYING,high,
node/Trace.hpp,100644,5698,52cb69753ada6100b9516b6043aacddd0cbd6d8c97c94368b8ddec8fa6458c19,"C++ source, ASCII text",C++,False,scanned,Apache-2.0,Apache-2.0 (effective 2026-01-01; formerly BUSL-1.1),root LICENSE.txt and COPYING,high,
node/Utils.cpp,100644,7498,59a015cf120a6180fe0f683793861467d46f25d5f03204bf4d0480a1ed235877,"C++ source, ASCII text",C++,False,scanned,Apache-2.0,Apache-2.0 (effective 2026-01-01; formerly BUSL-1.1),root LICENSE.txt and COPYING,high,
node/Utils.hpp,100644,22101,cb34a9462bc557061c5f7ac9c836663d1d6e6b6dd542f620ac0c2a980247100b,"C++ source, ASCII text",C++,False,scanned,Apache-2.0,Apache-2.0 (effective 2026-01-01; formerly BUSL-1.1),root LICENSE.txt and COPYING,high,
node/World.hpp,100644,8661,5432e63b3bed35382d5d8d445ffaae7370ddf989ff3bd73368f59013af0ddc18,"C++ source, ASCII text, with very long lines",C++,False,scanned,Apache-2.0,Apache-2.0 (effective 2026-01-01; formerly BUSL-1.1),root LICENSE.txt and COPYING,high,
objects.mk,100644,962,48dbc4ad59a539e2650bdcc1cb358ce95e3b5be9d1d2972fecef19a29b2d7730,ASCII text,,False,scanned,NONE,Apache-2.0 (effective 2026-01-01; formerly BUSL-1.1),root LICENSE.txt and COPYING,high,
one.cpp,100644,77228,9e0dc3e035afdf11e7bf154890300d93dae980a4b8ac59446fa52de621efcaf6,"C source, ASCII text",C++,False,scanned,Apache-2.0 AND (BUSL-1.1 AND Apache-2.0),Apache-2.0 (effective 2026-01-01; formerly BUSL-1.1),root LICENSE.txt and COPYING,high,
osdep/Arp.cpp,100644,3852,be71b3101207bb944948bd0c49021236bd7eb3a29a61d36b5be1dc55dd537a0a,"C++ source, ASCII text",C++,False,scanned,Apache-2.0,Apache-2.0 (effective 2026-01-01; formerly BUSL-1.1),root LICENSE.txt and COPYING,high,
osdep/Arp.hpp,100644,4433,7db24af8894142e63ca9be2a52768943d5e2dbed5b1191dbd63543d9d45843ea,"C++ source, ASCII text",C++,False,scanned,Apache-2.0,Apache-2.0 (effective 2026-01-01; formerly BUSL-1.1),root LICENSE.txt and COPYING,high,
osdep/BSDEthernetTap.cpp,100644,14801,7440bfa61dc09646e522e733fce0a072785ad97795ba88f701089a8aabf3fde5,"C++ source, ASCII text",C++,False,scanned,Apache-2.0,Apache-2.0 (effective 2026-01-01; formerly BUSL-1.1),root LICENSE.txt and COPYING,high,
osdep/BSDEthernetTap.hpp,100644,2347,d30425aedfefe2d4bcdff3b86c60038cb29a99d8433032facb227c1fc6c113a2,"C++ source, ASCII text",C++,False,scanned,Apache-2.0,Apache-2.0 (effective 2026-01-01; formerly BUSL-1.1),root LICENSE.txt and COPYING,high,
osdep/Binder.hpp,100644,16650,1230c6c940e7d121c85f7d6afd33bf465bbb7fee1a6ce917e298939ca444eca2,"C++ source, ASCII text",C++,False,scanned,Apache-2.0,Apache-2.0 (effective 2026-01-01; formerly BUSL-1.1),root LICENSE.txt and COPYING,high,
osdep/BlockingQueue.hpp,100644,2251,8454b11d319ff7cdb5553f69c8ba23397d0ee99fef660265d9e5ec795d122390,"C++ source, ASCII text",C++,False,scanned,Apache-2.0,Apache-2.0 (effective 2026-01-01; formerly BUSL-1.1),root LICENSE.txt and COPYING,high,
osdep/EthernetTap.cpp,100644,4311,7c6c7e9826ab84bb1c2ead9e1b7c28438fa5f2cf2f3c6851d00abc04560b6fb7,"C++ source, ASCII text",C++,False,scanned,Apache-2.0,Apache-2.0 (effective 2026-01-01; formerly BUSL-1.1),root LICENSE.txt and COPYING,high,
osdep/EthernetTap.hpp,100644,2013,d6b47a57362b063786cf77fe37348817e8c61d0c2bd395d416a7d4f3dea4215d,"C++ source, ASCII text",C++,False,scanned,Apache-2.0,Apache-2.0 (effective 2026-01-01; formerly BUSL-1.1),root LICENSE.txt and COPYING,high,
osdep/Http.cpp,100644,8495,5abca97745a86ce046022f282ea04c2d563406cbb16f08b4211338e9d3114fbb,"C++ source, ASCII text",C++,False,scanned,Apache-2.0,Apache-2.0 (effective 2026-01-01; formerly BUSL-1.1),root LICENSE.txt and COPYING,high,
osdep/Http.hpp,100644,4195,e5dc2b088ec585ba0f28a7dd3ecccadac3faaa3d8a17f27bf53d9b7bd2addaa7,"C++ source, ASCII text",C++,False,scanned,Apache-2.0,Apache-2.0 (effective 2026-01-01; formerly BUSL-1.1),root LICENSE.txt and COPYING,high,
osdep/LinuxEthernetTap.cpp,100644,16605,ad49187b2dd756b7977dcc700be45e4d5ff9f78892d2bc1b87e8149d8df926a9,"C++ source, ASCII text",C++,False,scanned,Apache-2.0,Apache-2.0 (effective 2026-01-01; formerly BUSL-1.1),root LICENSE.txt and COPYING,high,
osdep/LinuxEthernetTap.hpp,100644,2354,76db700359f3b8d29a5d78b02c88993a526562019b2578babaa8df852f39c09c,"C++ source, ASCII text",C++,False,scanned,Apache-2.0,Apache-2.0 (effective 2026-01-01; formerly BUSL-1.1),root LICENSE.txt and COPYING,high,
osdep/LinuxNetLink.cpp,100644,30535,963fbf77b13a7d228689719e324c46cc49a3faed9185f4ccf7e691f2e0db45d8,"C++ source, ASCII text",C++,False,scanned,Apache-2.0,Apache-2.0 (effective 2026-01-01; formerly BUSL-1.1),root LICENSE.txt and COPYING,high,
osdep/LinuxNetLink.hpp,100644,3537,e02bfc573ad6b5135c842c38ab26922253e4bf496e6e42ac8d82ecaddd1198fe,"C++ source, ASCII text",C++,False,scanned,Apache-2.0,Apache-2.0 (effective 2026-01-01; formerly BUSL-1.1),root LICENSE.txt and COPYING,high,
osdep/MacDNSHelper.hpp,100644,643,64c01f692783d1ced43602d3891c35b401eb849ff14399ec82f5f73c4dbe82e9,"C++ source, ASCII text",C++,False,scanned,NONE,Apache-2.0 (effective 2026-01-01; formerly BUSL-1.1),root LICENSE.txt and COPYING,high,
osdep/MacDNSHelper.mm,100644,10965,b7105a39e7a039ba3816aba190d45255dac76c0a148604faf21698194087f670,"C++ source, ASCII text",Objective-C++,False,scanned,NONE,Apache-2.0 (effective 2026-01-01; formerly BUSL-1.1),root LICENSE.txt and COPYING,high,
osdep/MacEthernetTap.cpp,100644,14957,39f39428a828ea3ce31b77f09033fe0701a2ac82379b9b8b4cb05c8fc25323e7,"C++ source, ASCII text",C++,False,scanned,Apache-2.0,Apache-2.0 (effective 2026-01-01; formerly BUSL-1.1),root LICENSE.txt and COPYING,high,
osdep/MacEthernetTap.hpp,100644,2421,2cfacb5e043e5c281556e019c0b778a51bdaa6cb899399b487ad81695843d347,"C++ source, ASCII text",C++,False,scanned,Apache-2.0,Apache-2.0 (effective 2026-01-01; formerly BUSL-1.1),root LICENSE.txt and COPYING,high,
osdep/MacEthernetTapAgent.c,100644,12351,c641b2982d3df656767b5f34d399e870d7820e83f43b1be5cf30f2d2465a81a7,"C source, ASCII text",C,False,scanned,Apache-2.0,Apache-2.0 (effective 2026-01-01; formerly BUSL-1.1),root LICENSE.txt and COPYING,high,
osdep/MacEthernetTapAgent.h,100644,941,516bd0e9ea365efbb046f58a3fcf86b8d5db5e365df7b19b134a9235bc38ba2b,"C source, ASCII text",C,False,scanned,Apache-2.0,Apache-2.0 (effective 2026-01-01; formerly BUSL-1.1),root LICENSE.txt and COPYING,high,
osdep/MacKextEthernetTap.cpp,100644,18692,b25579128bda97d7ca4eba731bd6d6ea8b22a85d5742e1f88940cdd1af4da344,"C++ source, ASCII text",C++,False,scanned,Apache-2.0,Apache-2.0 (effective 2026-01-01; formerly BUSL-1.1),root LICENSE.txt and COPYING,high,
osdep/MacKextEthernetTap.hpp,100644,2256,bf46a6a474257de8a696963ac996a4083734acc514afa3bd5a2bddc7b5f172c7,"C++ source, ASCII text",C++,False,scanned,Apache-2.0,Apache-2.0 (effective 2026-01-01; formerly BUSL-1.1),root LICENSE.txt and COPYING,high,
osdep/ManagedRoute.cpp,100644,20850,df1d9e13aadde7604f928cfcb24304bb60b269ffd83e79beaf1980ec256c314c,"C++ source, ASCII text",C++,False,scanned,Apache-2.0,Apache-2.0 (effective 2026-01-01; formerly BUSL-1.1),root LICENSE.txt and COPYING,high,
osdep/ManagedRoute.hpp,100644,2138,15645bcf63adc7bac6c5f17c198bc66e345a8ccec1e2bf1eb6e669eb3d6b23f4,"C++ source, ASCII text",C++,False,scanned,Apache-2.0,Apache-2.0 (effective 2026-01-01; formerly BUSL-1.1),root LICENSE.txt and COPYING,high,
osdep/NeighborDiscovery.cpp,100644,7681,e689435cff6d9203221630e66870fcf2fd6c4d95b93a490c414102fda7e55384,"C++ source, ASCII text",C++,False,scanned,Apache-2.0,Apache-2.0 (effective 2026-01-01; formerly BUSL-1.1),root LICENSE.txt and COPYING,high,
osdep/NeighborDiscovery.hpp,100644,1827,8259853ee8c020965f7ac84dc0c9315bfc37eb2387b8cb16feaf54cf29de32a7,"C++ source, ASCII text",C++,False,scanned,Apache-2.0,Apache-2.0 (effective 2026-01-01; formerly BUSL-1.1),root LICENSE.txt and COPYING,high,
osdep/NetBSDEthernetTap.cpp,100644,13552,2aeb95a78604e0f4b419b9974c118b4c3246a6c3d5bb89120cd659216f99ed9c,"C++ source, ASCII text",C++,False,scanned,Apache-2.0,Apache-2.0 (effective 2026-01-01; formerly BUSL-1.1),root LICENSE.txt and COPYING,high,
osdep/NetBSDEthernetTap.hpp,100644,2082,bc43d9afdd0bca3730faad8416b56d4e5302d89581249f6c08f662a8cf506b62,"C++ source, ASCII text",C++,False,scanned,Apache-2.0,Apache-2.0 (effective 2026-01-01; formerly BUSL-1.1),root LICENSE.txt and COPYING,high,
osdep/OSUtils.cpp,100644,15957,bb95d7733814f47c112d83538fb7f2662e5b77c79683d0f3984cc72e76795a7d,"C++ source, ASCII text, with very long lines",C++,False,scanned,Apache-2.0,Apache-2.0 (effective 2026-01-01; formerly BUSL-1.1),root LICENSE.txt and COPYING,high,
osdep/OSUtils.hpp,100644,8587,de4d4d48dfd4c4b3205b7ecc38dfd31f2e9848c74dee898eb40b1d51a1fd2152,"C++ source, ASCII text",C++,False,scanned,Apache-2.0,Apache-2.0 (effective 2026-01-01; formerly BUSL-1.1),root LICENSE.txt and COPYING,high,
osdep/Phy.hpp,100644,37494,c91015a3a794db14fbea46c35598bff88e50b439ddfbb7472a0bf16f78da14a2,"C++ source, ASCII text",C++,False,scanned,Apache-2.0,Apache-2.0 (effective 2026-01-01; formerly BUSL-1.1),root LICENSE.txt and COPYING,high,
osdep/PortMapper.cpp,100644,10912,99007542515505aab43f98b35348447874696edd978911c3ebc4a62d516127cb,"C++ source, ASCII text",C++,False,scanned,Apache-2.0,Apache-2.0 (effective 2026-01-01; formerly BUSL-1.1),root LICENSE.txt and COPYING,high,
osdep/PortMapper.hpp,100644,1337,f951fb6d01a468440d89ace16b1ed32abbf348f5473331b66bf9f7c952dc73b8,"C++ source, ASCII text",C++,False,scanned,Apache-2.0,Apache-2.0 (effective 2026-01-01; formerly BUSL-1.1),root LICENSE.txt and COPYING,high,
osdep/README.md,100644,197,a91a8509f1e0f6247ef09a80a10dd510334535f580ee145b2d1707cb134d8a38,ASCII text,,False,scanned,NONE,Apache-2.0 (effective 2026-01-01; formerly BUSL-1.1),root LICENSE.txt and COPYING,high,
osdep/Thread.hpp,100644,3973,d0639184727343bd8f65c6f37504302d89d8a9fc442e3d5762ae2c31925f653c,"C++ source, ASCII text, with CRLF line terminators",C++,False,scanned,Apache-2.0,Apache-2.0 (effective 2026-01-01; formerly BUSL-1.1),root LICENSE.txt and COPYING,high,
osdep/WinDNSHelper.cpp,100644,9647,943b74bd95b44a416fdddd6c0ead7d1fe624456ca3b9f5919a3e2abc4b6c825f,"C++ source, ASCII text",C++,False,scanned,NONE,Apache-2.0 (effective 2026-01-01; formerly BUSL-1.1),root LICENSE.txt and COPYING,high,
osdep/WinDNSHelper.hpp,100644,404,a03a16679668ea3eda3ae03d688099aaf45d419bd6e2221013c1d1676b47c0a2,"C++ source, ASCII text",C++,False,scanned,NONE,Apache-2.0 (effective 2026-01-01; formerly BUSL-1.1),root LICENSE.txt and COPYING,high,
osdep/WinFWHelper.cpp,100644,4569,660ec5b20f3a6b05f218ef971805dfcbec9dbdd8d31c3de58dcf8db5f8f900ce,"C++ source, ASCII text",C++,False,scanned,NONE,Apache-2.0 (effective 2026-01-01; formerly BUSL-1.1),root LICENSE.txt and COPYING,high,
osdep/WinFWHelper.hpp,100644,825,4a1bca291869c2fd4ee6b0ea87f6546536561d7db20c90474d83211bdb24548c,"C++ source, ASCII text",C++,False,scanned,NONE,Apache-2.0 (effective 2026-01-01; formerly BUSL-1.1),root LICENSE.txt and COPYING,high,
osdep/WindowsEthernetTap.cpp,100644,48587,48b4fb389b35007ff8106ce7f4bead46bfe1e813848228153d81b9d509ce587c,"C++ source, ASCII text",C++,False,scanned,Apache-2.0,Apache-2.0 (effective 2026-01-01; formerly BUSL-1.1),root LICENSE.txt and COPYING,high,
osdep/WindowsEthernetTap.hpp,100644,4678,305969524a6600c3dad9bfc7e9c704d8c016e9212663040a3966b3a8156a81db,"C++ source, ASCII text",C++,False,scanned,Apache-2.0,Apache-2.0 (effective 2026-01-01; formerly BUSL-1.1),root LICENSE.txt and COPYING,high,
osdep/freebsd_getifmaddrs.c,100644,5222,2cfe3107fb952a87f5b3fb89fa4b15e2b5acbae7ddc3d48f1adc8870a9a4dcba,"C source, ASCII text",C,False,scanned,BSD-3-Clause AND BSD-2-Clause,BSD-3-Clause AND BSD-2-Clause,direct ScanCode detection,high,
osdep/freebsd_getifmaddrs.h,100644,2554,54c8ab04d2aa8b9ea276bb4cc0d5ea5eb3f1628cea45197487d866014c81a419,"C source, ASCII text",C,False,scanned,BSD-1-Clause,BSD-1-Clause,direct ScanCode detection,high,
pkg/README.md,100644,135,fe3c85ee685ff8588b04329be3cb207cbd4db06cf747537bd36d73a195186bb6,ASCII text,,False,scanned,NONE,Apache-2.0 (effective 2026-01-01; formerly BUSL-1.1),root LICENSE.txt and COPYING,high,
pkg/asustor/Dockerfile,100644,196,8c14534bba48a4b85a549e6dc555b280f6eaf2db1ecd2ebe8bba2369a320d265,ASCII text,,False,scanned,NONE,Apache-2.0 (effective 2026-01-01; formerly BUSL-1.1),root LICENSE.txt and COPYING,high,
pkg/asustor/build.sh,100755,148,51bc835aba2743b893498f6e2a75ff9444d17e4d1a54f84effd40fc453ffe86f,"Bourne-Again shell script, ASCII text executable",Bash,False,scanned,NONE,Apache-2.0 (effective 2026-01-01; formerly BUSL-1.1),root LICENSE.txt and COPYING,high,
pkg/asustor/entrypoint.sh,100755,1132,b688af7d6d339f9b61eedee0b10eef258d77d7c38c5807ba1c7caae1e076c2bb,"Bourne-Again shell script, ASCII text executable",Bash,False,scanned,NONE,Apache-2.0 (effective 2026-01-01; formerly BUSL-1.1),root LICENSE.txt and COPYING,high,
pkg/asustor/zerotier/CONTROL/config.json,100644,340,cc344eb5a7e833b40633bdf57e25f596a4256bcc02e1632362088396cc3edc1c,JSON data,,False,scanned,NONE,Apache-2.0 (effective 2026-01-01; formerly BUSL-1.1),root LICENSE.txt and COPYING,high,
pkg/asustor/zerotier/CONTROL/description.txt,100644,39,22eca6a43a4b88cd3fc7ead5813942290b8dde3818297cc31beee2399531bab3,ASCII text,,False,scanned,NONE,Apache-2.0 (effective 2026-01-01; formerly BUSL-1.1),root LICENSE.txt and COPYING,high,
pkg/asustor/zerotier/CONTROL/icon.png,100644,147491,564dd74ebe2d2c3468c1687725b9c4c47e4fded811f9c0ecba1f0e34eb0c0c59,"PNG image data, 180 x 180, 8-bit/color RGBA, non-interlaced",,True,scanned,NONE,Apache-2.0 (effective 2026-01-01; formerly BUSL-1.1),root LICENSE.txt and COPYING,high,
pkg/asustor/zerotier/CONTROL/license.txt,100644,6969,9829732b1235263c7e85cfbb8cf794fab5b29467a30564c034028a1060d779e9,UTF-8 Unicode text,,False,scanned,BUSL-1.1 AND (LicenseRef-scancode-unknown-license-reference AND LicenseRef-scancode-free-unknown) AND Apache-2.0,Apache-2.0 (effective 2026-01-01; formerly BUSL-1.1),root LICENSE.txt and COPYING,high,
pkg/asustor/zerotier/CONTROL/post-install.sh,100755,546,15b6bc66d746fc79122bfe891957ab5fbf329bec5942a96061a426367aec8430,"POSIX shell script, ASCII text executable",Bash,False,scanned,NONE,Apache-2.0 (effective 2026-01-01; formerly BUSL-1.1),root LICENSE.txt and COPYING,high,
pkg/asustor/zerotier/CONTROL/post-uninstall.sh,100755,41,0fddaad61a8858ead6de93adf758dece402d4e78d41e93cfc2bbf1de7044ce3e,"POSIX shell script, ASCII text executable",Bash,False,scanned,NONE,Apache-2.0 (effective 2026-01-01; formerly BUSL-1.1),root LICENSE.txt and COPYING,high,
pkg/asustor/zerotier/CONTROL/pre-install.sh,100755,0,e3b0c44298fc1c149afbf4c8996fb92427ae41e4649b934ca495991b7852b855,empty,Bash,False,scanned,NONE,Apache-2.0 (effective 2026-01-01; formerly BUSL-1.1),root LICENSE.txt and COPYING,high,
pkg/asustor/zerotier/CONTROL/pre-uninstall.sh,100755,0,e3b0c44298fc1c149afbf4c8996fb92427ae41e4649b934ca495991b7852b855,empty,Bash,False,scanned,NONE,Apache-2.0 (effective 2026-01-01; formerly BUSL-1.1),root LICENSE.txt and COPYING,high,
pkg/asustor/zerotier/CONTROL/start-stop.sh,100755,318,8ec58edbe9f752393965eb604cd20cc2cf586e46ea593c1ffa523afbfbf923b1,"POSIX shell script, ASCII text executable",Bash,False,scanned,NONE,Apache-2.0 (effective 2026-01-01; formerly BUSL-1.1),root LICENSE.txt and COPYING,high,
pkg/asustor/zerotier/apkg-version,100644,4,d526eb4e878a23ef26ae190031b4efd2d58ed66789ac049ea3dbaf74c9df7402,ASCII text,,False,scanned,NONE,Apache-2.0 (effective 2026-01-01; formerly BUSL-1.1),root LICENSE.txt and COPYING,high,
pkg/asustor/zerotier/www/index.html,100644,2303,de6328277000dc22406e7da9fbf6f9412b6782f0c40ae362b07ddf110f73e064,"HTML document, ASCII text, with very long lines",HTML,False,scanned,NONE,Apache-2.0 (effective 2026-01-01; formerly BUSL-1.1),root LICENSE.txt and COPYING,high,
pkg/config.json,100644,122,2818bc716de128c6b6f61342c78458e9f8f274b0b982dacf77272ff277eeac7b,JSON data,,False,scanned,NONE,Apache-2.0 (effective 2026-01-01; formerly BUSL-1.1),root LICENSE.txt and COPYING,high,
pkg/qnap/Dockerfile,100644,137,4d028c938faab12acd9059d105a1d8282ee0ded8be165b595047e1b1e817d803,ASCII text,,False,scanned,NONE,Apache-2.0 (effective 2026-01-01; formerly BUSL-1.1),root LICENSE.txt and COPYING,high,
pkg/qnap/build.sh,100755,142,03723a264d1f45c732be2c3c8fc07fbd0a71779cbdc95fcbcb5a4978a0714d6d,"Bourne-Again shell script, ASCII text executable",Bash,False,scanned,NONE,Apache-2.0 (effective 2026-01-01; formerly BUSL-1.1),root LICENSE.txt and COPYING,high,
pkg/qnap/entrypoint.sh,100755,2727,ddcdf9a7dc51287ce5b377da5956d07dc2df6d68c24573e65a8d9bbc11631811,"Bourne-Again shell script, ASCII text executable",Bash,False,scanned,BUSL-1.1,Apache-2.0 (effective 2026-01-01; formerly BUSL-1.1),root LICENSE.txt and COPYING,high,
pkg/qnap/qdk.conf,100644,109,dc67b2a3752d3d9e2733812a9a07f91fc534a115ee4fac70c789f1301db40626,ASCII text,,False,scanned,NONE,Apache-2.0 (effective 2026-01-01; formerly BUSL-1.1),root LICENSE.txt and COPYING,high,
pkg/qnap/zerotier/Makefile,100644,91,f2a22273466d72d207b2efbf2d11d41b066b551e416557fd4dd8af10ba41d32f,"makefile script, ASCII text",,False,scanned,NONE,Apache-2.0 (effective 2026-01-01; formerly BUSL-1.1),root LICENSE.txt and COPYING,high,
pkg/qnap/zerotier/arm_64/.gitkeep,100644,0,e3b0c44298fc1c149afbf4c8996fb92427ae41e4649b934ca495991b7852b855,empty,,False,scanned,NONE,Apache-2.0 (effective 2026-01-01; formerly BUSL-1.1),root LICENSE.txt and COPYING,high,
pkg/qnap/zerotier/arm_x09/.gitkeep,100644,0,e3b0c44298fc1c149afbf4c8996fb92427ae41e4649b934ca495991b7852b855,empty,,False,scanned,NONE,Apache-2.0 (effective 2026-01-01; formerly BUSL-1.1),root LICENSE.txt and COPYING,high,
pkg/qnap/zerotier/arm_x10/.gitkeep,100644,0,e3b0c44298fc1c149afbf4c8996fb92427ae41e4649b934ca495991b7852b855,empty,,False,scanned,NONE,Apache-2.0 (effective 2026-01-01; formerly BUSL-1.1),root LICENSE.txt and COPYING,high,
pkg/qnap/zerotier/arm_x12/.gitkeep,100644,0,e3b0c44298fc1c149afbf4c8996fb92427ae41e4649b934ca495991b7852b855,empty,,False,scanned,NONE,Apache-2.0 (effective 2026-01-01; formerly BUSL-1.1),root LICENSE.txt and COPYING,high,
pkg/qnap/zerotier/arm_x19/.gitkeep,100644,0,e3b0c44298fc1c149afbf4c8996fb92427ae41e4649b934ca495991b7852b855,empty,,False,scanned,NONE,Apache-2.0 (effective 2026-01-01; formerly BUSL-1.1),root LICENSE.txt and COPYING,high,
pkg/qnap/zerotier/arm_x31/.gitkeep,100644,0,e3b0c44298fc1c149afbf4c8996fb92427ae41e4649b934ca495991b7852b855,empty,,False,scanned,NONE,Apache-2.0 (effective 2026-01-01; formerly BUSL-1.1),root LICENSE.txt and COPYING,high,
pkg/qnap/zerotier/arm_x41/.gitkeep,100644,0,e3b0c44298fc1c149afbf4c8996fb92427ae41e4649b934ca495991b7852b855,empty,,False,scanned,NONE,Apache-2.0 (effective 2026-01-01; formerly BUSL-1.1),root LICENSE.txt and COPYING,high,
pkg/qnap/zerotier/config/.gitkeep,100644,0,e3b0c44298fc1c149afbf4c8996fb92427ae41e4649b934ca495991b7852b855,empty,,False,scanned,NONE,Apache-2.0 (effective 2026-01-01; formerly BUSL-1.1),root LICENSE.txt and COPYING,high,
pkg/qnap/zerotier/icons/.gitkeep,100644,0,e3b0c44298fc1c149afbf4c8996fb92427ae41e4649b934ca495991b7852b855,empty,,False,scanned,NONE,Apache-2.0 (effective 2026-01-01; formerly BUSL-1.1),root LICENSE.txt and COPYING,high,
pkg/qnap/zerotier/icons/ZeroTier.gif,100644,2765,c13d388f5217b0672ebf9fa3471dfa3d295a070f613ca97c6eb8ecc8f563ffea,"PNG image data, 80 x 80, 8-bit/color RGBA, non-interlaced",,True,scanned,NONE,Apache-2.0 (effective 2026-01-01; formerly BUSL-1.1),root LICENSE.txt and COPYING,high,
pkg/qnap/zerotier/icons/ZeroTier_80.gif,100644,2765,c13d388f5217b0672ebf9fa3471dfa3d295a070f613ca97c6eb8ecc8f563ffea,"PNG image data, 80 x 80, 8-bit/color RGBA, non-interlaced",,True,scanned,NONE,Apache-2.0 (effective 2026-01-01; formerly BUSL-1.1),root LICENSE.txt and COPYING,high,
pkg/qnap/zerotier/icons/ZeroTier_gray.gif,100644,1986,9ff39bc8d76f5f1c144db9fe3ef914019010a38d32ba748abf0f1263730deb25,"PNG image data, 80 x 80, 8-bit colormap, non-interlaced",,True,scanned,NONE,Apache-2.0 (effective 2026-01-01; formerly BUSL-1.1),root LICENSE.txt and COPYING,high,
pkg/qnap/zerotier/package_routines,100644,4663,f51eeefaaf39bd61125dd447e5215ddfa1b828ae8042cabdf9622c2d145d7067,ASCII text,verilog,False,scanned,NONE,Apache-2.0 (effective 2026-01-01; formerly BUSL-1.1),root LICENSE.txt and COPYING,high,
pkg/qnap/zerotier/qpkg.cfg,100644,3510,003dadac82228c92cda5989cb3a87f2c439ef422cbd3b9804c3ea6672a00af50,ASCII text,,False,scanned,BUSL-1.1,Apache-2.0 (effective 2026-01-01; formerly BUSL-1.1),root LICENSE.txt and COPYING,high,
pkg/qnap/zerotier/shared/.gitkeep,100644,0,e3b0c44298fc1c149afbf4c8996fb92427ae41e4649b934ca495991b7852b855,empty,,False,scanned,NONE,Apache-2.0 (effective 2026-01-01; formerly BUSL-1.1),root LICENSE.txt and COPYING,high,
pkg/qnap/zerotier/shared/.qpkg_icon.gif,100644,1853,2b6741aeb10c83730915688dccc8b695bf22abfddb7504aa73eb2aba4bf50b06,"GIF image data, version 89a, 80 x 80",,True,scanned,NONE,Apache-2.0 (effective 2026-01-01; formerly BUSL-1.1),root LICENSE.txt and COPYING,high,
pkg/qnap/zerotier/shared/.qpkg_icon_80.gif,100644,1853,2b6741aeb10c83730915688dccc8b695bf22abfddb7504aa73eb2aba4bf50b06,"GIF image data, version 89a, 80 x 80",,True,scanned,NONE,Apache-2.0 (effective 2026-01-01; formerly BUSL-1.1),root LICENSE.txt and COPYING,high,
pkg/qnap/zerotier/shared/.qpkg_icon_gray.gif,100644,2375,61a1a6b7a6f6894ee85a9246b0a62e61f4d96dcf3eb63c848bd9498d2b96d4a1,"GIF image data, version 89a, 80 x 80",,True,scanned,NONE,Apache-2.0 (effective 2026-01-01; formerly BUSL-1.1),root LICENSE.txt and COPYING,high,
pkg/qnap/zerotier/shared/zerotier.sh,100755,774,c0510bf7b4a608b2c39e4ebeb80ba1e7dea5f60b0d68fb6a50a3953d9278257e,"POSIX shell script, ASCII text executable",Bash,False,scanned,NONE,Apache-2.0 (effective 2026-01-01; formerly BUSL-1.1),root LICENSE.txt and COPYING,high,
pkg/qnap/zerotier/x86/.gitkeep,100644,0,e3b0c44298fc1c149afbf4c8996fb92427ae41e4649b934ca495991b7852b855,empty,,False,scanned,NONE,Apache-2.0 (effective 2026-01-01; formerly BUSL-1.1),root LICENSE.txt and COPYING,high,
pkg/qnap/zerotier/x86_64/.gitkeep,100644,0,e3b0c44298fc1c149afbf4c8996fb92427ae41e4649b934ca495991b7852b855,empty,,False,scanned,NONE,Apache-2.0 (effective 2026-01-01; formerly BUSL-1.1),root LICENSE.txt and COPYING,high,
pkg/qnap/zerotier/x86_ce53xx/.gitkeep,100644,0,e3b0c44298fc1c149afbf4c8996fb92427ae41e4649b934ca495991b7852b855,empty,,False,scanned,NONE,Apache-2.0 (effective 2026-01-01; formerly BUSL-1.1),root LICENSE.txt and COPYING,high,
pkg/snap/snapcraft.yaml,100644,2458,350d402e744bd0f2bc3f7a517002d67d7b392126c4ae83ccf0d7552d4b22afa1,ASCII text,,False,scanned,NONE,Apache-2.0 (effective 2026-01-01; formerly BUSL-1.1),root LICENSE.txt and COPYING,high,
pkg/synology/Dockerfile.spksrc,100644,450,19b8dc5a6acd4099e9ecb9e056241b7eeff61f8bcb5ca26b4b5538556f47877e,ASCII text,,False,scanned,NONE,Apache-2.0 (effective 2026-01-01; formerly BUSL-1.1),root LICENSE.txt and COPYING,high,
pkg/synology/README.md,100644,170,836e1b05ddf8c98b49a3c71127f5ead4e4a0fd965e82b8653fc7bf8d2b81c525,ASCII text,,False,scanned,NONE,Apache-2.0 (effective 2026-01-01; formerly BUSL-1.1),root LICENSE.txt and COPYING,high,
pkg/synology/build.sh,100755,3219,6ed077fde5b926afcac87bc877f4329f95bf5611a38343b83d1a9fd267d3268f,"Bourne-Again shell script, ASCII text executable",Bash,False,scanned,BUSL-1.1,Apache-2.0 (effective 2026-01-01; formerly BUSL-1.1),root LICENSE.txt and COPYING,high,
pkg/synology/dsm6-pkg/PACKAGE_ICON.png,100644,2274,22a727151fdb20962b2cac3ae76b91c026b92f65c31527e42f1347d41e8940d4,"PNG image data, 72 x 72, 8-bit/color RGBA, non-interlaced",,True,scanned,NONE,Apache-2.0 (effective 2026-01-01; formerly BUSL-1.1),root LICENSE.txt and COPYING,high,
pkg/synology/dsm6-pkg/PACKAGE_ICON_256.png,100644,9134,8f3c89190f98f24b18e14b79dabe6526ed04079212325583ce2fe2b6ca79289c,"PNG image data, 256 x 256, 8-bit/color RGBA, non-interlaced",,True,scanned,NONE,Apache-2.0 (effective 2026-01-01; formerly BUSL-1.1),root LICENSE.txt and COPYING,high,
pkg/synology/dsm6-pkg/scripts/postinst,100644,18,a22b39ba67059f012c3964439401939238cbea01b166aa3c1268105039e246d7,"POSIX shell script, ASCII text executable",Bash,False,scanned,NONE,Apache-2.0 (effective 2026-01-01; formerly BUSL-1.1),root LICENSE.txt and COPYING,high,
pkg/synology/dsm6-pkg/scripts/postuninst,100644,18,a22b39ba67059f012c3964439401939238cbea01b166aa3c1268105039e246d7,"POSIX shell script, ASCII text executable",Bash,False,scanned,NONE,Apache-2.0 (effective 2026-01-01; formerly BUSL-1.1),root LICENSE.txt and COPYING,high,
pkg/synology/dsm6-pkg/scripts/postupgrade,100644,17,306c6ca7407560340797866e077e053627ad409277d1b9da58106fce4cf717cb,"POSIX shell script, ASCII text executable",Bash,False,scanned,NONE,Apache-2.0 (effective 2026-01-01; formerly BUSL-1.1),root LICENSE.txt and COPYING,high,
pkg/synology/dsm6-pkg/scripts/preinst,100644,17,306c6ca7407560340797866e077e053627ad409277d1b9da58106fce4cf717cb,"POSIX shell script, ASCII text executable",Bash,False,scanned,NONE,Apache-2.0 (effective 2026-01-01; formerly BUSL-1.1),root LICENSE.txt and COPYING,high,
pkg/synology/dsm6-pkg/scripts/preuninst,100644,18,a22b39ba67059f012c3964439401939238cbea01b166aa3c1268105039e246d7,"POSIX shell script, ASCII text executable",Bash,False,scanned,NONE,Apache-2.0 (effective 2026-01-01; formerly BUSL-1.1),root LICENSE.txt and COPYING,high,
pkg/synology/dsm6-pkg/scripts/preupgrade,100644,17,306c6ca7407560340797866e077e053627ad409277d1b9da58106fce4cf717cb,"POSIX shell script, ASCII text executable",Bash,False,scanned,NONE,Apache-2.0 (effective 2026-01-01; formerly BUSL-1.1),root LICENSE.txt and COPYING,high,
pkg/synology/dsm6-pkg/service-setup.sh,100644,199,fe23cf7317d35168c11a81bcb18d5e72239819e307a708abf7d40eb31c3f6d4b,ASCII text,Bash,False,scanned,NONE,Apache-2.0 (effective 2026-01-01; formerly BUSL-1.1),root LICENSE.txt and COPYING,high,
pkg/synology/dsm6-pkg/start-stop-status.sh,100755,3904,a423e1e2b13b06d130dce6672883916292ea8f0b9d132581687de6c1eb50059a,"POSIX shell script, ASCII text executable",Bash,False,scanned,NONE,Apache-2.0 (effective 2026-01-01; formerly BUSL-1.1),root LICENSE.txt and COPYING,high,
pkg/synology/dsm7-docker/Dockerfile,100644,845,6b8c27e425b74da3d14c1e9c0ff088746aa02af0556dd03e13012c17c4f6739f,ASCII text,,False,scanned,NONE,Apache-2.0 (effective 2026-01-01; formerly BUSL-1.1),root LICENSE.txt and COPYING,high,
pkg/synology/dsm7-docker/README.md,100644,202,ffb3deed120e317b1b637f869f0a92d056e4bce3d2c5728b49884c2b1bcbbf54,ASCII text,,False,scanned,NONE,Apache-2.0 (effective 2026-01-01; formerly BUSL-1.1),root LICENSE.txt and COPYING,high,
pkg/synology/dsm7-docker/build.sh,100755,468,69d9ee3fa0444528c2a21bfeb4cf2f33747c8cefcf9fdaa18cafe0db95d88bd5,"Bourne-Again shell script, ASCII text executable",Bash,False,scanned,NONE,Apache-2.0 (effective 2026-01-01; formerly BUSL-1.1),root LICENSE.txt and COPYING,high,
pkg/synology/dsm7-docker/entrypoint.sh,100755,2323,a233a02c56c7c6e54849cc8b148ab122e3bc74f7601dc1a8f59d4c9ff01a443d,"Bourne-Again shell script, ASCII text executable",Bash,False,scanned,NONE,Apache-2.0 (effective 2026-01-01; formerly BUSL-1.1),root LICENSE.txt and COPYING,high,
pkg/synology/syn-pkg-entrypoint.sh,100755,978,6644914361b6d3468a4a9e6da45226d051712506e967043f3f2532a04de451f0,"Bourne-Again shell script, ASCII text executable",Bash,False,scanned,NONE,Apache-2.0 (effective 2026-01-01; formerly BUSL-1.1),root LICENSE.txt and COPYING,high,
pkg/wd/Dockerfile,100644,137,868c01973b105ef01fda2dae1d088aff1c95b4affa1210fc6d5292b736de9071,ASCII text,,False,scanned,NONE,Apache-2.0 (effective 2026-01-01; formerly BUSL-1.1),root LICENSE.txt and COPYING,high,
pkg/wd/build.sh,100755,138,43958235d0e3e7bc770460499fba36f89dfd5b513f052d9dbd09e6a150e6d828,"Bourne-Again shell script, ASCII text executable",Bash,False,scanned,NONE,Apache-2.0 (effective 2026-01-01; formerly BUSL-1.1),root LICENSE.txt and COPYING,high,
pkg/wd/entrypoint.sh,100755,1815,a5a39c51fe102b30fc7b4a69a6d0ce072f3244e75d179778a056f5b780f8dadc,"POSIX shell script, ASCII text executable",Bash,False,scanned,NONE,Apache-2.0 (effective 2026-01-01; formerly BUSL-1.1),root LICENSE.txt and COPYING,high,
pkg/wd/zerotier/apkg.rc,100644,394,47b2eea6059454dfcf73ac13911d92296bd7a1d990650f46c2f927c8764ce7df,ASCII text,,False,scanned,NONE,Apache-2.0 (effective 2026-01-01; formerly BUSL-1.1),root LICENSE.txt and COPYING,high,
pkg/wd/zerotier/apkg.xml,100644,1003,b11c0f86e59281deed456ae1a45bb1da3c29964ee7b1453db0693ea902bea619,"XML 1.0 document, ASCII text",,False,scanned,NONE,Apache-2.0 (effective 2026-01-01; formerly BUSL-1.1),root LICENSE.txt and COPYING,high,
pkg/wd/zerotier/clean.sh,100755,182,d33babf50ff3cf3ad83dde153ee561feefe3db0010f654a164a29f553946d664,"POSIX shell script, ASCII text executable",Bash,False,scanned,NONE,Apache-2.0 (effective 2026-01-01; formerly BUSL-1.1),root LICENSE.txt and COPYING,high,
pkg/wd/zerotier/init.sh,100755,425,abc2626a43bbbbb10ef2ba550b5412256f76bb8717b74e1ce5e2d6026c6eb5fb,"POSIX shell script, ASCII text executable",Bash,False,scanned,NONE,Apache-2.0 (effective 2026-01-01; formerly BUSL-1.1),root LICENSE.txt and COPYING,high,
pkg/wd/zerotier/install.sh,100755,58,d7b7d1dd957701aeb7d049aa91d3bd1c55510c77518487bf5b6de46f8f685514,"POSIX shell script, ASCII text executable",Bash,False,scanned,NONE,Apache-2.0 (effective 2026-01-01; formerly BUSL-1.1),root LICENSE.txt and COPYING,high,
pkg/wd/zerotier/preinst.sh,100755,10,a8076d3d28d21e02012b20eaf7dbf75409a6277134439025f282e368e3305abf,"POSIX shell script, ASCII text executable",Bash,False,scanned,NONE,Apache-2.0 (effective 2026-01-01; formerly BUSL-1.1),root LICENSE.txt and COPYING,high,
pkg/wd/zerotier/remove.sh,100755,204,59c184adb73ab405b1cd5bef45a6b3d74b4095809690e0a05daf86510c5ae7e9,"POSIX shell script, ASCII text executable",Bash,False,scanned,NONE,Apache-2.0 (effective 2026-01-01; formerly BUSL-1.1),root LICENSE.txt and COPYING,high,
pkg/wd/zerotier/start.sh,100755,36,8ecd6f962c93ec80608e08eec62d21783bf5335c5f704704e88d19da3d0ed911,"POSIX shell script, ASCII text executable",Bash,False,scanned,NONE,Apache-2.0 (effective 2026-01-01; formerly BUSL-1.1),root LICENSE.txt and COPYING,high,
pkg/wd/zerotier/stop.sh,100755,33,a4de7a8cc9b4d916a14d3d5fb83e41b0652d898dfdba771ac0a50d5436c639f9,"POSIX shell script, ASCII text executable",Bash,False,scanned,NONE,Apache-2.0 (effective 2026-01-01; formerly BUSL-1.1),root LICENSE.txt and COPYING,high,
pkg/wd/zerotier/web/index.html,100644,2263,e0af16359cfbca4180a76d1ada080449ed303e919877fc22e99de8814946c828,"HTML document, ASCII text, with very long lines",HTML,False,scanned,NONE,Apache-2.0 (effective 2026-01-01; formerly BUSL-1.1),root LICENSE.txt and COPYING,high,
pkg/wd/zerotier/web/zerotier.png,100644,48062,070e74d34828affc4214e6f3dc3d139ce6127a13f1b1a6c1f76ef99e9ef4be0a,"PNG image data, 87 x 87, 8-bit/color RGBA, non-interlaced",,True,scanned,NONE,Apache-2.0 (effective 2026-01-01; formerly BUSL-1.1),root LICENSE.txt and COPYING,high,
pkg/wd/zerotier/zerotier.png,100644,48062,070e74d34828affc4214e6f3dc3d139ce6127a13f1b1a6c1f76ef99e9ef4be0a,"PNG image data, 87 x 87, 8-bit/color RGBA, non-interlaced",,True,scanned,NONE,Apache-2.0 (effective 2026-01-01; formerly BUSL-1.1),root LICENSE.txt and COPYING,high,
rule-compiler/README.md,100644,471,36a1d0992ca733b08619ed33544847b6868c530d144b44afcc55c8678ed00454,ASCII text,,False,scanned,NONE,Apache-2.0 (effective 2026-01-01; formerly BUSL-1.1),root LICENSE.txt and COPYING,high,
rule-compiler/cli.js,100644,996,0f643f8a91a8ea0c2351aaa83aa57279b5d9e9fb28c2bc54448bf7f8522cbf2c,ASCII text,JavaScript,False,scanned,NONE,Apache-2.0 (effective 2026-01-01; formerly BUSL-1.1),root LICENSE.txt and COPYING,high,
rule-compiler/examples/capabilities-and-tags.ztrules,100644,817,06500561d77943060f76a2af6d41dc4c412af38b1fc8df2d0dd3fcf64044ecfb,ASCII text,,False,scanned,NONE,Apache-2.0 (effective 2026-01-01; formerly BUSL-1.1),root LICENSE.txt and COPYING,high,
rule-compiler/package.json,100644,433,d71685744c4b10dd1a7921b04178454b48a9337b0f9160daa4420287b8890a4e,JSON data,,False,scanned,GPL-2.0-only,Apache-2.0 (effective 2026-01-01; formerly BUSL-1.1),root LICENSE.txt and COPYING,high,
rule-compiler/rule-compiler.js,100644,31265,f589412b44e382d5a8e32c553af62628d8199992dceedbc7507ea8e8e423fa62,"ASCII text, with very long lines",JavaScript,False,scanned,Apache-2.0,Apache-2.0 (effective 2026-01-01; formerly BUSL-1.1),root LICENSE.txt and COPYING,high,
rustybits/Cargo.lock,100644,92832,005d55f1dcd4dc23c12e98cc1b06187d99ad7965e714dc696317f08664f3ebf8,ASCII text,,False,scanned,NONE,Apache-2.0 (effective 2026-01-01; formerly BUSL-1.1),root LICENSE.txt and COPYING,high,
rustybits/Cargo.toml,100644,102,c0594cc668b2bdadc3045da38117385e82efa925ef678f397ac70dfe47eb8741,ASCII text,,False,scanned,NONE,Apache-2.0 (effective 2026-01-01; formerly BUSL-1.1),root LICENSE.txt and COPYING,high,
rustybits/rustfmt.toml,100644,381,0971cf9435554bd7498c801c9e035c84a0997d32354098f0f4931750d7b08bd9,ASCII text,,False,scanned,NONE,Apache-2.0 (effective 2026-01-01; formerly BUSL-1.1),root LICENSE.txt and COPYING,high,
rustybits/smeeclient/Cargo.toml,100644,726,330738feae25bf38d4cc096dc86ea057088fd4a6bb8d4a79850d686f321462a4,ASCII text,,False,scanned,NONE,Apache-2.0 (effective 2026-01-01; formerly BUSL-1.1),root LICENSE.txt and COPYING,high,
rustybits/smeeclient/build.rs,100644,1024,69437a1cf9d65eee6f0024727fbb414d3b700ef6e7d6fd5684ea9e81cd88295f,"C source, ASCII text",Rust,False,scanned,NONE,Apache-2.0 (effective 2026-01-01; formerly BUSL-1.1),root LICENSE.txt and COPYING,high,
rustybits/smeeclient/rustfmt.toml,120000,15,a82478f62a37cc4855978ddfb63b9d0dc34430e17383041b3669308670551866,symbolic link,,True,scope-only,NONE,Apache-2.0 (effective 2026-01-01; formerly BUSL-1.1),root LICENSE.txt and COPYING,high,
rustybits/smeeclient/src/ext.rs,100644,2261,3744262daa62e934ac498ebc6d4caf8ec4570f44dbbe180a2507c36cde08305a,ASCII text,Rust,False,scanned,Apache-2.0,Apache-2.0 (effective 2026-01-01; formerly BUSL-1.1),root LICENSE.txt and COPYING,high,
rustybits/smeeclient/src/lib.rs,100644,3327,f5b222d3e8f34413f5acbd1f4589f0515b861106e792ddb5f1cb2cf81f480521,ASCII text,Rust,False,scanned,Apache-2.0,Apache-2.0 (effective 2026-01-01; formerly BUSL-1.1),root LICENSE.txt and COPYING,high,
rustybits/zeroidc.vcxproj,100644,8510,6e36b108d5d1679685491b445171895394354b89861b8d27098802557cef2679,"XML 1.0 document, ASCII text",,False,scanned,NONE,Apache-2.0 (effective 2026-01-01; formerly BUSL-1.1),root LICENSE.txt and COPYING,high,
rustybits/zeroidc.vcxproj.filters,100644,1153,d02417643b32b43b2b9059c8df88a91f7114f1ac90906c9efbb596390bbe142c,"XML 1.0 document, UTF-8 Unicode (with BOM) text",,False,scanned,NONE,Apache-2.0 (effective 2026-01-01; formerly BUSL-1.1),root LICENSE.txt and COPYING,high,
rustybits/zeroidc/.cargo/config.toml,100644,334,3f983c5f4ffd07ac081f12c7434d62bfad2d7dee25cea36e64239d3dc6f7fb9c,ASCII text,,False,scanned,NONE,Apache-2.0 (effective 2026-01-01; formerly BUSL-1.1),root LICENSE.txt and COPYING,high,
rustybits/zeroidc/.gitattributes,100644,90,c656384f34746d935d07a9fc0e21debddf709ee2b28a363b3653e135033991dc,unscanned Git metadata,,False,scope-only,NONE,Apache-2.0 (effective 2026-01-01; formerly BUSL-1.1),root LICENSE.txt and COPYING,high,
rustybits/zeroidc/Cargo.toml,100644,587,e4b5cbb6a44c24c85ade4594571b1248035c8c1cea0663e72b6596c38d2e5a9c,ASCII text,,False,scanned,NONE,Apache-2.0 (effective 2026-01-01; formerly BUSL-1.1),root LICENSE.txt and COPYING,high,
rustybits/zeroidc/build.rs,100644,1021,41626492980a35d6c42a936434f7cad51fc8d7420a5108de6593e4f7af90eb1b,"C source, ASCII text",Rust,False,scanned,NONE,Apache-2.0 (effective 2026-01-01; formerly BUSL-1.1),root LICENSE.txt and COPYING,high,
rustybits/zeroidc/rustfmt.toml,120000,15,a82478f62a37cc4855978ddfb63b9d0dc34430e17383041b3669308670551866,symbolic link,,True,scope-only,NONE,Apache-2.0 (effective 2026-01-01; formerly BUSL-1.1),root LICENSE.txt and COPYING,high,
rustybits/zeroidc/src/error.rs,100644,871,f10fa62889c63b1b982d942a995e6800a5348d20404a7488dd013e65d93f0e83,ASCII text,Rust,False,scanned,Apache-2.0,Apache-2.0 (effective 2026-01-01; formerly BUSL-1.1),root LICENSE.txt and COPYING,high,
rustybits/zeroidc/src/ext.rs,100644,8609,a34d756ee166fc5364fe0e0ba7fb14a8bab382b7302facbe1e77829d6d2c0986,ASCII text,Rust,False,scanned,Apache-2.0,Apache-2.0 (effective 2026-01-01; formerly BUSL-1.1),root LICENSE.txt and COPYING,high,
rustybits/zeroidc/src/lib.rs,100644,29714,96ad00c54031cfd3e82d0d310b6eccc10a148f2bc39c27970b94aa8e780e60a6,"C source, ASCII text",Rust,False,scanned,Apache-2.0,Apache-2.0 (effective 2026-01-01; formerly BUSL-1.1),root LICENSE.txt and COPYING,high,
selftest.cpp,100644,119797,8fe5eb0554c6084de6c3f5953bfb5266b69ce90b2076da7df11e80ca95070239,"C source, ASCII text, with very long lines",C++,False,scanned,Apache-2.0,Apache-2.0 (effective 2026-01-01; formerly BUSL-1.1),root LICENSE.txt and COPYING,high,
service/OneService.cpp,100644,139044,eb647cb3fd73c017e224d19c6fa9fa3dfda73733177bc6a3e6735363f47b1a87,"C++ source, ASCII text, with very long lines",C++,False,scanned,Apache-2.0,Apache-2.0 (effective 2026-01-01; formerly BUSL-1.1),root LICENSE.txt and COPYING,high,
service/OneService.hpp,100644,4827,47872f6564f8f530beeac04da5b5a1090f0cd621847df97b1029a0059c2f736f,"C++ source, ASCII text",C++,False,scanned,Apache-2.0,Apache-2.0 (effective 2026-01-01; formerly BUSL-1.1),root LICENSE.txt and COPYING,high,
service/README.md,100644,13489,19746572bfff107048371b1c0331c0383f46f85793bff033733d49979994bd55,"ASCII text, with very long lines",,False,scanned,NONE,Apache-2.0 (effective 2026-01-01; formerly BUSL-1.1),root LICENSE.txt and COPYING,high,
service/SoftwareUpdater.cpp,100644,17050,9a9c17d91c13b0beac1236de55e1e61b193b464f15360677eff73de8c2ffbb5b,"C++ source, ASCII text",C++,False,scanned,Apache-2.0,Apache-2.0 (effective 2026-01-01; formerly BUSL-1.1),root LICENSE.txt and COPYING,high,
service/SoftwareUpdater.hpp,100644,5313,76aa1431a5c5801098439cda628e74b4ea889095380585d18dac35dbb7616d47,"C++ source, ASCII text",C++,False,scanned,Apache-2.0,Apache-2.0 (effective 2026-01-01; formerly BUSL-1.1),root LICENSE.txt and COPYING,high,
tcp-proxy/Makefile,100644,319,cac04ace44ac97fac72236a4d922b9baef6b34a4f3b7c21526f4b74fa3dc7c97,"makefile script, ASCII text",,False,scanned,NONE,Apache-2.0 (effective 2026-01-01; formerly BUSL-1.1),root LICENSE.txt and COPYING,high,
tcp-proxy/README.md,100644,1593,9bcae75dc849d5be28b6a5a868ed8b16cd944ff0f3e37321c91dc0459c659f00,ASCII text,,False,scanned,NONE,Apache-2.0 (effective 2026-01-01; formerly BUSL-1.1),root LICENSE.txt and COPYING,high,
tcp-proxy/tcp-proxy.cpp,100644,10405,c7a6709d5efa277a0a74600ba0a0abdb6aeaa2b6573a54e5cc7e68032306da64,"C source, ASCII text",C++,False,scanned,GPL-3.0-or-later,GPL-3.0-or-later,direct ScanCode detection,high,
tcp-proxy/zerotier-proxy.service,100644,257,fe5176b5b6baeeefc967b4f2280534df0afbfe2824ec01c497a18f895cd4a647,ASCII text,,False,scanned,NONE,Apache-2.0 (effective 2026-01-01; formerly BUSL-1.1),root LICENSE.txt and COPYING,high,
update_controllers.sh,100755,608,66e3162f43c1acb6996bbaafde1d7c1719629c44b95b8d18097893c3190155c9,"Bourne-Again shell script, ASCII text executable",Bash,False,scanned,NONE,Apache-2.0 (effective 2026-01-01; formerly BUSL-1.1),root LICENSE.txt and COPYING,high,
version.h,100644,1006,9fc0f0ceb4fe2d1c0ec62da6382c6a0f6d2765dc39874d6e9457e7bae20ce394,"C source, ASCII text",C,False,scanned,Apache-2.0,Apache-2.0 (effective 2026-01-01; formerly BUSL-1.1),root LICENSE.txt and COPYING,high,
windows-clean.bat,100644,340,6a2a6f00c7472b79beec3b66634ad508e31681c3246d46d275ce12d0073d8b8f,ASCII text,Batchfile,False,scanned,NONE,Apache-2.0 (effective 2026-01-01; formerly BUSL-1.1),root LICENSE.txt and COPYING,high,
windows/README.md,100644,1263,ba25c3b2b646a5bcf2524522cae28de9c61d06f9f8f12c82606931ac5eab1912,ASCII text,,False,scanned,NONE,Apache-2.0 (effective 2026-01-01; formerly BUSL-1.1),root LICENSE.txt and COPYING,high,
windows/TapDriver6/TapDriver6.vcxproj,100644,16577,edbb6a33cb3da556bd5d65aeef1b827879a45d0ece5460fa1e3866c71739c327,"XML 1.0 document, UTF-8 Unicode (with BOM) text, with very long lines, with CRLF line terminators",,False,scanned,NONE,GPL-2.0-only,GPLv2 file headers and driver subtree context,high,
windows/TapDriver6/TapDriver6.vcxproj.filters,100644,3508,a782d2ba71b74a00d0d03d53d3a9da4013d8d9ff96864dfbe7c7973d66145f56,"XML 1.0 document, UTF-8 Unicode (with BOM) text",,False,scanned,NONE,GPL-2.0-only,GPLv2 file headers and driver subtree context,high,
windows/TapDriver6/adapter.c,100644,54401,12ded99b773cee1e1edaff3c9e29ab7a2bf28d2679f15cc4ed33e52f805c0f5a,"C source, ASCII text",C,False,scanned,GPL-1.0-or-later,GPL-2.0-only,GPLv2 file headers and driver subtree context,high,
windows/TapDriver6/adapter.h,100644,12426,e67b87c57ae238797d3a89d43fb98ea106a80264823c160887bc003cc704e6b5,"C source, ASCII text",C,False,scanned,GPL-1.0-or-later AND GPL-2.0-only,GPL-2.0-only,GPLv2 file headers and driver subtree context,high,
windows/TapDriver6/config.h,100644,383,1263de79fa4c14cc20ab8cebb50fb4786972aa73af6b9ee85fa4beafc939c802,ASCII text,C,False,scanned,NONE,GPL-2.0-only,GPLv2 file headers and driver subtree context,high,
windows/TapDriver6/constants.h,100644,8312,f46a1e55edff0098f9c8b34b4d1fb159218434b0720140f6adc59cc9e3351958,"C source, ASCII text",C,False,scanned,GPL-1.0-or-later AND GPL-2.0-only,GPL-2.0-only,GPLv2 file headers and driver subtree context,high,
windows/TapDriver6/device.c,100644,36626,105a07adb6ec2bb915870c535a699767338b25003f17107f1858b231db7e1ef3,"C source, ASCII text",C,False,scanned,GPL-1.0-or-later AND GPL-2.0-only,GPL-2.0-only,GPLv2 file headers and driver subtree context,high,
windows/TapDriver6/device.h,100644,1743,e374d0678e0b92b49ea29bf62f9f7524dee09f75e2102b299f4f7b551ea4597c,"C source, ASCII text",C,False,scanned,GPL-1.0-or-later AND GPL-2.0-only,GPL-2.0-only,GPLv2 file headers and driver subtree context,high,
windows/TapDriver6/endian.h,100644,1360,05382d8fd814febd8b4b755d22341e96171c416e466cf2161297eecc08c0d9ad,"C source, ASCII text",C,False,scanned,GPL-1.0-or-later AND GPL-2.0-only,GPL-2.0-only,GPLv2 file headers and driver subtree context,high,
windows/TapDriver6/error.c,100644,10172,2f93d7bf238ad5613ec560c52629f6354d39e4c883f4b37d0777f905f230ab6e,"C source, ASCII text",C,False,scanned,GPL-1.0-or-later AND GPL-2.0-only,GPL-2.0-only,GPLv2 file headers and driver subtree context,high,
windows/TapDriver6/error.h,100644,2748,f3cce48d1eeadc21c8defafc954cc2a3fd813948a1cb1a1cd29d7e830f6192f7,"C source, ASCII text",C,False,scanned,GPL-1.0-or-later AND GPL-2.0-only,GPL-2.0-only,GPLv2 file headers and driver subtree context,high,
windows/TapDriver6/hexdump.h,100644,2074,345efa08e7e7b7512ff43a54a0ffdc06d883a2ccebc19007f235b9ef4ffbc8a4,"C source, ASCII text",C,False,scanned,GPL-1.0-or-later AND GPL-2.0-only,GPL-2.0-only,GPLv2 file headers and driver subtree context,high,
windows/TapDriver6/lock.h,100644,3282,d47d6a6d1af22cfc7df5bdf65ae86bfaf6ceb2778fd9291e3cf4298b4e7b0045,ASCII text,C,False,scanned,GPL-1.0-or-later,GPL-2.0-only,GPLv2 file headers and driver subtree context,high,
windows/TapDriver6/macinfo.c,100644,4381,d1c7693e21e45706f51fe8d64f0988d40b63438a9f12adb38e60dea3c2b11d63,"C source, ASCII text",C,False,scanned,GPL-1.0-or-later AND GPL-2.0-only,GPL-2.0-only,GPLv2 file headers and driver subtree context,high,
windows/TapDriver6/macinfo.h,100644,1883,092c5b2de7890bc7324506cbb8229a6324055eaf7b4dfb296b5cdc9f689a56bf,"C source, ASCII text",C,False,scanned,GPL-1.0-or-later AND GPL-2.0-only,GPL-2.0-only,GPLv2 file headers and driver subtree context,high,
windows/TapDriver6/mem.c,100644,9642,0cc9a83e5ac89364269522e22490d4c719d91f95da6e03b3a9486134f718a6c2,"C source, ASCII text",C,False,scanned,GPL-1.0-or-later AND GPL-2.0-only,GPL-2.0-only,GPLv2 file headers and driver subtree context,high,
windows/TapDriver6/mem.h,100644,2923,32aefbb2c7e32a067cebe57d71e5092c379aeed9edd89b012ca8c01a2375f11d,"C source, ASCII text",C,False,scanned,GPL-1.0-or-later AND GPL-2.0-only,GPL-2.0-only,GPLv2 file headers and driver subtree context,high,
windows/TapDriver6/oidrequest.c,100644,31720,2101130338dcd3096cafc5117eaa9bcd31a0f81fa15e8f02889ebf1c14b277ef,"C source, ASCII text",C,False,scanned,GPL-1.0-or-later AND GPL-2.0-only,GPL-2.0-only,GPLv2 file headers and driver subtree context,high,
windows/TapDriver6/proto.h,100644,5898,84ef1ce6d1d5b1355cf64e54f456662071ea4ddade2f9abd234430b2cb242ad1,"C source, ASCII text",C,False,scanned,GPL-1.0-or-later,GPL-2.0-only,GPLv2 file headers and driver subtree context,high,
windows/TapDriver6/prototypes.h,100644,2199,175016d8f1ec0dc59e8ed8b2f7684f6cdae9e4e3a3694ef8c03f8a7b1bfa4734,"C source, ASCII text",C,False,scanned,GPL-1.0-or-later AND GPL-2.0-only,GPL-2.0-only,GPLv2 file headers and driver subtree context,high,
windows/TapDriver6/resource.h,100644,71866,1ea6bfd2af5efa5fa831a6592c06781436c4065662132961f2f273897156f9a1,ASCII text,C,False,scanned,NONE,GPL-2.0-only,GPLv2 file headers and driver subtree context,high,
windows/TapDriver6/resource.rc,100644,1959,cecf4f6afcb09bb239d98d1dc58be8586aa5c40a7b2b7755134b62b2590d3046,"C source, ASCII text",,False,scanned,NONE,GPL-2.0-only,GPLv2 file headers and driver subtree context,high,
windows/TapDriver6/rxpath.c,100644,22256,b2ee0a5b10287ae1d71e5d9e18c7217d67d1e71ae2f41a1b7fb52e0d5ed6dfcc,"C source, ASCII text",C,False,scanned,GPL-1.0-or-later AND GPL-2.0-only,GPL-2.0-only,GPLv2 file headers and driver subtree context,high,
windows/TapDriver6/tap-windows.h,100644,3287,fb7e189f56d6b17bc33551ad2d5e49d28b479b39b0446b250ccddf0c6b738a29,"C source, ASCII text",C,False,scanned,GPL-1.0-or-later,GPL-2.0-only,GPLv2 file headers and driver subtree context,high,
windows/TapDriver6/tap.h,100644,2741,556a17708a60695c267fe48510bb1fa10a7e4642f28ff602c368424d3e04ae2e,"C source, ASCII text",C,False,scanned,GPL-1.0-or-later AND GPL-2.0-only,GPL-2.0-only,GPLv2 file headers and driver subtree context,high,
windows/TapDriver6/tapdrvr.c,100644,7640,ee2c65ef6901e1c77e1dc2c79d9eb92f00561decd56eeeb0a3d2b3d677ad0632,"C source, ASCII text",C,False,scanned,GPL-1.0-or-later,GPL-2.0-only,GPLv2 file headers and driver subtree context,high,
windows/TapDriver6/txpath.c,100644,35557,142327fb3a2c65724c00c2e5979a9e1104004e2daab6b5d4c1182d25accd47b2,"C source, ASCII text",C,False,scanned,GPL-1.0-or-later AND GPL-2.0-only,GPL-2.0-only,GPLv2 file headers and driver subtree context,high,
windows/TapDriver6/types.h,100644,2656,5dd727203edbb061fc25efb7fc6080b0a71d906e30b4a97f124c5e11c5495ba0,"C source, ASCII text",C,False,scanned,GPL-1.0-or-later,GPL-2.0-only,GPLv2 file headers and driver subtree context,high,
windows/TapDriver6/zttap300.inf,100644,5255,10d763a5d3ef4233b1e0c6131b155fcb0f49564a7a0e94336bfc4a02b2f60dbf,Windows setup INFormation,,False,scanned,GPL-2.0-only,GPL-2.0-only,GPLv2 file headers and driver subtree context,high,
windows/ZeroTierOne.sln,100644,9138,a0b1f7ebcded73b56b9fc2170806e775c248d275897e7335cff2fb8c0b2b92bb,"UTF-8 Unicode (with BOM) text, with CRLF line terminators",,False,scanned,NONE,Apache-2.0 (effective 2026-01-01; formerly BUSL-1.1),root LICENSE.txt and COPYING,high,
windows/ZeroTierOne/ServiceBase.cpp,100644,16705,709d0efba9eca4f803d9daba7c1638bfa0077544762ff901ca608e0398cd3955,"C source, ASCII text",C++,False,scanned,MS-PL,MS-PL,direct ScanCode detection,high,
windows/ZeroTierOne/ServiceBase.h,100644,4279,6ad58002cd6203f29c213742dedd8e7cccd4dd9325f071edc36f4a7d0814f0e5,"C++ source, ASCII text",C,False,scanned,MS-PL,MS-PL,direct ScanCode detection,high,
windows/ZeroTierOne/ServiceInstaller.cpp,100644,6296,ce06413e22825c78283ef57340908aef084eaf4f10561f328bce050072245f09,"C source, ASCII text",C++,False,scanned,MS-PL,MS-PL,direct ScanCode detection,high,
windows/ZeroTierOne/ServiceInstaller.h,100644,2540,08117db98104db50a0b5916700c6ef4515cf4630f73de140bc178642a40a8c0d,"C source, ASCII text",C,False,scanned,MS-PL,MS-PL,direct ScanCode detection,high,
windows/ZeroTierOne/ZeroTierOne.aps,100644,19308,431ea4a745005a3f7c36f297f0bd12503d940a8f5161d667876885ecbf1efbdb,MSVC .res,,True,scanned,NONE,Apache-2.0 (effective 2026-01-01; formerly BUSL-1.1),root LICENSE.txt and COPYING,high,
windows/ZeroTierOne/ZeroTierOne.rc,100644,2664,d0abf06134d375efaad1398adc6a1470b5639120ac582f60dc14b407c58ef4e6,"C source, Little-endian UTF-16 Unicode text, with CRLF line terminators",,False,scanned,NONE,Apache-2.0 (effective 2026-01-01; formerly BUSL-1.1),root LICENSE.txt and COPYING,high,
windows/ZeroTierOne/ZeroTierOne.vcxproj,100644,43609,48a07c502fe3db061f4f168734b5901e3e1db74bc0ff8021613ca7b3a1562f03,"XML 1.0 document, UTF-8 Unicode (with BOM) text, with CRLF line terminators",,False,scanned,NONE,Apache-2.0 (effective 2026-01-01; formerly BUSL-1.1),root LICENSE.txt and COPYING,high,
windows/ZeroTierOne/ZeroTierOne.vcxproj.filters,100644,23350,8f54780f9758456935f8015f113589688b7a6f604e783c6f6c29bb09b16dffe6,"XML 1.0 document, UTF-8 Unicode (with BOM) text, with CRLF line terminators",,False,scanned,NONE,Apache-2.0 (effective 2026-01-01; formerly BUSL-1.1),root LICENSE.txt and COPYING,high,
windows/ZeroTierOne/ZeroTierOneService.cpp,100644,4136,1d9c63048339dae90d9fba57d1dcbf86efda24c2828715dc3e2d2c66af0f1d44,"C source, ASCII text",C++,False,scanned,Apache-2.0,Apache-2.0 (effective 2026-01-01; formerly BUSL-1.1),root LICENSE.txt and COPYING,high,
windows/ZeroTierOne/ZeroTierOneService.h,100644,1753,6452422faeeb5d1a67cf2ea660d4c2b817c4cad8f6bcd9a13c961df87e83fa9b,"C++ source, ASCII text",C,False,scanned,Apache-2.0,Apache-2.0 (effective 2026-01-01; formerly BUSL-1.1),root LICENSE.txt and COPYING,high,
windows/ZeroTierOne/resource.h,100644,391,7c559968813a3954731b89c145351300a3264b38e22510e00487f3c1b93d71ed,"C source, ASCII text",C,False,scanned,NONE,Apache-2.0 (effective 2026-01-01; formerly BUSL-1.1),root LICENSE.txt and COPYING,high,
windows/ZeroTierOneSDK.sln,100644,1324,852b72b5bbc244b5a658eb44ab700c7fa00265bfeb18df59b760771d7c4df2cd,"UTF-8 Unicode (with BOM) text, with CRLF line terminators",,False,scanned,NONE,Apache-2.0 (effective 2026-01-01; formerly BUSL-1.1),root LICENSE.txt and COPYING,high,
windows/ZeroTierOneSDK/ZeroTierOneSDK.vcxproj,100644,14518,48ff16a0656f862ee00930472478c14361bee4f7990158e414cb24b3fedd8cd2,"XML 1.0 document, UTF-8 Unicode (with BOM) text, with CRLF line terminators",,False,scanned,NONE,Apache-2.0 (effective 2026-01-01; formerly BUSL-1.1),root LICENSE.txt and COPYING,high,
windows/ZeroTierOneSDK/ZeroTierOneSDK.vcxproj.filters,100644,8686,2a7a7312feac2236c7bbde13215e4fcb487de55b3ea9884482bb69c16fe04737,"XML 1.0 document, UTF-8 Unicode (with BOM) text, with CRLF line terminators",,False,scanned,NONE,Apache-2.0 (effective 2026-01-01; formerly BUSL-1.1),root LICENSE.txt and COPYING,high,
windows/ZeroTierOneSDK/dllmain.cpp,100644,552,71a5befbd837a35f65132a5aee58da2df4d6df59481a4a74b62c1d87f1c1151f,"C source, ASCII text, with CRLF line terminators",C++,False,scanned,NONE,Apache-2.0 (effective 2026-01-01; formerly BUSL-1.1),root LICENSE.txt and COPYING,high,
windows/ZeroTierOneSDK/targetver.h,100644,314,a2761fdbd4c8925741ddea678ee8398de930207e447666bc6a76d5f72684c04f,"C source, ASCII text, with CRLF line terminators",C,False,scanned,NONE,Apache-2.0 (effective 2026-01-01; formerly BUSL-1.1),root LICENSE.txt and COPYING,high,
windows/packages/.gitignore,100644,34,56190cd723a38cb72d4675d72254a264c6c1f15fa0c59e722574a711de3973b4,unscanned Git metadata,,False,scope-only,NONE,Apache-2.0 (effective 2026-01-01; formerly BUSL-1.1),root LICENSE.txt and COPYING,high,
windows/packages/repositories.config,100644,121,66c4338d8ec4d66d58cfcdc316963707f95e3238e170005837410c473fa630f4,"XML 1.0 document, UTF-8 Unicode (with BOM) text",,False,scanned,NONE,Apache-2.0 (effective 2026-01-01; formerly BUSL-1.1),root LICENSE.txt and COPYING,high,
zerotier-cli-completion.bash,100644,1388,1cb9bd9eede4d23f8c4f461c8199d0dec7187dc247b330edf205c26ea4bc5739,ASCII text,Bash,False,scanned,NONE,Apache-2.0 (effective 2026-01-01; formerly BUSL-1.1),root LICENSE.txt and COPYING,high,
zerotier-one.spec,100644,9779,f0550b4bf587b958aa35dbfda571bff2d1db09709d5d54954bf3cf0aba34e568,UTF-8 Unicode text,,False,scanned,NONE,Apache-2.0 (effective 2026-01-01; formerly BUSL-1.1),root LICENSE.txt and COPYING,high,
